id,student_id,class_id,date,status
64ce6935-a525-49ad-a907-a34b09e3163e,b2a4465b-4171-40f8-84bf-3823c288eaeb,d6a052bc-8581-4132-b2cd-b7566457753b,2025-12-03,present
ad73453c-77fd-4d38-bd70-7fe01ae4c0ad,e6598944-8a9c-4e86-9ab2-abf8934dd52d,d6a052bc-8581-4132-b2cd-b7566457753b,2025-12-03,present
588822c6-a4d3-48d2-a074-371fc67415f0,4e5f93d9-4097-4778-a042-e4b1478e1d6a,d6a052bc-8581-4132-b2cd-b7566457753b,2025-12-03,present
1d374f69-0d0f-43c3-b8a6-1bd514c33da8,89e5e760-8205-4b37-aa57-9e84196b2ebc,d6a052bc-8581-4132-b2cd-b7566457753b,2025-12-03,absent
cd3086d2-fd11-44c1-813f-3d3cf702bdf0,a58c390c-655e-40f5-bf6b-c77e56d0f722,d6a052bc-8581-4132-b2cd-b7566457753b,2025-12-03,present
569680e7-57e8-4154-b68c-b9422a88734c,2aca9039-4fbe-40d2-8d57-2f6a0821c203,d6a052bc-8581-4132-b2cd-b7566457753b,2025-12-03,present
ec91a14b-54ad-461d-abec-20eb51354317,acb854f8-aba5-4023-bf1d-449013cb3448,d6a052bc-8581-4132-b2cd-b7566457753b,2025-12-03,present
bf32f587-af04-4fb1-96ab-b701ba5afc5c,37d70e87-1953-4cda-ae45-29aef9a0af82,d6a052bc-8581-4132-b2cd-b7566457753b,2025-12-03,present
579963f3-38fe-407c-8e9f-036099a4d55d,17f1e371-0469-4158-88f6-c638655f6a6a,d6a052bc-8581-4132-b2cd-b7566457753b,2025-12-03,present
f0307bf8-e8a7-494d-9fbc-c81b076b9a05,f2a19665-2f75-4f5c-85ec-cc12ef6d8b82,d6a052bc-8581-4132-b2cd-b7566457753b,2025-12-03,present
9164190f-7845-4279-9083-c6763717b0d2,776a3ab5-df87-499b-b59c-490066d1bf16,d6a052bc-8581-4132-b2cd-b7566457753b,2025-12-03,present
373fec79-bad0-433b-a123-57d097372a26,c91489f9-350e-4222-a384-330cca8e6aab,d6a052bc-8581-4132-b2cd-b7566457753b,2025-12-03,present
8afac20d-57d9-4db6-a86c-cddf4ef959ae,6e9fd800-48bd-471c-b6a3-7afec9d9067f,d6a052bc-8581-4132-b2cd-b7566457753b,2025-12-03,present
0b45f904-2cb5-4f9b-9309-5dacc2595195,59d8d95b-b564-4b34-89bf-9321a4d5408c,d6a052bc-8581-4132-b2cd-b7566457753b,2025-12-03,late
eb14670a-b04e-4ebf-a54a-2ee9ee48b021,92d174ce-bac3-4614-b1a5-9f26acbe7fcc,d6a052bc-8581-4132-b2cd-b7566457753b,2025-12-03,present
f8288791-d819-4cf1-801e-661f35faf0ee,63e0af7a-48db-4658-90dd-090fdb3a380e,d6a052bc-8581-4132-b2cd-b7566457753b,2025-12-03,present
a1bb3850-26b7-43b7-9e89-5f9bb601c63c,2ff1973d-d4f4-4fda-a472-d5313ea74ffe,d6a052bc-8581-4132-b2cd-b7566457753b,2025-12-03,late
1302f7a6-51ef-4671-837f-62d58d7c2e4f,45303546-9902-4126-bfc1-9d2d7fb5c7f5,d6a052bc-8581-4132-b2cd-b7566457753b,2025-12-03,present
31befcf5-1e01-4510-a1aa-4b9b7174817c,2b6404c0-5204-430d-9a48-01ea955f1434,d6a052bc-8581-4132-b2cd-b7566457753b,2025-12-03,present
ad42bef6-0b35-4935-9c9c-ff024b381abd,a4d80272-4a74-4883-83af-4193ed71a4d3,d6a052bc-8581-4132-b2cd-b7566457753b,2025-12-03,present
a1e1262f-6032-481a-95c7-55047c538604,21683407-a094-4656-9678-8a975e72eeb1,d6a052bc-8581-4132-b2cd-b7566457753b,2025-12-03,present
18f36280-5660-462b-8353-948601731797,3417364e-15a1-43be-bc92-8396c381fe7f,d6a052bc-8581-4132-b2cd-b7566457753b,2025-12-03,present
18803d41-63ca-45fa-8cc4-acb6262e1ae0,bd805704-abd4-4713-98ac-6c9e474e1073,d6a052bc-8581-4132-b2cd-b7566457753b,2025-12-03,absent
93917b95-b349-4e2e-8002-b2b7125d0203,9b9ff424-0a26-4761-9de4-e8610799272a,d6a052bc-8581-4132-b2cd-b7566457753b,2025-12-03,present
842d0bcc-e2f3-478c-ab58-6a72b8c16d91,4d34d01f-8214-4f4e-9e71-824bfa4d6feb,d6a052bc-8581-4132-b2cd-b7566457753b,2025-12-03,present
621e65ae-3dc5-4258-a40f-71e4bc893ebb,eb70f822-783c-4130-884b-c363dfd420c2,d6a052bc-8581-4132-b2cd-b7566457753b,2025-12-03,absent
497dadff-c794-4e47-b099-8a73d32a1fee,9e3c3217-dbca-4c55-97cc-0a6da122aaf2,d6a052bc-8581-4132-b2cd-b7566457753b,2025-12-03,present
b6107a95-a31c-4a05-a350-dcc0af51e745,b56499d7-d8be-4423-8ffa-cb688ab86a77,d6a052bc-8581-4132-b2cd-b7566457753b,2025-12-03,present
2d467da1-1f4b-4ab5-b4d0-8254c37d884b,1cbc7444-026e-4910-b868-28a82f77222e,d6a052bc-8581-4132-b2cd-b7566457753b,2025-12-03,present
02724050-4bbe-4c7c-a303-97f236becbb5,797ae689-bef8-447f-89b7-9530c0d2aac5,d6a052bc-8581-4132-b2cd-b7566457753b,2025-12-03,present
6e45ee0e-8524-4716-a685-a22717ed56ef,e8ee8fe1-16a3-44af-9eba-75c32cfd4eb9,d6a052bc-8581-4132-b2cd-b7566457753b,2025-12-03,present
7245d2cb-df7f-4cc3-89e8-6f334ccdfd58,79c5a94d-db1c-4235-9349-5666b50aba31,d6a052bc-8581-4132-b2cd-b7566457753b,2025-12-03,late
7b4f4282-92ef-4c9d-a669-a59487617a2c,a84f0ef2-d388-4e8a-b25c-63666675ea1a,d6a052bc-8581-4132-b2cd-b7566457753b,2025-12-03,present
acdb50a7-0532-416c-945c-2a6e2ab4055a,32c26ab6-c641-4ef2-9d1f-94138ab1c28c,d6a052bc-8581-4132-b2cd-b7566457753b,2025-12-03,present
8abc1cf2-e451-4851-b55b-e13138711b5c,eac86156-3f59-4c9b-b515-04a800a5e871,d6a052bc-8581-4132-b2cd-b7566457753b,2025-12-03,present
6410a156-75c3-4e26-b100-8db3f1384385,ab1ba33c-b232-4ae7-b280-6cbfdc8d0aa5,d6a052bc-8581-4132-b2cd-b7566457753b,2025-12-03,present
f7962bc6-f68b-437d-b9db-80598452c07a,8bb84a79-3207-4a7c-8274-1bd98098207f,d6a052bc-8581-4132-b2cd-b7566457753b,2025-12-03,present
98ff6182-0e30-48db-8f3f-2a8dbacd1fdf,098908ac-c7f7-4200-b315-fe32a5c0158f,d6a052bc-8581-4132-b2cd-b7566457753b,2025-12-03,present
b63de8ba-0628-487b-b03d-c3f863d89b5c,53230076-a4d4-4f63-9ad7-62ab5f78c122,d6a052bc-8581-4132-b2cd-b7566457753b,2025-12-03,present
ae2170a8-3b56-4832-93e8-879874cd0c87,b0939c39-88c6-426e-8cec-9781821fc5e6,d6a052bc-8581-4132-b2cd-b7566457753b,2025-12-03,present
2b5ad22c-f549-4ba0-be8b-b0418c615cb9,29763f2b-0555-4100-87ca-ef52c13eca5a,d6a052bc-8581-4132-b2cd-b7566457753b,2025-12-03,present
bcdf3cb7-256c-44b0-8384-193bbd4ea069,528b9fc5-1ad7-4bdd-8960-6cd9fa4dffdd,d6a052bc-8581-4132-b2cd-b7566457753b,2025-12-03,present
f758113b-bf3a-4603-8347-ddac2485b2c4,57e26aa0-29f2-45e8-aa1c-4f2adf66ee7d,d6a052bc-8581-4132-b2cd-b7566457753b,2025-12-03,present
7fa2a1c6-7be8-4fda-ad95-3fd20d5027b1,76a9e6f1-b6e1-4032-beac-de12ac07542b,d6a052bc-8581-4132-b2cd-b7566457753b,2025-12-03,present
0bd5ca7a-2f8b-4704-a48b-33b7698cc61c,8ce44813-1ae0-45c6-ac25-a07f0a61a66e,d6a052bc-8581-4132-b2cd-b7566457753b,2025-12-03,present
25a68004-a9e2-4c41-9785-70e35a32ea62,9522f828-b3b6-4429-8d2e-ead149a5e80c,d6a052bc-8581-4132-b2cd-b7566457753b,2025-12-03,present
7413e7e2-264a-4f3c-a636-e63f571d9329,75421033-1521-437f-a0b8-ac0428dd4487,d6a052bc-8581-4132-b2cd-b7566457753b,2025-12-03,present
2f76a861-bd48-49c5-9d18-cc06410624ef,49e313b7-0399-49d9-8e69-30b8226e7982,d6a052bc-8581-4132-b2cd-b7566457753b,2025-12-03,present
9bde3a9b-22f9-4594-8658-a3f93398d192,4a5ec7e1-8600-4066-9f74-204dd55927d7,d6a052bc-8581-4132-b2cd-b7566457753b,2025-12-03,present
cde71990-1a32-41cf-a91a-43f15c8d3e17,c194041f-0151-46c9-969f-14891966dc03,d6a052bc-8581-4132-b2cd-b7566457753b,2025-12-03,present
78908e9a-40a0-453a-a5ac-29ec9c30d788,f65384ba-4ff0-49a6-afd5-9b6c7f83b17b,d6a052bc-8581-4132-b2cd-b7566457753b,2025-12-03,present
1e816a66-81fd-4bb7-8572-4477cb1e05b8,6d53fc37-017a-4d84-996e-601250d0388b,d6a052bc-8581-4132-b2cd-b7566457753b,2025-12-03,present
7a213645-e53a-4fa6-a2a9-7ce7959b3e9d,f1bcd0f5-46ba-4ef7-9490-ddb55e3a759e,d6a052bc-8581-4132-b2cd-b7566457753b,2025-12-03,present
659dd33d-4203-4c1b-8b5d-37e08fe54688,0d72c4fa-ecec-4fde-b064-9390d036fc93,d6a052bc-8581-4132-b2cd-b7566457753b,2025-12-03,present
56f6a33f-cef3-4038-bf76-f848cfbfe583,cf23b4eb-e18f-4bc1-bfca-8290c7ab1736,d6a052bc-8581-4132-b2cd-b7566457753b,2025-12-03,present
d5e866a6-e9e5-4034-8404-6fd3ee9b1746,8e3cae2f-c9ae-4d47-ad5e-f8090c298c2b,d6a052bc-8581-4132-b2cd-b7566457753b,2025-12-03,present
d41580c5-070f-440d-b09e-7da4d584a231,36628342-5d26-4c13-8e37-98d0f155c059,d6a052bc-8581-4132-b2cd-b7566457753b,2025-12-03,present
225ec027-54db-4dbb-9cce-03060cc17698,5ffdaddc-1e91-49f4-a375-d1b83df8810d,d6a052bc-8581-4132-b2cd-b7566457753b,2025-12-03,present
aed07906-5168-4d77-b665-89aed4a08b5b,fd925e5a-90d0-4036-94bc-ea8d00093a91,d6a052bc-8581-4132-b2cd-b7566457753b,2025-12-03,present
853d6748-a873-4e8a-aaed-9366cc090f14,d2561aa5-c62b-4de5-9b93-818b5eade392,d6a052bc-8581-4132-b2cd-b7566457753b,2025-12-03,present
1269f25c-e016-4db4-ba33-222a624667af,c8f27bd0-ad33-4d73-9c3f-28a6d4ccdc3c,d6a052bc-8581-4132-b2cd-b7566457753b,2025-12-03,present
a62cc0bf-d1b2-4183-82a5-a39c1f166ee3,dedb1456-d5ef-400b-873f-8ba74bf6a592,d6a052bc-8581-4132-b2cd-b7566457753b,2025-12-03,present
1b7c5272-44ac-4dea-8e17-6e789ffdd2bc,266aa967-02e7-4908-ac1d-2070f75edf33,d6a052bc-8581-4132-b2cd-b7566457753b,2025-12-03,present
df3fa077-3662-45fc-8172-76aaf0ef1a69,e601e550-51c1-4f50-afeb-d140415f4790,d6a052bc-8581-4132-b2cd-b7566457753b,2025-12-03,present
33bd4357-d13b-419e-beec-44b22d5df936,69ec3f3a-220d-45a0-a1f4-40034bd81cbd,d6a052bc-8581-4132-b2cd-b7566457753b,2025-12-03,late
764a1822-c0a7-47ed-8a50-409eac9978b5,fd533946-3376-48a2-b262-3b8abe09f47b,d6a052bc-8581-4132-b2cd-b7566457753b,2025-12-03,present
b45f5248-8eaa-4f57-8816-a8cfc306131d,a7968baa-491d-43a4-90a9-0cf3dcea4360,d6a052bc-8581-4132-b2cd-b7566457753b,2025-12-03,absent
2a9b5e45-d23d-45d7-b485-38a9279e16df,fa522982-6412-402d-a16d-989f2e510279,d6a052bc-8581-4132-b2cd-b7566457753b,2025-12-03,present
2209506c-5951-45d2-9bb3-464f0c82500b,895b1cf3-b6b5-499b-8a84-8ad623fe963d,d6a052bc-8581-4132-b2cd-b7566457753b,2025-12-03,present
840be062-8a09-4336-a895-62aa72c58136,dc89433f-c558-4caa-90ef-8fd8af298977,d6a052bc-8581-4132-b2cd-b7566457753b,2025-12-03,present
bdd78d52-a1e3-4b47-be42-3576b164a109,c8538d95-5aef-4c21-ae53-3d5529271562,d6a052bc-8581-4132-b2cd-b7566457753b,2025-12-03,present
eb21b859-77e3-42a1-8ce1-98c684ea173a,8366e458-ec2b-44e7-a8fb-1e58bbba8da1,d6a052bc-8581-4132-b2cd-b7566457753b,2025-12-03,present
8ef0c151-c87b-4d90-9716-8fdc81674ddc,9c816423-6415-4a29-a00a-510f9582ce3c,d6a052bc-8581-4132-b2cd-b7566457753b,2025-12-03,present
9d252a54-f91c-4ccb-8c3a-943f5ec8d55e,5996d75b-31d8-43b4-88f9-cfe654e4b8e0,d6a052bc-8581-4132-b2cd-b7566457753b,2025-12-03,present
ec49b1ec-0da8-4b7d-8948-e19418e5dcd3,f53a1dc0-a0ec-488a-ab39-465bc609782a,d6a052bc-8581-4132-b2cd-b7566457753b,2025-12-03,present
3913b85f-7f28-4f12-b088-f5753eacb452,f8d923fe-fc4f-466b-a765-aa96465e700a,d6a052bc-8581-4132-b2cd-b7566457753b,2025-12-03,present
8a49ef82-6241-4ff8-86be-fde3fd49d1ef,fd03c88d-fb45-4a28-9192-afd81cedbe0d,d6a052bc-8581-4132-b2cd-b7566457753b,2025-12-03,present
be7ffa57-fb6b-47fa-b3b2-cc9b22d4d071,90dad0ea-56b0-4196-9acf-f8c7b6a96c55,d6a052bc-8581-4132-b2cd-b7566457753b,2025-12-03,late
ee0e15fb-ea7b-48ca-923c-33fa93de4b13,7af9774e-7728-4af1-b863-5d185ae67324,d6a052bc-8581-4132-b2cd-b7566457753b,2025-12-03,present
0cb75604-12ca-442d-9c33-e25f30f88e87,81ce8925-2760-4065-b0a5-5989292f5316,d6a052bc-8581-4132-b2cd-b7566457753b,2025-12-03,present
da89f819-caa0-4030-a46a-243e21d60926,19fa9eac-862d-4630-888d-cb9863d23444,d6a052bc-8581-4132-b2cd-b7566457753b,2025-12-03,present
13dea027-8973-42e0-b190-c1bae2e4abfc,796b285d-0e89-438d-a41f-1fc7f8c148c9,d6a052bc-8581-4132-b2cd-b7566457753b,2025-12-03,present
1e9d8a3e-033f-4de5-a76f-592caa3c6352,4d89c1b8-0ebf-4a51-8512-4d58fec979a3,d6a052bc-8581-4132-b2cd-b7566457753b,2025-12-03,present
e91a7d69-12bf-40f2-a5cd-aaef8d1e3836,86aea6b6-f430-4a1e-a8fc-81676bf654a5,d6a052bc-8581-4132-b2cd-b7566457753b,2025-12-03,present
072aa945-aa80-4a79-87d4-5adc260bdc47,afa11c28-5d70-41b2-92cd-a9049723a802,d6a052bc-8581-4132-b2cd-b7566457753b,2025-12-03,present
4dbefd18-f5c1-4a6d-9873-7fc1669ac546,d74dddc6-6e52-4bb9-a9f1-1c184b45d437,d6a052bc-8581-4132-b2cd-b7566457753b,2025-12-03,present
f9563517-0ccb-4928-9321-dbcd5ef65879,c4bfe414-5d12-4be5-8f34-776e87c25a44,d6a052bc-8581-4132-b2cd-b7566457753b,2025-12-03,present
90a3d287-e34e-49f1-8eac-80ce51a6b00f,9d54ed58-78cc-4415-a505-a8ceca4143af,d6a052bc-8581-4132-b2cd-b7566457753b,2025-12-03,present
3c4aea47-a540-474b-b1ad-a51d941a367d,312895c4-0eb9-498a-9132-0857593c6e75,d6a052bc-8581-4132-b2cd-b7566457753b,2025-12-03,present
2578d256-1c9b-4780-bdda-a99143a623b6,82d5cc83-30b9-4fab-8480-e9019e34499f,f19fcd72-b2e1-4065-a892-af561f962a27,2025-12-03,present
f0a1d794-08f7-4e52-9f1c-841a96932ab8,498b503c-69b3-49a8-bd73-cae1e11bfeb7,f19fcd72-b2e1-4065-a892-af561f962a27,2025-12-03,present
f58256cb-187a-486d-8be9-c39e2fce8370,27dc46a6-0317-4e06-b86a-06f57d41e835,f19fcd72-b2e1-4065-a892-af561f962a27,2025-12-03,present
83a63a3a-a826-4a65-a761-0d8e0214330f,c6384a38-811d-4ade-9ccc-0bbf7af2ebca,f19fcd72-b2e1-4065-a892-af561f962a27,2025-12-03,present
9670f027-fb33-46fa-8679-df15dfa67d38,fa64e9eb-fbcc-46d9-9399-1360224f70a5,f19fcd72-b2e1-4065-a892-af561f962a27,2025-12-03,present
0a495d76-ce0b-4e00-b1f4-2f8f30acbfa6,49b01f1a-1e63-430c-8715-cb4dfbd0ec11,f19fcd72-b2e1-4065-a892-af561f962a27,2025-12-03,present
e6a8c70a-e682-4be0-aace-476835f53dcd,ef3a6892-0ec5-461e-bfc5-799b0ff7ccd6,f19fcd72-b2e1-4065-a892-af561f962a27,2025-12-03,present
3ce4cdaf-7206-4a71-b843-c9c0174f03f3,4658197d-e38c-43c5-9bba-fa55aaa929f8,f19fcd72-b2e1-4065-a892-af561f962a27,2025-12-03,present
7511c72f-a843-49b6-a557-9131fa1903f1,3aa849f7-41b0-4c54-a338-312f161bf277,f19fcd72-b2e1-4065-a892-af561f962a27,2025-12-03,present
84f5135f-50e1-4b59-b85c-9a338269c826,4cf0ffc8-72e3-41e2-bee7-b6299faa1b67,f19fcd72-b2e1-4065-a892-af561f962a27,2025-12-03,present
9b08e613-b368-4de0-b05e-5103d8b4acad,f24b2bd4-ce76-4b77-b10b-9408d636d559,f19fcd72-b2e1-4065-a892-af561f962a27,2025-12-03,present
b3ba81d6-a7e5-4ee4-90a8-8335d9bd5151,d0f07cb6-6acf-49b9-aa97-e9386f3778fb,f19fcd72-b2e1-4065-a892-af561f962a27,2025-12-03,present
1eac32a7-9909-4a2a-820a-ccb89f307252,69df908c-4c1b-45ae-adcd-d4c58d10d6c4,f19fcd72-b2e1-4065-a892-af561f962a27,2025-12-03,present
266f9646-d650-476c-b811-a4ede2e2c19c,b68be1f0-383c-4241-ac1d-d603dff923e5,f19fcd72-b2e1-4065-a892-af561f962a27,2025-12-03,present
a3047ec9-791b-45a1-a9dc-0bdd700db5ff,b0a21bb2-861b-4460-998c-55c69a283015,f19fcd72-b2e1-4065-a892-af561f962a27,2025-12-03,present
ffa4b695-64ae-49fc-a13b-1deffc01821a,8da87cee-c880-4669-9b9e-31fd705f254b,f19fcd72-b2e1-4065-a892-af561f962a27,2025-12-03,present
e12e4121-f8bb-4fd9-8398-e0b34bdc5213,f90a1b93-d8dc-415a-8f7f-24310fa11bba,f19fcd72-b2e1-4065-a892-af561f962a27,2025-12-03,present
0d63dc39-0833-4c34-9f4f-730add06e6ac,b962d360-6dd2-4795-8c79-a2e48eb227fb,f19fcd72-b2e1-4065-a892-af561f962a27,2025-12-03,present
3b2d043a-9e38-4fb3-8182-854634e3e39c,6fb1d403-acaa-4838-baef-32c60707a143,f19fcd72-b2e1-4065-a892-af561f962a27,2025-12-03,present
95e71fdc-7159-4181-9735-37ae037c54fd,4604414a-2a41-457a-8766-dc3cabb41db8,f19fcd72-b2e1-4065-a892-af561f962a27,2025-12-03,present
8f08d61f-aed1-4797-9c69-ed453c2a4ff6,70fc65f4-cf68-409b-8e8e-4cef58cc58d3,f19fcd72-b2e1-4065-a892-af561f962a27,2025-12-03,present
7863b64b-eb37-4f02-9789-9f23f8b2c639,0f90dd49-e576-4d49-8718-c0518a130483,f19fcd72-b2e1-4065-a892-af561f962a27,2025-12-03,present
751c0ab9-3e3f-45bf-b675-9b2971d5f87a,ce612154-54eb-4f7e-9546-caf80ed483b4,f19fcd72-b2e1-4065-a892-af561f962a27,2025-12-03,present
4baef7a4-ff47-4473-8b94-4c7aeaa5a30a,a96902f2-1ade-44a7-9a30-71b4f8abf251,f19fcd72-b2e1-4065-a892-af561f962a27,2025-12-03,present
fe6e3416-552b-4f60-b97b-07972cce7185,4f4f87ab-36b9-4d69-b9d9-01bc1e0a4b08,f19fcd72-b2e1-4065-a892-af561f962a27,2025-12-03,present
10e874e8-88c8-4c5f-a9f6-ef5a51447b6b,5769dbbc-5881-4e4e-afce-eec0e14e7925,f19fcd72-b2e1-4065-a892-af561f962a27,2025-12-03,present
a83da91b-5f1f-4a7e-9485-bf08673bfb23,ac21a79b-7936-4d61-a541-b873d7876724,f19fcd72-b2e1-4065-a892-af561f962a27,2025-12-03,present
a06daa58-2524-4c25-ab0f-857c1b8d311b,cd0ffb20-2ddc-4c4f-8372-d0e6bd278495,f19fcd72-b2e1-4065-a892-af561f962a27,2025-12-03,present
f707f71a-b223-4c43-a309-f4849109f5d1,2080e131-8a0b-4c7c-9587-c75cbd4f6e64,f19fcd72-b2e1-4065-a892-af561f962a27,2025-12-03,present
e064579a-b2e5-48ab-a1e1-87334d893574,8fa93d81-e098-44d3-8bab-8b11440c4c67,f19fcd72-b2e1-4065-a892-af561f962a27,2025-12-03,present
da88c4f8-d8c1-46a3-800c-da78c2c6ac1f,4afaabbb-100e-4b4d-b7a0-8bce8594f90c,f19fcd72-b2e1-4065-a892-af561f962a27,2025-12-03,present
7c3c90cb-f69e-4c28-b84e-b87cab1d3936,58dbd79a-3f70-4fdc-801a-7adc29d3fe7f,f19fcd72-b2e1-4065-a892-af561f962a27,2025-12-03,present
5dd7757b-a7ba-4340-acba-307d5d55f337,e08d85f4-987a-424a-b74f-b6517b65bcb9,f19fcd72-b2e1-4065-a892-af561f962a27,2025-12-03,present
7c3c4a99-11dd-4abc-b246-bfd3a7101319,485e92f6-7bfd-4e76-b383-f48920e8c5ae,f19fcd72-b2e1-4065-a892-af561f962a27,2025-12-03,present
c1f4c7ea-1d0a-4298-aef0-12e7f526fa2d,778e642c-0b8d-4614-b5ef-9725a3dde407,f19fcd72-b2e1-4065-a892-af561f962a27,2025-12-03,present
a8303b2e-0b4a-4ec3-885a-ba06c11e8737,d8f10392-9e64-400a-a780-c3a033b8765a,f19fcd72-b2e1-4065-a892-af561f962a27,2025-12-03,present
76774540-6f1d-4f15-b9d5-e3f469bc25b3,420c3003-6144-4a96-8b98-3bdac26eb1b9,f19fcd72-b2e1-4065-a892-af561f962a27,2025-12-03,present
1f00fbee-1158-4d44-bdd2-38392aa6f61b,3523e79a-67ae-4595-b839-cff8be6b1396,f19fcd72-b2e1-4065-a892-af561f962a27,2025-12-03,late
584d5a62-c812-439e-8075-8609bfa9dd6f,90d1d426-28eb-48e3-9c89-197ad0af07a5,f19fcd72-b2e1-4065-a892-af561f962a27,2025-12-03,present
c5c237d1-c26e-40f6-aa21-5e93a88acc0f,465bf71b-8888-4a1a-a033-830b28da5721,f19fcd72-b2e1-4065-a892-af561f962a27,2025-12-03,present
55932e6a-bc38-4379-91e6-66d984531698,91299e77-c3eb-4bce-99bc-da71b49b99ce,f19fcd72-b2e1-4065-a892-af561f962a27,2025-12-03,present
395fbd5d-5e2b-4e52-9bfa-7942bdaf75e2,d1a01156-ab84-42f8-9e7c-62e5c0f23b56,f19fcd72-b2e1-4065-a892-af561f962a27,2025-12-03,present
46baaf5d-9776-4886-86db-b5764fe5580b,43f3070d-707b-479e-9a65-92708c0a2228,f19fcd72-b2e1-4065-a892-af561f962a27,2025-12-03,present
2036317c-b6e3-4e50-8f5f-d23fba38e5f2,9573152c-b78d-4845-b7c8-49090f745568,f19fcd72-b2e1-4065-a892-af561f962a27,2025-12-03,present
84f5151d-10b9-40d4-846e-79ccc0281486,ebb07f54-7f28-4b63-ab44-abde56d446ff,f19fcd72-b2e1-4065-a892-af561f962a27,2025-12-03,present
0dd2bcf8-b5f3-49af-9d08-19d704ca3eba,f6b445fa-298b-44cb-8408-a75c6f19410e,f19fcd72-b2e1-4065-a892-af561f962a27,2025-12-03,present
f31c5f3d-8d8d-41c9-b4b1-f19d541c0311,9bff3d80-b7e7-40e4-880c-40638e5e188c,f19fcd72-b2e1-4065-a892-af561f962a27,2025-12-03,present
1df5f13c-5ebc-474e-91a4-89e1e5ba0959,34bd2d25-f17a-4844-9241-749e9d0d68a5,f19fcd72-b2e1-4065-a892-af561f962a27,2025-12-03,present
35ed7d8e-dc0e-4001-a901-7d8cbd4a03e7,bf764238-4d08-41a9-bee8-9244a999e34e,f19fcd72-b2e1-4065-a892-af561f962a27,2025-12-03,present
6b542182-db98-4451-aa8c-069696b70bc2,da7d4136-b32e-411c-9eb7-b0f6bddfed2d,f19fcd72-b2e1-4065-a892-af561f962a27,2025-12-03,present
c56ca9e0-77a7-4ddf-873a-691578efeda7,772c402f-11f8-486a-a298-56c60bf08721,f19fcd72-b2e1-4065-a892-af561f962a27,2025-12-03,present
e4352356-0eb9-43cf-ae32-dc7daa557876,60a0fc24-7fc4-4fc8-94d7-8f2ae26b9de6,f19fcd72-b2e1-4065-a892-af561f962a27,2025-12-03,present
2de5de0b-1b30-4111-9602-283cf141f2d5,2d4ff954-c4f4-4372-a5a2-86f4de0882ce,f19fcd72-b2e1-4065-a892-af561f962a27,2025-12-03,present
fd8023a0-3648-478c-b3dc-668f6984d882,a4cc9867-745c-49ab-82c5-b220bb70ab9e,f19fcd72-b2e1-4065-a892-af561f962a27,2025-12-03,present
5351b82e-224e-4cbf-ae01-1d97144ec224,839b5124-9211-4d19-a58a-b6b8b37939b5,f19fcd72-b2e1-4065-a892-af561f962a27,2025-12-03,present
484c6ca8-2e26-4ce6-b887-a0652cf525bd,3372723d-9633-4a66-9f02-3bc53565211c,f19fcd72-b2e1-4065-a892-af561f962a27,2025-12-03,present
596af6a2-85e3-4e43-8069-cac1223e1382,7edda8ac-bde4-4fa4-8756-0fbdca00e09b,f19fcd72-b2e1-4065-a892-af561f962a27,2025-12-03,absent
816a040a-b750-459f-a0d5-57527326cdcc,2ba51843-412b-460c-90ca-2063ac3accf7,f19fcd72-b2e1-4065-a892-af561f962a27,2025-12-03,late
d2e1f16f-caa7-4c00-a939-e89aa52b2390,a7ce2836-8e16-406a-9d65-0d576f2dd3db,f19fcd72-b2e1-4065-a892-af561f962a27,2025-12-03,absent
5c73872a-0b9d-44bd-9c32-b23bbefb9d5d,5d387db6-beac-4690-ab7e-d827835620bd,f19fcd72-b2e1-4065-a892-af561f962a27,2025-12-03,present
db45ca39-a80b-4c7a-b9dc-45de5c8663fd,240c9602-71c7-4a4a-9bff-7e95b50dfed8,f19fcd72-b2e1-4065-a892-af561f962a27,2025-12-03,present
ddb224ff-2f3b-478a-b5e6-5ef4e2b6e319,c38e4b16-1826-439a-adc2-1a1d4cd90dbf,f19fcd72-b2e1-4065-a892-af561f962a27,2025-12-03,present
b2237f9d-577f-49b7-9191-6f8299146c75,10c16016-3be2-486b-9a68-e2b6bb1b6314,f19fcd72-b2e1-4065-a892-af561f962a27,2025-12-03,present
86297881-bb50-4e32-ab67-03bfec2e7d66,17be69cc-776e-48cb-8129-cbc4c9161d46,f19fcd72-b2e1-4065-a892-af561f962a27,2025-12-03,present
c3320554-4c8f-46b3-be95-86c49f703950,8deded09-518f-4ea5-878d-288296651651,f19fcd72-b2e1-4065-a892-af561f962a27,2025-12-03,present
bbec7934-572a-417e-b473-72f252d1e6bc,1077aa26-9309-43ee-a138-43b0f2806b12,f19fcd72-b2e1-4065-a892-af561f962a27,2025-12-03,present
5c311b6e-ea5b-44d7-b0a1-c089e40bf440,6a28b269-5db5-45c1-a836-602f6fd311d3,f19fcd72-b2e1-4065-a892-af561f962a27,2025-12-03,present
db5001e4-bb28-4765-a5e4-3881e9ff83b6,585dcfc6-038f-495d-98f7-ac5afa4754bb,f19fcd72-b2e1-4065-a892-af561f962a27,2025-12-03,present
812260f7-d948-4539-8188-6f3c05b59b87,95cc81eb-0e86-4c9e-be3e-fe3fc1f0ac3f,f19fcd72-b2e1-4065-a892-af561f962a27,2025-12-03,present
d8f0b417-2599-4d0f-829c-0149383f95f8,e83fd51a-5233-405e-b975-efc6518f892c,f19fcd72-b2e1-4065-a892-af561f962a27,2025-12-03,present
6cfa45e3-5196-444d-ac91-39bf36ef1a63,b4bc91ba-7b2e-4c40-ba6d-9dab0c28ad21,f19fcd72-b2e1-4065-a892-af561f962a27,2025-12-03,present
9ac976c4-6507-4a8e-86b8-ed245277fb03,b9eb8e8d-d34b-49fd-81c6-b6b0aed88887,f19fcd72-b2e1-4065-a892-af561f962a27,2025-12-03,late
97d668c9-0868-4d04-a6c2-e3c62a8fad88,843ae92e-8c6c-483d-8397-0bc8ef8151f5,f19fcd72-b2e1-4065-a892-af561f962a27,2025-12-03,present
c539733b-457b-430e-8c91-72bc2264a18c,c5e41799-1632-49dd-9590-b33ee1f0dcfc,f19fcd72-b2e1-4065-a892-af561f962a27,2025-12-03,present
82aefc66-ed73-4da7-aacb-e1c56ee7b6eb,36736320-7ce3-455f-b126-4491f930a8f8,f19fcd72-b2e1-4065-a892-af561f962a27,2025-12-03,present
8fdcd6bd-ab3c-4d55-99f8-0ec485c91a5d,035bddca-8ee8-47a0-a337-80bc489d6642,f19fcd72-b2e1-4065-a892-af561f962a27,2025-12-03,present
9688ae6e-5a5a-4b81-bafb-351d734e2a63,7baf3a6c-f8e1-4dd6-a20b-37c737595083,f19fcd72-b2e1-4065-a892-af561f962a27,2025-12-03,late
1fc93e8a-0f26-4f04-a21e-a45770c34165,fbe412fd-75de-4b44-997c-95bbffcbfe91,f19fcd72-b2e1-4065-a892-af561f962a27,2025-12-03,present
27265f75-c30b-4441-bba7-7bedd3a79ca9,2ebe057f-2eef-4522-97e4-119c290da007,f19fcd72-b2e1-4065-a892-af561f962a27,2025-12-03,late
8faf5223-c554-44f0-be8b-2c11098a962b,cf64bd60-c10f-43f1-bfc3-89010cbd69bc,f19fcd72-b2e1-4065-a892-af561f962a27,2025-12-03,late
addf18ab-831e-4dc4-87f6-9582bfe467dd,a13a4590-5bf0-4929-a530-afd08faa80da,f19fcd72-b2e1-4065-a892-af561f962a27,2025-12-03,present
c7f9116e-20da-4872-a04e-fc3a9741bf11,ccef44cd-2a74-4a2b-98ac-aefbe22d4f17,f19fcd72-b2e1-4065-a892-af561f962a27,2025-12-03,present
dd1c5201-632d-4900-b81e-f2c9d61c62e4,7e9f1636-23ec-4ef3-9208-8fbdae1fcc31,f19fcd72-b2e1-4065-a892-af561f962a27,2025-12-03,present
1bd9f1c6-df55-4b6d-ae81-a4dd9db6ad51,449fbc07-a3b6-4dff-bebf-8602ff58538a,f19fcd72-b2e1-4065-a892-af561f962a27,2025-12-03,present
fa4e1877-1be2-4c0c-9fc3-e777fd3137be,ce14e730-2def-49bc-8c92-f6cbe40001c8,f19fcd72-b2e1-4065-a892-af561f962a27,2025-12-03,present
811dcc76-0cb9-449e-98b3-93ee7e9fb074,61ff6b72-4ed8-4579-b6eb-951048f440a8,f19fcd72-b2e1-4065-a892-af561f962a27,2025-12-03,present
60bcd3ca-9704-4320-9333-539c0d4e933b,d99c9370-0313-4923-aeab-391f345da81d,f19fcd72-b2e1-4065-a892-af561f962a27,2025-12-03,present
9a3b9d06-39df-496e-b701-c3d1826549b8,5a50bbae-98c6-4ad7-a278-9b3fc1b5cee5,f19fcd72-b2e1-4065-a892-af561f962a27,2025-12-03,present
f3bfe679-0f54-46bf-8f66-f9621c94d53c,c0d6875a-3d80-4546-8f50-7c4eafcd0f28,f19fcd72-b2e1-4065-a892-af561f962a27,2025-12-03,present
f7f413bb-a794-4a40-815a-502465145099,247cc5ff-5da1-4a6f-9821-590dc9ebf1cb,f19fcd72-b2e1-4065-a892-af561f962a27,2025-12-03,present
34a85d31-2d7d-4fb0-a29f-a5caf60ff003,ecfd41c6-9034-4530-abf8-beeb257f6dce,f19fcd72-b2e1-4065-a892-af561f962a27,2025-12-03,present
973f1187-16ee-4aeb-b6d7-19a554ebce52,4df6eba8-a1f9-4824-8e11-604d48e2122b,f19fcd72-b2e1-4065-a892-af561f962a27,2025-12-03,present
ba2b307b-9328-4c71-912e-cb6e36251916,6b3a5972-64ba-4d5b-960e-ae2d96c87f55,f19fcd72-b2e1-4065-a892-af561f962a27,2025-12-03,present
07612303-6227-4a1d-9e58-17c75300e09e,2ae76cfe-a2cf-4747-8197-65f609e99f5c,f19fcd72-b2e1-4065-a892-af561f962a27,2025-12-03,present
62c90284-522c-406f-92b7-d7f17e0f9dfd,6d19c567-6871-4b81-9023-801101d960c7,f19fcd72-b2e1-4065-a892-af561f962a27,2025-12-03,present
7291ca68-00eb-4df0-895c-57dc5d6615d9,79b14cb3-0d0c-4440-ba46-2ae841e60dfa,f19fcd72-b2e1-4065-a892-af561f962a27,2025-12-03,present
c9888336-5aed-4a45-9d84-1bb1a5373a5d,ea43975d-c1f5-4bbc-aa88-a47831ad6eb3,f19fcd72-b2e1-4065-a892-af561f962a27,2025-12-03,present
81fa6baa-cf68-4691-9270-b17f8cd76ce9,939ad88f-56bc-4c19-a15d-61477520d090,f19fcd72-b2e1-4065-a892-af561f962a27,2025-12-03,present
84c839e3-5c23-44e5-bc70-5fa015450c61,c93ca0b7-baa3-406f-831f-0225d1ab3f8a,f19fcd72-b2e1-4065-a892-af561f962a27,2025-12-03,present
b042b0f3-f054-48cb-9875-cac12f6f8f57,fb0f41ba-0e86-4a23-9a58-64aeecb17b2e,f19fcd72-b2e1-4065-a892-af561f962a27,2025-12-03,present
69c9dd33-b4d6-424a-9459-f563267b57f4,a59ee7e4-f195-4ff1-b0d7-f2e2ac68dc45,f19fcd72-b2e1-4065-a892-af561f962a27,2025-12-03,present
1cff0cb0-6a1c-484c-bda9-dabefeed5c12,c582077c-a862-4dfa-a9d7-8004557883aa,f19fcd72-b2e1-4065-a892-af561f962a27,2025-12-03,late
c1716752-7795-4243-85cd-9fd6e0bfcc61,533c404a-cd16-4139-be97-243d53116bad,f19fcd72-b2e1-4065-a892-af561f962a27,2025-12-03,present
5edbf277-5c1d-44c1-8f9d-6452f803cb7c,e6598944-8a9c-4e86-9ab2-abf8934dd52d,688e38b0-30aa-464c-94dd-c3a163e7b309,2025-12-02,present
dc7d033c-5820-4e19-93d5-a0dc0cb0fe5a,f65d6a60-3d1f-4458-8ee7-9f4fb4ce006b,688e38b0-30aa-464c-94dd-c3a163e7b309,2025-12-02,late
97f456ef-c5f1-4a3f-891a-097792a40a80,91b03cc1-8b57-4f24-aed2-88cfc7448add,688e38b0-30aa-464c-94dd-c3a163e7b309,2025-12-02,present
3d044346-d601-4b99-a56b-a02dedefa04e,89e5e760-8205-4b37-aa57-9e84196b2ebc,688e38b0-30aa-464c-94dd-c3a163e7b309,2025-12-02,present
335fb4e7-ea07-4d36-9097-272c7c7b5de9,a21e67a1-d192-49a7-b58c-efc4f2b0cd40,688e38b0-30aa-464c-94dd-c3a163e7b309,2025-12-02,present
c559fae4-d0e9-4ac9-935b-097562b44500,a58c390c-655e-40f5-bf6b-c77e56d0f722,688e38b0-30aa-464c-94dd-c3a163e7b309,2025-12-02,present
17b83619-cb7c-4aea-9275-bb1bd13cd92e,f01d5a72-4f6c-4665-81d2-9ab4ed885485,688e38b0-30aa-464c-94dd-c3a163e7b309,2025-12-02,present
59d1b8a7-8b77-491f-91e4-85df8603c627,5029ca7d-14d1-4a95-ba62-82b52935c35c,688e38b0-30aa-464c-94dd-c3a163e7b309,2025-12-02,present
953254bb-454e-4788-88b3-94ad893a3d9a,2aca9039-4fbe-40d2-8d57-2f6a0821c203,688e38b0-30aa-464c-94dd-c3a163e7b309,2025-12-02,present
a2dbcc23-cf88-4aff-975e-dfa5e3eba12a,79d54205-289e-4bca-bea5-f90692cb5f0c,688e38b0-30aa-464c-94dd-c3a163e7b309,2025-12-02,present
4447454e-a48b-449e-8eeb-5245a5504a00,acb854f8-aba5-4023-bf1d-449013cb3448,688e38b0-30aa-464c-94dd-c3a163e7b309,2025-12-02,present
9f3df63e-2d49-4497-a559-a877a86e4d6f,d8cd30e1-60e4-4182-84c3-9eae933739a0,688e38b0-30aa-464c-94dd-c3a163e7b309,2025-12-02,present
506e7e6b-5d5b-4667-bc13-d38680323232,37d70e87-1953-4cda-ae45-29aef9a0af82,688e38b0-30aa-464c-94dd-c3a163e7b309,2025-12-02,present
3f8cded3-da51-469c-ac68-7f95afcbabb9,3e1b877a-ae26-4d23-a0ee-ac8e408245f9,688e38b0-30aa-464c-94dd-c3a163e7b309,2025-12-02,present
07bc2baa-09c1-467a-8de8-3091758a3d48,401828ff-98fe-4bcc-9447-f4b1ca9d8959,688e38b0-30aa-464c-94dd-c3a163e7b309,2025-12-02,present
c3471179-c01f-47f0-8320-ec2eb9ce7c9c,f2a19665-2f75-4f5c-85ec-cc12ef6d8b82,688e38b0-30aa-464c-94dd-c3a163e7b309,2025-12-02,present
af1b8951-8902-4cd4-8b60-63f45e4c7570,776a3ab5-df87-499b-b59c-490066d1bf16,688e38b0-30aa-464c-94dd-c3a163e7b309,2025-12-02,present
dbd88459-7c6c-465b-9b47-359f16796c9b,26929bcf-6c9f-4995-ad08-c185e6ed9dc9,688e38b0-30aa-464c-94dd-c3a163e7b309,2025-12-02,present
58699c84-1c0e-4f6a-9e3f-ee648e9720cd,60238837-b652-45ee-8084-57b958365ccf,688e38b0-30aa-464c-94dd-c3a163e7b309,2025-12-02,present
ce912554-37d5-4892-8d57-dbb5f10bd56d,c91489f9-350e-4222-a384-330cca8e6aab,688e38b0-30aa-464c-94dd-c3a163e7b309,2025-12-02,present
b193fe10-00a0-4f82-8631-aed7ae1950ec,6003c120-863c-4905-9067-5fd00ed1cb8a,688e38b0-30aa-464c-94dd-c3a163e7b309,2025-12-02,present
ce453172-b87b-4e92-b684-486fdd06f7aa,569754b8-acb2-4e27-a330-3234d1dd7e63,688e38b0-30aa-464c-94dd-c3a163e7b309,2025-12-02,present
bc30e985-08ba-48d6-8c01-f3dbc9f4b0ab,c8704661-ea4f-4259-a4fb-920b2a98e0c5,688e38b0-30aa-464c-94dd-c3a163e7b309,2025-12-02,absent
9af92bcc-2bec-417a-8822-37cf40bcfba7,110a5e96-2ca4-4d15-9770-3ea3b9c54736,688e38b0-30aa-464c-94dd-c3a163e7b309,2025-12-02,present
3b314a57-ad30-452d-96d2-2bf0c426186e,a77d469c-b240-49d1-9511-2f292d31d5ff,688e38b0-30aa-464c-94dd-c3a163e7b309,2025-12-02,present
05b1a3de-535d-4e15-8d9e-9b7e5f28343e,7f0b64de-9566-46e5-ad8f-45f53350347a,688e38b0-30aa-464c-94dd-c3a163e7b309,2025-12-02,present
d13a0a87-451b-47ff-8e32-1b1ed2163339,45303546-9902-4126-bfc1-9d2d7fb5c7f5,688e38b0-30aa-464c-94dd-c3a163e7b309,2025-12-02,present
51b5da3b-4562-47f3-aedb-a7b8a21a6a8f,a4d80272-4a74-4883-83af-4193ed71a4d3,688e38b0-30aa-464c-94dd-c3a163e7b309,2025-12-02,present
85e80519-dd07-45c3-a730-4f81a5f8debd,21683407-a094-4656-9678-8a975e72eeb1,688e38b0-30aa-464c-94dd-c3a163e7b309,2025-12-02,present
834e8d1d-9116-4bc3-84d1-6851a594d886,8a4bcb07-f85f-4553-ac24-55a326b18502,688e38b0-30aa-464c-94dd-c3a163e7b309,2025-12-02,present
0ed64ac7-97e5-4469-a3a8-c5666ada27c5,9b9ff424-0a26-4761-9de4-e8610799272a,688e38b0-30aa-464c-94dd-c3a163e7b309,2025-12-02,present
e8bfc7a9-2ed0-4df4-b891-552ebd1ce225,69ac85c6-7831-432c-9f66-f41637994744,688e38b0-30aa-464c-94dd-c3a163e7b309,2025-12-02,present
fe6200b6-691b-4e94-b91c-f648416638a5,eb70f822-783c-4130-884b-c363dfd420c2,688e38b0-30aa-464c-94dd-c3a163e7b309,2025-12-02,present
3d93f9d4-3d53-4483-8f32-ccd2715ba829,5b81bad7-c488-405a-88ad-e97db3cc95f9,688e38b0-30aa-464c-94dd-c3a163e7b309,2025-12-02,present
0e2f1ea6-f838-4e57-a2c6-d78fbfdd52f9,4612f03b-2086-491a-897a-5ef87d5e743c,688e38b0-30aa-464c-94dd-c3a163e7b309,2025-12-02,present
c7cc5005-c3c9-40f1-93b0-ff886a588313,fec264ce-289a-46d2-ae6a-775534c865a6,688e38b0-30aa-464c-94dd-c3a163e7b309,2025-12-02,absent
a5a26b4b-b70a-4b76-9e6a-baafeda5aafa,de4b262c-e3f7-4bc6-aa9f-234668dab835,688e38b0-30aa-464c-94dd-c3a163e7b309,2025-12-02,present
1b011515-60eb-4299-9be6-b6a5d6efb0e7,1cbc7444-026e-4910-b868-28a82f77222e,688e38b0-30aa-464c-94dd-c3a163e7b309,2025-12-02,late
31815d10-fe1a-49c8-a7d2-e8ea8035b08a,c6d91a39-a900-4d1b-bb8a-f5bf8bef07cb,688e38b0-30aa-464c-94dd-c3a163e7b309,2025-12-02,present
dc9bd4d4-878a-46f8-819d-fd30c3e48814,64b1e9a9-b776-4f47-a3be-70bc2ea10c1d,688e38b0-30aa-464c-94dd-c3a163e7b309,2025-12-02,present
ca440dc9-30ba-475e-8ec9-85704b3f8e77,efa422ce-a7d0-4e9e-8510-be05dc7e3f3f,688e38b0-30aa-464c-94dd-c3a163e7b309,2025-12-02,present
687fbec1-205d-4e8e-9d9b-3ef62c410c42,1473c578-7954-489f-bdff-d8ef3e11b39d,688e38b0-30aa-464c-94dd-c3a163e7b309,2025-12-02,present
5e081dfc-4d6b-49c4-a838-f9f40d31ee0b,58d9a040-0f4d-4fba-a3c7-de428b4afbc9,688e38b0-30aa-464c-94dd-c3a163e7b309,2025-12-02,present
f0e8bd25-241d-4f16-b373-1514ac52b9ba,3d913445-4ae5-401b-b60f-32e6a0c2e6ac,688e38b0-30aa-464c-94dd-c3a163e7b309,2025-12-02,absent
9ad0d8ce-7600-48be-9b26-c71d3b77924b,ab7d22d2-fb92-4cd5-9c64-c886b0e8a831,688e38b0-30aa-464c-94dd-c3a163e7b309,2025-12-02,present
a9db5c7d-6dc6-4bd4-a224-f800db5c6d57,16b3321a-d195-456a-9492-345689c2792e,688e38b0-30aa-464c-94dd-c3a163e7b309,2025-12-02,present
bdb15f38-cd78-4fa4-a55c-9ec96ba43bec,98576c69-2546-4f42-b668-d7549ec733a9,688e38b0-30aa-464c-94dd-c3a163e7b309,2025-12-02,present
9a220d5e-184b-4479-87a7-c5b4a501a05e,648b60fb-47a6-4c23-8dd6-80ccb0961d86,688e38b0-30aa-464c-94dd-c3a163e7b309,2025-12-02,present
1a68f4bc-ec4f-4494-978f-01b71344e1ca,b0939c39-88c6-426e-8cec-9781821fc5e6,688e38b0-30aa-464c-94dd-c3a163e7b309,2025-12-02,present
4fe13adc-7a45-4a28-90af-4335610f78f0,80e6c402-b1a2-4450-b92e-6dd04ef057ef,688e38b0-30aa-464c-94dd-c3a163e7b309,2025-12-02,present
c09c000b-76bc-40eb-b7a4-08e7a0e33e30,76a9e6f1-b6e1-4032-beac-de12ac07542b,688e38b0-30aa-464c-94dd-c3a163e7b309,2025-12-02,present
a04af9b7-2710-4c3b-80bd-618fc22e961e,2598f9ab-f396-48ff-be98-93c9cd5898a9,688e38b0-30aa-464c-94dd-c3a163e7b309,2025-12-02,present
0d78d9ac-a864-4bde-aa54-1a9d214284d3,68269809-1f23-4198-bf3b-6d72744c8054,688e38b0-30aa-464c-94dd-c3a163e7b309,2025-12-02,present
46d08d22-601d-4ce8-8524-f211b3f41cbb,75421033-1521-437f-a0b8-ac0428dd4487,688e38b0-30aa-464c-94dd-c3a163e7b309,2025-12-02,absent
c4f87c94-a659-4c3e-9e1f-c2168f3f7934,49e313b7-0399-49d9-8e69-30b8226e7982,688e38b0-30aa-464c-94dd-c3a163e7b309,2025-12-02,absent
318491fe-674c-4362-b381-cff3eee782b1,4a5ec7e1-8600-4066-9f74-204dd55927d7,688e38b0-30aa-464c-94dd-c3a163e7b309,2025-12-02,present
46d07efc-7187-4fc1-ae64-cddf4d76427a,c194041f-0151-46c9-969f-14891966dc03,688e38b0-30aa-464c-94dd-c3a163e7b309,2025-12-02,present
f7836b24-5d39-4834-a426-59e47b678ae9,65b5e20e-03f2-4ac9-a7e8-931744142f6c,688e38b0-30aa-464c-94dd-c3a163e7b309,2025-12-02,present
0997f550-d01e-49a6-a662-d453950a8b30,d3c69972-38fa-4b75-8c0f-fa8f0718d45f,688e38b0-30aa-464c-94dd-c3a163e7b309,2025-12-02,present
26ff1946-c811-4ae1-bafb-69e432b605d3,ff38e41e-8f7c-4e55-a864-d4592ece0dd4,688e38b0-30aa-464c-94dd-c3a163e7b309,2025-12-02,present
85f378f5-7564-4d65-ac4b-360e2226a45c,0d72c4fa-ecec-4fde-b064-9390d036fc93,688e38b0-30aa-464c-94dd-c3a163e7b309,2025-12-02,present
4e8faae7-14d6-49b8-8124-699db4a36736,eb094394-0c18-464a-940e-3f3a59f8d07f,688e38b0-30aa-464c-94dd-c3a163e7b309,2025-12-02,present
79d47411-5303-40a8-b2ca-cf1761c7d65e,a73ab2b8-15be-462d-b7bb-ef1b47b1f5d6,688e38b0-30aa-464c-94dd-c3a163e7b309,2025-12-02,present
6e73b207-2a4c-41b8-a2bc-84bf46d1f468,d719165f-11a9-4680-8f02-2c44f6aa53a3,688e38b0-30aa-464c-94dd-c3a163e7b309,2025-12-02,present
c24c2c52-eac6-4c3f-9d29-90aa4ed07be3,ba2a934f-1ea9-4846-8f4c-8d385ebe9d33,688e38b0-30aa-464c-94dd-c3a163e7b309,2025-12-02,present
2244271e-607b-4fff-b6d1-07fd03b8ea91,d4cb308a-1dd4-488f-991b-46a97437b130,688e38b0-30aa-464c-94dd-c3a163e7b309,2025-12-02,late
ca71980b-0e86-47bd-b145-a991a4924bac,9f5f1671-ad86-47b9-bbf8-f8c847302cae,688e38b0-30aa-464c-94dd-c3a163e7b309,2025-12-02,present
2bac7cd4-4834-40f8-9ca5-3425b185f5d4,835954fd-9314-4a68-b0a9-757d91860e83,688e38b0-30aa-464c-94dd-c3a163e7b309,2025-12-02,late
36bebd74-d307-4029-af28-bf3c8f04c20e,a6e237fc-7749-41df-ae61-850b56e9f022,688e38b0-30aa-464c-94dd-c3a163e7b309,2025-12-02,present
973bb37b-123e-4d7f-90bd-a2d3b021c3d9,c8f27bd0-ad33-4d73-9c3f-28a6d4ccdc3c,688e38b0-30aa-464c-94dd-c3a163e7b309,2025-12-02,present
170d41d4-a260-4dc6-92d2-9f87de11e896,bc6bbcf8-11f3-477d-9ab0-b9c074bca9b2,688e38b0-30aa-464c-94dd-c3a163e7b309,2025-12-02,present
48a9d143-2bde-4c05-bbdb-d9aed2b67023,bd74966a-3598-4827-b29d-f1a73422034a,688e38b0-30aa-464c-94dd-c3a163e7b309,2025-12-02,present
8e8f19a4-9aca-4b6d-bf12-172e1645f798,8709a7ef-a978-498b-bdda-bc572500936c,688e38b0-30aa-464c-94dd-c3a163e7b309,2025-12-02,present
8874b103-ab29-4e1e-9056-890885aa6f01,69ec3f3a-220d-45a0-a1f4-40034bd81cbd,688e38b0-30aa-464c-94dd-c3a163e7b309,2025-12-02,present
fbbcda62-801a-4451-ad99-7246f64e0e5e,14211399-627d-4d2b-a801-6c2f773e8155,688e38b0-30aa-464c-94dd-c3a163e7b309,2025-12-02,present
7bef7b8c-4bc1-4761-b313-99cef49c4a73,fa522982-6412-402d-a16d-989f2e510279,688e38b0-30aa-464c-94dd-c3a163e7b309,2025-12-02,present
7a724c36-3a07-418e-a112-ecba91c02025,2f4f941e-db89-497e-bc1e-2878c42b1600,688e38b0-30aa-464c-94dd-c3a163e7b309,2025-12-02,present
a244f55a-1c41-4075-b29b-4358e81b0d7f,3aad3dd9-d06b-4dd7-b08f-c783b5104dec,688e38b0-30aa-464c-94dd-c3a163e7b309,2025-12-02,present
70a3bca3-5a17-439a-b04f-87a0372bbac4,a7df3abd-528b-4f8c-a9f0-3c288130efce,688e38b0-30aa-464c-94dd-c3a163e7b309,2025-12-02,present
82e3f407-b3e1-4399-9556-2da1374d1ff9,a90eafb9-e396-4697-9a33-1e5fcb63a63c,688e38b0-30aa-464c-94dd-c3a163e7b309,2025-12-02,present
c12d8cb5-1da1-4480-a76f-17cdbdc14361,9480dc48-6b4d-4d64-bd66-03a4e5467ef5,688e38b0-30aa-464c-94dd-c3a163e7b309,2025-12-02,present
0df47666-d862-402d-ab58-572a6d2fe3a0,3dcf7823-21e2-4348-ba5b-3a28555124bd,688e38b0-30aa-464c-94dd-c3a163e7b309,2025-12-02,present
7d9bc5e1-e189-485c-9c25-ea3dfbc9acbd,3afd6393-ad0c-42c9-8b43-a3b3677a2839,688e38b0-30aa-464c-94dd-c3a163e7b309,2025-12-02,present
8af4663c-9ffa-4954-b837-e7e9e3bd01d5,fa7b47dc-a084-4c98-97b0-7e711d3a45f8,688e38b0-30aa-464c-94dd-c3a163e7b309,2025-12-02,present
de02e630-7159-4249-a003-f2dfa2052237,a2d25af3-ad74-4263-88fa-bac6e0134469,688e38b0-30aa-464c-94dd-c3a163e7b309,2025-12-02,present
1c1f05a9-30f9-48ca-ab2f-75227f7dba6d,e668663b-8813-4b30-bc4a-aeb09de453b0,688e38b0-30aa-464c-94dd-c3a163e7b309,2025-12-02,present
08bac10a-5611-498b-b0fc-c98572bb2c69,f49835b6-6198-483f-947d-e6d755d827ed,688e38b0-30aa-464c-94dd-c3a163e7b309,2025-12-02,present
19ae8c83-27ee-42f2-b5cd-19b3bb9a6ca0,fd03c88d-fb45-4a28-9192-afd81cedbe0d,688e38b0-30aa-464c-94dd-c3a163e7b309,2025-12-02,present
ed710e6b-6a76-46c5-b65e-294c3f7f8702,c71c2fba-b413-420d-9926-f66b50185c12,688e38b0-30aa-464c-94dd-c3a163e7b309,2025-12-02,present
6e765ddd-b1b3-429c-b48d-e97588f41781,239c48c1-3b0e-42ae-bfff-8f4b887b802f,688e38b0-30aa-464c-94dd-c3a163e7b309,2025-12-02,present
93286087-48e4-456e-9fc0-8dd58248779d,2100a65a-4e14-46b7-b3c8-79e3ee2e760e,688e38b0-30aa-464c-94dd-c3a163e7b309,2025-12-02,absent
54bf245d-8425-4e45-83f1-8f9b7688edfd,0149a44b-de0d-4c81-b1fd-788cec68f742,688e38b0-30aa-464c-94dd-c3a163e7b309,2025-12-02,present
96a721d0-dc74-4ec9-a758-03725cf4ae35,4f967b70-1b4c-4cf5-9135-05454160636c,688e38b0-30aa-464c-94dd-c3a163e7b309,2025-12-02,present
59436ed2-2bf8-4407-8f3a-7d28461f12e5,86aea6b6-f430-4a1e-a8fc-81676bf654a5,688e38b0-30aa-464c-94dd-c3a163e7b309,2025-12-02,present
8220dcb8-3a3a-433b-9f4a-827fe2b98ebc,afa11c28-5d70-41b2-92cd-a9049723a802,688e38b0-30aa-464c-94dd-c3a163e7b309,2025-12-02,present
016dc3fb-5ed7-46f2-b41f-fe1f6a89594e,17a7878a-e32c-4c71-84ec-25cad69277a2,688e38b0-30aa-464c-94dd-c3a163e7b309,2025-12-02,present
54cd272c-cc44-4eb2-98c2-0fbd4e86f09c,cf610d93-50ed-416c-b763-7af9304ec101,688e38b0-30aa-464c-94dd-c3a163e7b309,2025-12-02,present
06951b5d-d0cb-45cb-8b9b-6cb7b33774a4,9d54ed58-78cc-4415-a505-a8ceca4143af,688e38b0-30aa-464c-94dd-c3a163e7b309,2025-12-02,present
4481246d-1fd1-4e9f-8ad9-77cd3b5bd8cc,4c5cfbe5-8bbd-4ee9-a5f6-4cc91fef100d,953e361c-7ac8-4d27-a518-826e3998879f,2025-12-02,present
f5f2e72e-a80b-4c11-be1d-a59c711c77b6,77db77f2-99af-48df-8692-ac176ec2b653,953e361c-7ac8-4d27-a518-826e3998879f,2025-12-02,present
3c24e12b-ffb1-414f-bb6a-ef0651938dea,11091381-64fb-4762-b766-7c3f53e6b0c7,953e361c-7ac8-4d27-a518-826e3998879f,2025-12-02,present
5385b7ea-f204-43c8-8578-4f3d2ee4a296,bf8b6c8a-297f-41d9-ab50-3ed6f491d492,953e361c-7ac8-4d27-a518-826e3998879f,2025-12-02,present
53cb2d87-4bb5-4a4a-8c65-fa02346983c0,d9c20128-ead3-4f71-9b6e-88da1dbb74f4,953e361c-7ac8-4d27-a518-826e3998879f,2025-12-02,present
2e171f5b-46e8-43f7-ad87-64ff1894d6b8,bfc6f425-25fa-49c6-a59b-242972e66158,953e361c-7ac8-4d27-a518-826e3998879f,2025-12-02,late
668e9fa9-6ede-485d-8d20-66b6b1151b5b,1893c2e2-71f0-4d36-a465-170e5384cfb0,953e361c-7ac8-4d27-a518-826e3998879f,2025-12-02,present
26f9698a-a788-4641-a158-a40d89a608a4,e51616c1-7344-4631-8c1a-5f2dbdfaa847,953e361c-7ac8-4d27-a518-826e3998879f,2025-12-02,late
f9f87a89-e739-491c-ab1d-3ae7effcead5,14ef30e8-b3d9-4414-8c90-6dcc67e82083,953e361c-7ac8-4d27-a518-826e3998879f,2025-12-02,present
400a5241-f46a-4a09-b7b4-509d17a61e3f,48aac26d-c3d2-4911-9dfa-4fee387a672a,953e361c-7ac8-4d27-a518-826e3998879f,2025-12-02,present
3d1175d0-d0d1-47da-a794-cb8edca6ec79,623363a3-a637-4ceb-8cb8-9b47069b71fc,953e361c-7ac8-4d27-a518-826e3998879f,2025-12-02,present
bb11596c-3459-45f2-971a-4d6ed56d0a29,747e6156-2096-4d0c-9070-9edd57ec0547,953e361c-7ac8-4d27-a518-826e3998879f,2025-12-02,present
958704ad-7048-4193-861c-75eacd434899,9bf72241-ec58-4152-b152-bbb24f24a1fd,953e361c-7ac8-4d27-a518-826e3998879f,2025-12-02,present
b5917a5d-85f9-4647-9d00-4971ebf436db,306ee3da-c62c-4db6-993c-703625383e83,953e361c-7ac8-4d27-a518-826e3998879f,2025-12-02,absent
d70b5e24-31e4-4150-9ee6-26ac3f30429e,4c7b1601-4f91-406a-8776-765f3fc8f8f7,953e361c-7ac8-4d27-a518-826e3998879f,2025-12-02,present
686a8893-fae7-4c5e-9b0a-e5a0bc08a2ae,dd90c02b-56b0-4ab3-9bf6-12fc8ff8c9f7,953e361c-7ac8-4d27-a518-826e3998879f,2025-12-02,present
4681e56f-7615-46a1-8b58-0b968e533bd6,38c4d102-791b-494f-9539-e7cbcdf2f36f,953e361c-7ac8-4d27-a518-826e3998879f,2025-12-02,present
4cf0801c-3cfd-4b2d-874a-f95cee7d33ca,dea5a081-75e1-45eb-8de3-1b5ea65ac0c4,953e361c-7ac8-4d27-a518-826e3998879f,2025-12-02,late
29b2910b-4621-408e-aa5e-f5cfe8b9b22d,37e25409-9c68-449b-9014-8cad94439880,953e361c-7ac8-4d27-a518-826e3998879f,2025-12-02,present
77cd099e-4ca7-410c-ae18-8289df8c922a,5e0b2cad-627d-4f7f-9b25-aef6c73d30c2,953e361c-7ac8-4d27-a518-826e3998879f,2025-12-02,present
fcd0fc1e-dbeb-433d-9081-13a87e5ca58e,6b2ab9b7-ed56-463c-a7d6-c65c42315527,953e361c-7ac8-4d27-a518-826e3998879f,2025-12-02,present
c74d1b2d-d255-4f86-af0c-6c5489327a13,df209b5f-6ab1-4fb0-a89d-500c917370c3,953e361c-7ac8-4d27-a518-826e3998879f,2025-12-02,present
9783a4cf-8981-486f-aed1-10a2a583b4f0,4de6d862-c112-41ac-8a55-1fa60193bd0b,953e361c-7ac8-4d27-a518-826e3998879f,2025-12-02,present
52838b06-372f-43a0-a5d6-76d306283300,2a42d558-f450-432b-a661-dec33b17d5e2,953e361c-7ac8-4d27-a518-826e3998879f,2025-12-02,present
edd7b111-be56-4c23-8386-ad36b7aa780b,189e4108-3b01-4ece-a42c-b5c604bedf2e,953e361c-7ac8-4d27-a518-826e3998879f,2025-12-02,present
fbcdb961-cc97-41f2-bf9e-acd93e1058fa,26edfa66-de7d-4cf6-be3c-c25a47076290,953e361c-7ac8-4d27-a518-826e3998879f,2025-12-02,present
2c7edbe6-fd36-4027-8a45-c3a57606f4fd,88d07fa7-fcdf-429f-8f2a-e20bef271296,953e361c-7ac8-4d27-a518-826e3998879f,2025-12-02,present
d1625a82-e6c7-4f28-b293-fe896a463492,812e6505-a0fe-46ea-9b7c-c4252662a2fc,953e361c-7ac8-4d27-a518-826e3998879f,2025-12-02,absent
122a6990-79ec-4fc1-b4ff-8290a4fadf89,4583070c-7bc1-428e-9cd0-c5620d5fc6bd,953e361c-7ac8-4d27-a518-826e3998879f,2025-12-02,present
a964c82c-17fc-4c6f-a139-83854bf6272b,ed62d8c7-b7e2-44cb-a5d6-d296010a3e35,953e361c-7ac8-4d27-a518-826e3998879f,2025-12-02,present
a1539252-89c2-4d83-9b00-0b33795681f6,0050e547-3b18-428d-a4f9-ad2eb56622bf,953e361c-7ac8-4d27-a518-826e3998879f,2025-12-02,present
df9b132c-652e-40a1-91b7-d8ffce24ebd6,4bb402ac-3351-4836-a4b4-71098fcd1cd7,953e361c-7ac8-4d27-a518-826e3998879f,2025-12-02,present
d92e037a-bb99-4083-8be8-e1aa3e521cb1,6f4c1c0a-75a4-4996-ae72-7fe9e57c1e8e,953e361c-7ac8-4d27-a518-826e3998879f,2025-12-02,present
559199cf-00bb-4d7d-86fd-7c74e84fd353,5cdfdbbb-d2a5-40c7-85c6-4988f3b51bff,953e361c-7ac8-4d27-a518-826e3998879f,2025-12-02,present
25fa6893-bc44-4527-ab11-678ee4d5b5ea,61597683-bf65-4db7-b694-5daa393d6cec,953e361c-7ac8-4d27-a518-826e3998879f,2025-12-02,present
f83ab8fc-8627-44e2-b759-23fbcb0a5ab5,f1392296-1aa4-4fa6-be5c-6242a61cea53,953e361c-7ac8-4d27-a518-826e3998879f,2025-12-02,present
e571c83c-3164-4e51-96f2-4b2df21187b3,21ceb7ac-a0d7-4360-89ef-e13e3ad69a9e,953e361c-7ac8-4d27-a518-826e3998879f,2025-12-02,present
00384525-4fed-4a13-9f83-f7ac4d39ff03,fb3f2451-3bc4-4b75-a015-16144946238b,953e361c-7ac8-4d27-a518-826e3998879f,2025-12-02,present
0916b88d-4fde-426f-973a-fb67da0555d5,6d59f742-e4ba-4199-a97f-08d77f0c3be2,953e361c-7ac8-4d27-a518-826e3998879f,2025-12-02,absent
8cb03373-eb8f-4e21-bd71-fd5ffa136381,5cf1cd19-a6b5-473b-8ff2-a5a1afee5b0d,953e361c-7ac8-4d27-a518-826e3998879f,2025-12-02,late
87855b01-84fc-4c03-8968-dd379f69ef89,e13c9330-68fa-4854-9db9-aec58a4622c6,953e361c-7ac8-4d27-a518-826e3998879f,2025-12-02,present
19a68ec1-5e51-4107-9935-0bed7a1d5d7a,5b8dbf8c-6ca3-46ee-9d5d-e208376cbe79,953e361c-7ac8-4d27-a518-826e3998879f,2025-12-02,present
7085dff0-3ea5-4549-88a5-71a92bc05cac,fbdc8ced-6fad-4589-8ed5-dd2936af79fb,953e361c-7ac8-4d27-a518-826e3998879f,2025-12-02,present
43b266d4-3417-422c-aad4-7836170a13c5,8f023de6-08a0-4ca6-bb92-8f4b94985f95,953e361c-7ac8-4d27-a518-826e3998879f,2025-12-02,present
c60bfc1b-a95d-4de6-a239-c16ec9cc81dd,07e3d9e9-eba0-4764-84e1-e37b1de753f9,953e361c-7ac8-4d27-a518-826e3998879f,2025-12-02,present
05d8f2f5-f32e-4b8d-ab98-7bb429d64bfa,1b2d3f9a-7094-4099-b37a-216972f5ceab,953e361c-7ac8-4d27-a518-826e3998879f,2025-12-02,present
3099c412-f4c1-4e5e-9529-3545429a5e81,7983dd9d-c8ba-48db-9e84-cf42e62259a5,953e361c-7ac8-4d27-a518-826e3998879f,2025-12-02,present
13f6f14c-77bb-4ae7-befe-d771e4052525,0b58f4b5-a1b3-47e6-9f7d-35861b81cce7,953e361c-7ac8-4d27-a518-826e3998879f,2025-12-02,absent
ff199a68-e484-4159-91f5-bb147e7bab97,a64580d4-6d65-4670-a0f6-a941325bab80,953e361c-7ac8-4d27-a518-826e3998879f,2025-12-02,present
77375af7-53b1-4469-ae8c-db609de1e03c,f8c3df1a-3d49-4b2f-ae0e-4ba50db27338,953e361c-7ac8-4d27-a518-826e3998879f,2025-12-02,present
594ab933-9397-4f79-b845-6cfb8da514ad,192568e9-53ea-4f7d-8433-7914a06e4e25,953e361c-7ac8-4d27-a518-826e3998879f,2025-12-02,present
90c41160-7706-43fc-8f64-bc3e2f15df19,54fde65f-e67d-4ea9-948f-4ab8a73b2339,953e361c-7ac8-4d27-a518-826e3998879f,2025-12-02,present
143a4cae-b3f9-473b-8dbb-3833ead0f58a,1c5741e4-2885-47ae-b64b-9c78e4ebc77a,953e361c-7ac8-4d27-a518-826e3998879f,2025-12-02,present
97dd6a1f-cc86-4e3f-8bdf-bfe97aa52c21,41c0c637-dbdf-4462-9311-e6c97f2df445,953e361c-7ac8-4d27-a518-826e3998879f,2025-12-02,absent
e81dfe0d-f2af-47c6-b2f5-58e853aedbf6,3723ae89-6d82-4817-b53b-ca493eb7c243,953e361c-7ac8-4d27-a518-826e3998879f,2025-12-02,present
aaee9d8b-afd9-4e05-8cbd-4f0d14b7a4cc,3fec3b12-b5f7-4c53-95fa-40e9854a706c,953e361c-7ac8-4d27-a518-826e3998879f,2025-12-02,absent
113f0391-ee93-4dd4-9bce-05b94cec4661,e4ef615e-d10a-4017-900c-2d8777206729,953e361c-7ac8-4d27-a518-826e3998879f,2025-12-02,present
1cdf8b63-2291-4622-8ca2-d5c790410845,d39eab48-b1dc-464e-ab19-d09eee764279,953e361c-7ac8-4d27-a518-826e3998879f,2025-12-02,present
83ed52b4-5ed0-485f-9bb8-7c25236c09be,b08de2d7-ecc7-4a58-bcf1-78e776de08ab,953e361c-7ac8-4d27-a518-826e3998879f,2025-12-02,present
83067896-697e-4626-8f07-5d22703b49ae,e1e42701-d1a7-4a0c-910c-49a2c697f498,953e361c-7ac8-4d27-a518-826e3998879f,2025-12-02,present
eab1fdcd-614c-4759-a61e-26a67b488204,7b7ef03f-1807-4d00-90dd-d167d5c5cc69,953e361c-7ac8-4d27-a518-826e3998879f,2025-12-02,present
e9f5872a-6c04-4820-86de-44b3538fe3e4,d8d4fe6d-5755-46ca-8059-573bc24e1108,953e361c-7ac8-4d27-a518-826e3998879f,2025-12-02,present
67a62e54-3b36-456a-9072-2be92f723252,fa78c0fe-d300-4279-923e-c32ed908040f,953e361c-7ac8-4d27-a518-826e3998879f,2025-12-02,present
4ee85c0f-14e1-40a9-a21a-6745e545fd91,a528fae2-5b20-41a6-bf49-62de3e1b307b,953e361c-7ac8-4d27-a518-826e3998879f,2025-12-02,absent
1cfc94c6-28f9-49c5-9831-76450ff4e6e5,d77ed34a-e69a-46b7-b938-3c06f97410e5,953e361c-7ac8-4d27-a518-826e3998879f,2025-12-02,present
88494247-0560-44f1-96c3-ebe6f77359d0,53a3a11d-7b96-480d-a48d-20c65725e6ff,953e361c-7ac8-4d27-a518-826e3998879f,2025-12-02,present
fcb68ff4-5101-46ef-8311-231397e2433a,3f8ba5c9-5232-4888-8f53-db9c4bbaf74a,953e361c-7ac8-4d27-a518-826e3998879f,2025-12-02,present
632319ef-8570-4704-909a-7cc981e65e75,67c0f270-8df3-49bb-8b06-9aaca285aa32,953e361c-7ac8-4d27-a518-826e3998879f,2025-12-02,present
57d894df-c745-4abe-ab38-b8e836c5817d,f1f5d31d-ff9d-4d66-848d-0038dc25bc61,953e361c-7ac8-4d27-a518-826e3998879f,2025-12-02,present
83d698bc-0d13-44a7-b505-f10ece400524,719947c5-be11-448c-8a59-3eb82aea67aa,953e361c-7ac8-4d27-a518-826e3998879f,2025-12-02,present
d4a96631-24c2-4e2d-9658-adbd220d2b84,d8cc8863-688f-440c-9d6c-0663747e92fb,953e361c-7ac8-4d27-a518-826e3998879f,2025-12-02,absent
74b5037e-f5d8-4e60-b491-4e3725eeb859,70cabaa7-712c-46c4-aed1-8b859e38ee4e,953e361c-7ac8-4d27-a518-826e3998879f,2025-12-02,present
a4a94314-c90f-475f-953c-a7837dd6112b,f15a8bce-a04d-4805-b08a-de1d39fad27b,953e361c-7ac8-4d27-a518-826e3998879f,2025-12-02,present
d67d974d-5101-44ba-ad54-3f6ca556c9e3,b2dce7f8-b7f7-4f12-932a-256b1fe78eac,953e361c-7ac8-4d27-a518-826e3998879f,2025-12-02,present
ee91b49f-f65e-4aca-96c4-a6e26d6a726b,2e202d3e-17f1-4c4a-a51a-8f6dbf4069c6,953e361c-7ac8-4d27-a518-826e3998879f,2025-12-02,present
a75cd68a-18a8-4753-9cb3-a345ca4ec1d1,6b5b4453-40d7-416f-aeb9-40fd3f448195,953e361c-7ac8-4d27-a518-826e3998879f,2025-12-02,present
40624bd2-e3e9-47b7-9f0c-68ceb15d499c,95a37bc3-0944-4f9c-86dc-0b0101fd57a4,953e361c-7ac8-4d27-a518-826e3998879f,2025-12-02,present
ac2db94a-dfaf-4c74-80f7-12ec21363d50,9108efce-bc3c-4c69-b0bd-e9f71dc4e6f7,953e361c-7ac8-4d27-a518-826e3998879f,2025-12-02,present
d54eb474-bfd0-4365-a3ae-975431c21ec2,93e035ee-5426-43b8-9b83-5b7ac151ff94,953e361c-7ac8-4d27-a518-826e3998879f,2025-12-02,present
97123ef4-ea7d-4b9a-9e55-8f69b2dba3e3,7be7cddd-6592-4c83-9207-818b04a8bdb8,953e361c-7ac8-4d27-a518-826e3998879f,2025-12-02,present
e1df20ae-3dbb-484e-91ff-b8985ff18235,c6c4c82f-0e9c-431e-ada9-9435392810bb,953e361c-7ac8-4d27-a518-826e3998879f,2025-12-02,late
92348d94-a27d-4383-b0d7-863eab9d801e,d8c88cc2-5ca1-4b26-a8ea-71ca02a763b4,953e361c-7ac8-4d27-a518-826e3998879f,2025-12-02,present
419255bb-b9f2-4c8f-afc0-23ca98d6f166,bc5af511-99fd-46fc-bc14-d9ba98f50593,953e361c-7ac8-4d27-a518-826e3998879f,2025-12-02,present
bb90b1b3-fb00-4c56-aa14-a98593b08684,2b02af75-5129-4715-90b5-073f04703bf4,953e361c-7ac8-4d27-a518-826e3998879f,2025-12-02,present
9eaa6c68-d083-41ab-8796-a76273a175da,6be5e892-7ac5-4bd1-9aa7-00c330d0db0c,953e361c-7ac8-4d27-a518-826e3998879f,2025-12-02,present
57509cbc-cd18-4aed-9992-7d1f4aa3bed1,24c1eb6c-b81d-48b3-aeca-7f5c9c66cef3,953e361c-7ac8-4d27-a518-826e3998879f,2025-12-02,present
cca1cb12-78d4-4403-b5c5-1e85810af638,ec5b5fea-0075-4b6c-abe0-854748c9ca37,953e361c-7ac8-4d27-a518-826e3998879f,2025-12-02,present
e8709841-dab6-4d6d-bc76-8c3186b8c032,a0d19503-7a97-4859-996b-7cc46bd59f6f,953e361c-7ac8-4d27-a518-826e3998879f,2025-12-02,present
fff176a6-7d8a-4e29-96ec-32d3ca810c0f,f74ba58e-218b-46e4-962e-f694ef144f35,953e361c-7ac8-4d27-a518-826e3998879f,2025-12-02,present
935fd60d-e6cf-48ac-a47d-3ce67a01a6f9,ab23f747-bc0a-4ee9-b2b9-5bb4676f3754,953e361c-7ac8-4d27-a518-826e3998879f,2025-12-02,present
cad4c665-e2fb-471d-81cc-d52f5d6ab1f2,ef580604-80b6-4695-b744-bff4581b7ad6,953e361c-7ac8-4d27-a518-826e3998879f,2025-12-02,present
7aec07ca-986f-4d62-bd1d-0b47fc01f825,efbc47f0-14e2-4ce2-8e8b-8b1652b8423a,953e361c-7ac8-4d27-a518-826e3998879f,2025-12-02,late
d1d06448-d404-445d-bd85-71d7ffe0135f,c7118dcf-1955-4091-afda-77553aa905d9,953e361c-7ac8-4d27-a518-826e3998879f,2025-12-02,present
71e82fbf-37fb-4bc5-b098-48ffeccea9a4,be993157-d13f-465a-ac83-152d3b0c2723,953e361c-7ac8-4d27-a518-826e3998879f,2025-12-02,present
1b3d36a3-62f2-40d8-8e52-328fb023ee00,59bc8320-d43c-4541-830c-c13883211cce,953e361c-7ac8-4d27-a518-826e3998879f,2025-12-02,present
4712e2ae-c995-4571-b602-7be94f1e964c,b4a4eb9e-dd75-401e-9e4e-dd9e04042385,953e361c-7ac8-4d27-a518-826e3998879f,2025-12-02,present
f6873b16-55d1-4bc4-9737-fc41a91b5b24,84088593-3587-40c1-b832-7ae0032adad7,953e361c-7ac8-4d27-a518-826e3998879f,2025-12-02,present
2ee8b4b5-2406-45f7-91be-862a792a6308,132d8512-1aaf-4d64-8341-41a88eb33488,953e361c-7ac8-4d27-a518-826e3998879f,2025-12-02,present
1ede2b79-aea6-49c8-83e9-c6f5a789ab79,d63eea11-950b-4d0d-83e9-9ceff806f922,953e361c-7ac8-4d27-a518-826e3998879f,2025-12-02,present
57d4a890-1c3a-47f5-8135-ff3bd9acae46,9f9bc396-ed37-49a5-bd5f-33d90da85a24,953e361c-7ac8-4d27-a518-826e3998879f,2025-12-02,absent
46ae131b-3c47-4a35-b636-b13d82992afb,1a5c5cb8-0e32-443b-b232-c8592e56e3de,953e361c-7ac8-4d27-a518-826e3998879f,2025-12-02,present
f0bd7f5e-61f5-46a4-b146-6ce89d48781e,362513f3-a9ac-48fd-ba95-be6ec8b43755,953e361c-7ac8-4d27-a518-826e3998879f,2025-12-02,present
ba1ac534-da7d-410a-9796-b31bac0ef92a,8d2b089a-7b95-4b37-ac53-70f03d102b51,953e361c-7ac8-4d27-a518-826e3998879f,2025-12-02,present
e356044e-d18e-4683-8f7b-7b1d8f7fd462,ad0a8aeb-fe64-48c8-b8b5-5e9bdf63b475,953e361c-7ac8-4d27-a518-826e3998879f,2025-12-02,present
8468b8da-e320-49bd-bb0f-0352c0515a10,a1a0a5dd-067d-4d01-a88c-568cfd66cb16,953e361c-7ac8-4d27-a518-826e3998879f,2025-12-02,present
4e2816d2-42de-486e-8eb8-cb8007d4b66b,623316cf-98ce-4926-b2c4-6a0a87ce609c,953e361c-7ac8-4d27-a518-826e3998879f,2025-12-02,present
be0290eb-43e3-48c5-bc45-d13986a22df5,658771f4-0c82-4dcc-91ab-1c646aaf976d,953e361c-7ac8-4d27-a518-826e3998879f,2025-12-02,absent
a23c1b41-afef-48d5-b0f9-a2b11fd788ce,f9b0f8e7-6631-4ecd-8114-04a800b2d715,953e361c-7ac8-4d27-a518-826e3998879f,2025-12-02,present
4e6de72c-b2ce-490b-9780-da060d5aacbc,e416e58d-d2df-4fcd-93eb-c5ec03483d58,953e361c-7ac8-4d27-a518-826e3998879f,2025-12-02,present
2c40aa1f-a062-4bde-aa10-421825b943e9,faaaa88e-2986-404c-9c17-2e83f4ae131b,953e361c-7ac8-4d27-a518-826e3998879f,2025-12-02,absent
183cc98b-4762-476f-9fc1-bff5120abb2a,91b03cc1-8b57-4f24-aed2-88cfc7448add,15f101cd-dd72-40bf-a8a4-06fbb07051ae,2025-12-01,present
55651bdb-8aa8-4b9f-83af-2414de199c7d,43c357c5-c37a-42b7-b528-c39af38682fd,15f101cd-dd72-40bf-a8a4-06fbb07051ae,2025-12-01,present
073dcf5a-6201-411d-ad17-25299efc0169,f01d5a72-4f6c-4665-81d2-9ab4ed885485,15f101cd-dd72-40bf-a8a4-06fbb07051ae,2025-12-01,present
05fc260c-9050-4ff6-8296-06c79440f9f2,f2e92a7f-65e4-48de-9b09-5c44d8b9a0e9,15f101cd-dd72-40bf-a8a4-06fbb07051ae,2025-12-01,present
04c00181-0c34-4d74-bad3-5c6ef8936236,86d897bd-9e3a-499b-a77f-cb35615343b2,15f101cd-dd72-40bf-a8a4-06fbb07051ae,2025-12-01,present
4c1deca5-62e6-4108-ad65-0d589a7c92c2,5d2732f0-8478-4457-b8b3-ea3dd4eaa9ad,15f101cd-dd72-40bf-a8a4-06fbb07051ae,2025-12-01,present
a04176f2-578b-4a80-a8cc-3bc52f508d8d,3e1b877a-ae26-4d23-a0ee-ac8e408245f9,15f101cd-dd72-40bf-a8a4-06fbb07051ae,2025-12-01,present
634df891-2256-4879-abc6-759877c52354,299936d1-98ab-4a47-91a0-c54a2a99ffc3,15f101cd-dd72-40bf-a8a4-06fbb07051ae,2025-12-01,present
4a4ab2bd-ca4a-43b5-8184-b4c50a47ad61,6e9fd800-48bd-471c-b6a3-7afec9d9067f,15f101cd-dd72-40bf-a8a4-06fbb07051ae,2025-12-01,present
2127081b-a604-4da9-9c24-30fe57f79197,eec6e0e0-d30e-44fb-8866-0f8190ee6433,15f101cd-dd72-40bf-a8a4-06fbb07051ae,2025-12-01,present
9ae355ef-b4b0-4493-a824-42a3c0c5a0a9,ab274b73-74f3-441a-a67f-d16baf3bba5c,15f101cd-dd72-40bf-a8a4-06fbb07051ae,2025-12-01,present
4ed5e7d0-1580-4edf-82b6-c2615030bd8e,fdf17f56-88f6-4cdc-a99e-174de64cc13f,15f101cd-dd72-40bf-a8a4-06fbb07051ae,2025-12-01,present
846780dc-4b86-433b-9390-acc5c8c2d0e7,a77d469c-b240-49d1-9511-2f292d31d5ff,15f101cd-dd72-40bf-a8a4-06fbb07051ae,2025-12-01,present
1d48b48a-40c5-41b4-8aee-79b2788db86e,63e0af7a-48db-4658-90dd-090fdb3a380e,15f101cd-dd72-40bf-a8a4-06fbb07051ae,2025-12-01,present
8760afd0-e393-4a7e-9435-66f117777daf,2ff1973d-d4f4-4fda-a472-d5313ea74ffe,15f101cd-dd72-40bf-a8a4-06fbb07051ae,2025-12-01,present
75ed1297-ea12-4855-bd48-093be3b1e8c5,2b6404c0-5204-430d-9a48-01ea955f1434,15f101cd-dd72-40bf-a8a4-06fbb07051ae,2025-12-01,present
f5357688-a68d-4472-89a5-84e3027aeace,845550bb-0763-4f50-b32a-70c21b73641b,15f101cd-dd72-40bf-a8a4-06fbb07051ae,2025-12-01,present
e2fc8acb-b1ff-4b95-bedb-9a24aca9e08a,8a4bcb07-f85f-4553-ac24-55a326b18502,15f101cd-dd72-40bf-a8a4-06fbb07051ae,2025-12-01,present
1ee27807-4a28-46c0-8051-02e74d059585,b44457a1-7797-4d87-b0d2-b572f810c2bd,15f101cd-dd72-40bf-a8a4-06fbb07051ae,2025-12-01,present
56a801e2-66ec-4a16-b70b-cf3860fc4460,5b81bad7-c488-405a-88ad-e97db3cc95f9,15f101cd-dd72-40bf-a8a4-06fbb07051ae,2025-12-01,present
a204216f-1256-456a-9857-5b92c4ec2c00,edc489eb-28c9-4db0-8d20-32c16c1f68eb,15f101cd-dd72-40bf-a8a4-06fbb07051ae,2025-12-01,present
90dafabf-daf4-45a6-9950-7f8b9cb6fbc3,29d9cb82-a3b3-4036-9cda-eefedb639c36,15f101cd-dd72-40bf-a8a4-06fbb07051ae,2025-12-01,present
80bcec32-69bf-41ea-b9ff-744f3101a019,d53eb620-7e65-4d3d-a4aa-8b07b7b5b036,15f101cd-dd72-40bf-a8a4-06fbb07051ae,2025-12-01,late
53b8ef6f-bbd9-4c0d-a3a9-89916192ebb7,b56499d7-d8be-4423-8ffa-cb688ab86a77,15f101cd-dd72-40bf-a8a4-06fbb07051ae,2025-12-01,absent
400df865-2c34-4f93-ba1e-35a14f21ab47,4612f03b-2086-491a-897a-5ef87d5e743c,15f101cd-dd72-40bf-a8a4-06fbb07051ae,2025-12-01,present
38adfe59-07d5-46b5-b067-87c7adf98975,de4b262c-e3f7-4bc6-aa9f-234668dab835,15f101cd-dd72-40bf-a8a4-06fbb07051ae,2025-12-01,absent
48c365bc-28e6-42d8-aa85-bdfaf4edca36,797ae689-bef8-447f-89b7-9530c0d2aac5,15f101cd-dd72-40bf-a8a4-06fbb07051ae,2025-12-01,present
85747ee1-92aa-4402-ac09-129618c6cc66,b9358d37-4e5d-4cf4-9d96-3102fca69d09,15f101cd-dd72-40bf-a8a4-06fbb07051ae,2025-12-01,present
bcdafc91-ffd3-460b-b532-e0a07f806e5e,7b1c41b3-af18-47c2-a950-c841fb1d5225,15f101cd-dd72-40bf-a8a4-06fbb07051ae,2025-12-01,present
cd1be97f-ffe0-461b-9e19-7e608001fd68,efa422ce-a7d0-4e9e-8510-be05dc7e3f3f,15f101cd-dd72-40bf-a8a4-06fbb07051ae,2025-12-01,present
32f027e0-fa62-48ca-a8a5-1ac3962138ba,79c5a94d-db1c-4235-9349-5666b50aba31,15f101cd-dd72-40bf-a8a4-06fbb07051ae,2025-12-01,present
597f8c96-eb7b-4d6a-8e16-db8079a57e8e,b1ff019d-124b-4753-812e-02d03eccd2a8,15f101cd-dd72-40bf-a8a4-06fbb07051ae,2025-12-01,present
3b77a9fa-2cee-4466-a141-ea5b56640bd5,0d9385d0-fb23-480b-92c6-9bf3f15dd88b,15f101cd-dd72-40bf-a8a4-06fbb07051ae,2025-12-01,present
333b1b58-01d6-46e2-bb10-456a1dc85f22,cd52aaad-4e0e-4674-a9e1-b9fb1657581c,15f101cd-dd72-40bf-a8a4-06fbb07051ae,2025-12-01,late
b27bbb59-8f28-457a-ae77-003d8fa0bdaf,d40cf516-c89c-4af4-978c-cad2994c8fc9,15f101cd-dd72-40bf-a8a4-06fbb07051ae,2025-12-01,present
b6941a31-fc96-40a0-b68a-dd78f8465c1f,ab1ba33c-b232-4ae7-b280-6cbfdc8d0aa5,15f101cd-dd72-40bf-a8a4-06fbb07051ae,2025-12-01,absent
97ca2669-1c32-4334-9902-bcbb30e05a8c,440eed3b-2b51-40cd-b884-a96c9f9b99a1,15f101cd-dd72-40bf-a8a4-06fbb07051ae,2025-12-01,present
590d67aa-48f4-407b-829c-d7d8aa989412,1f0a7704-17e4-4ced-96ab-692a7523fe8c,15f101cd-dd72-40bf-a8a4-06fbb07051ae,2025-12-01,present
b21a5f15-d3d9-403f-af63-a06541bbf302,ab7d22d2-fb92-4cd5-9c64-c886b0e8a831,15f101cd-dd72-40bf-a8a4-06fbb07051ae,2025-12-01,present
7f0351a9-2f27-4fb3-9cdf-37a60971f912,dfd620b2-0691-46a8-9296-b36c1a18daff,15f101cd-dd72-40bf-a8a4-06fbb07051ae,2025-12-01,present
db1a0f51-6d65-485e-9ed7-a46c7a17a6f1,8bb84a79-3207-4a7c-8274-1bd98098207f,15f101cd-dd72-40bf-a8a4-06fbb07051ae,2025-12-01,present
2dec0e19-0960-4cc6-aba6-ca37d959c424,b76a8368-60e0-42d6-a0ec-930e2cd61017,15f101cd-dd72-40bf-a8a4-06fbb07051ae,2025-12-01,present
80fe50b9-67d0-46a2-a1d1-ed2a52e2d0dc,16b3321a-d195-456a-9492-345689c2792e,15f101cd-dd72-40bf-a8a4-06fbb07051ae,2025-12-01,present
f5d244fd-9fe8-4852-8118-166c76cbd319,098908ac-c7f7-4200-b315-fe32a5c0158f,15f101cd-dd72-40bf-a8a4-06fbb07051ae,2025-12-01,present
7cc59a9c-e613-4ced-a23f-96bb9d6061a7,a194a1ae-1e6b-4187-81fa-8c7e5feddec8,15f101cd-dd72-40bf-a8a4-06fbb07051ae,2025-12-01,present
ca706cec-b656-4da5-9bf8-e396030628ad,29763f2b-0555-4100-87ca-ef52c13eca5a,15f101cd-dd72-40bf-a8a4-06fbb07051ae,2025-12-01,present
4320b216-7f51-4ef5-83ff-3834b788c492,5bfd9187-c793-43a0-81fa-2b268822a1ee,15f101cd-dd72-40bf-a8a4-06fbb07051ae,2025-12-01,present
c9b377ea-aebd-4eb2-982c-c405dca62f13,528b9fc5-1ad7-4bdd-8960-6cd9fa4dffdd,15f101cd-dd72-40bf-a8a4-06fbb07051ae,2025-12-01,present
f4924f91-1f43-4c0b-99f7-9dfdbd883966,57e26aa0-29f2-45e8-aa1c-4f2adf66ee7d,15f101cd-dd72-40bf-a8a4-06fbb07051ae,2025-12-01,present
1240705f-edb4-4f80-a7e0-8e7a4be7d850,2598f9ab-f396-48ff-be98-93c9cd5898a9,15f101cd-dd72-40bf-a8a4-06fbb07051ae,2025-12-01,present
86d53969-5181-4855-8859-c75193e0e36a,9522f828-b3b6-4429-8d2e-ead149a5e80c,15f101cd-dd72-40bf-a8a4-06fbb07051ae,2025-12-01,present
80eb9297-852c-4fcc-947b-82ce7e52a93b,f65384ba-4ff0-49a6-afd5-9b6c7f83b17b,15f101cd-dd72-40bf-a8a4-06fbb07051ae,2025-12-01,present
0f9ff2a2-f187-4f7b-a2b5-eb39be47c749,c8c1b203-f972-4362-8426-0a14a5489f60,15f101cd-dd72-40bf-a8a4-06fbb07051ae,2025-12-01,present
627a0752-7465-4552-a586-607dcb8a24bf,6d53fc37-017a-4d84-996e-601250d0388b,15f101cd-dd72-40bf-a8a4-06fbb07051ae,2025-12-01,present
105cc8e4-a800-4691-8cab-4b10e4e66491,d3c69972-38fa-4b75-8c0f-fa8f0718d45f,15f101cd-dd72-40bf-a8a4-06fbb07051ae,2025-12-01,present
ceff8892-f8d5-49a7-b5c7-2e1b74b33749,1b0fe155-4f1d-4a6d-9db1-63213a176158,15f101cd-dd72-40bf-a8a4-06fbb07051ae,2025-12-01,present
33cbb551-ddee-4b3c-8e0f-72a233bff425,ce4af5f5-e404-489f-aa52-f8d93cb9bbca,15f101cd-dd72-40bf-a8a4-06fbb07051ae,2025-12-01,absent
2cfff05f-a729-4cf4-ab8c-410bb7bf99f4,f1bcd0f5-46ba-4ef7-9490-ddb55e3a759e,15f101cd-dd72-40bf-a8a4-06fbb07051ae,2025-12-01,present
bb4a9361-323f-4729-8276-28a1c5d9086c,a73ab2b8-15be-462d-b7bb-ef1b47b1f5d6,15f101cd-dd72-40bf-a8a4-06fbb07051ae,2025-12-01,present
7fa22047-4fed-46c7-85b1-719f0fb6e33c,d4cb308a-1dd4-488f-991b-46a97437b130,15f101cd-dd72-40bf-a8a4-06fbb07051ae,2025-12-01,present
96c6fe8f-648f-47e8-b1d1-0f853052b047,c68132ee-42d6-4014-b16d-2aa681bbc0b1,15f101cd-dd72-40bf-a8a4-06fbb07051ae,2025-12-01,present
432e2685-7caf-4714-b232-645fd72f6ebb,da50fa41-09f3-4a41-b853-be1b0c9676a0,15f101cd-dd72-40bf-a8a4-06fbb07051ae,2025-12-01,present
c26c5b86-781a-434a-a57e-b17ec6065b5c,835954fd-9314-4a68-b0a9-757d91860e83,15f101cd-dd72-40bf-a8a4-06fbb07051ae,2025-12-01,absent
3c7be58b-28f1-48ce-8054-378a3c16f804,bc6bbcf8-11f3-477d-9ab0-b9c074bca9b2,15f101cd-dd72-40bf-a8a4-06fbb07051ae,2025-12-01,present
e7860401-cd66-4170-8b91-037c882747cb,dedb1456-d5ef-400b-873f-8ba74bf6a592,15f101cd-dd72-40bf-a8a4-06fbb07051ae,2025-12-01,present
0b84af2a-a87a-4fd9-902d-546e75a0e125,e601e550-51c1-4f50-afeb-d140415f4790,15f101cd-dd72-40bf-a8a4-06fbb07051ae,2025-12-01,present
18ecb655-ea12-42f5-8429-84d7358a6163,fd533946-3376-48a2-b262-3b8abe09f47b,15f101cd-dd72-40bf-a8a4-06fbb07051ae,2025-12-01,present
ec09d1a9-3b82-4ebd-aba9-040087e546a5,a7968baa-491d-43a4-90a9-0cf3dcea4360,15f101cd-dd72-40bf-a8a4-06fbb07051ae,2025-12-01,present
13c714af-5cc0-4cc5-996f-d7733c7dbf34,14211399-627d-4d2b-a801-6c2f773e8155,15f101cd-dd72-40bf-a8a4-06fbb07051ae,2025-12-01,present
bdce44d8-9c42-4879-826b-c056fb8b3e74,2f4f941e-db89-497e-bc1e-2878c42b1600,15f101cd-dd72-40bf-a8a4-06fbb07051ae,2025-12-01,present
3f13be4e-cea6-4b3b-b196-74157eba6d60,895b1cf3-b6b5-499b-8a84-8ad623fe963d,15f101cd-dd72-40bf-a8a4-06fbb07051ae,2025-12-01,present
2d29e604-7d68-4c2b-91a8-cc697d3b54c9,dc89433f-c558-4caa-90ef-8fd8af298977,15f101cd-dd72-40bf-a8a4-06fbb07051ae,2025-12-01,present
09bd0c6d-479e-4437-8146-2198c43b34c0,3dcf7823-21e2-4348-ba5b-3a28555124bd,15f101cd-dd72-40bf-a8a4-06fbb07051ae,2025-12-01,present
5e9ca714-737b-4082-b881-bc81d2672e43,ca0d4fd7-0491-4a43-a88b-ec42ed0e55b6,15f101cd-dd72-40bf-a8a4-06fbb07051ae,2025-12-01,present
6fe71710-1a4d-4b29-ae19-9ec85f17e4b8,fa7b47dc-a084-4c98-97b0-7e711d3a45f8,15f101cd-dd72-40bf-a8a4-06fbb07051ae,2025-12-01,present
7f93645a-275d-4946-938c-57f7c4330bf2,a2d25af3-ad74-4263-88fa-bac6e0134469,15f101cd-dd72-40bf-a8a4-06fbb07051ae,2025-12-01,present
7613f62e-a38c-4f49-8293-2da576e6857d,e668663b-8813-4b30-bc4a-aeb09de453b0,15f101cd-dd72-40bf-a8a4-06fbb07051ae,2025-12-01,present
daa0e7fb-4b19-40fb-b0b9-011120b1c8d4,f53a1dc0-a0ec-488a-ab39-465bc609782a,15f101cd-dd72-40bf-a8a4-06fbb07051ae,2025-12-01,present
df056ad9-6807-4f32-bfe0-b8f86c85bdbc,f8d923fe-fc4f-466b-a765-aa96465e700a,15f101cd-dd72-40bf-a8a4-06fbb07051ae,2025-12-01,present
255ead8f-36fd-4a7a-8f14-9b1bb1efe5fa,f1f036db-7ebb-420b-97a8-909ddc3ed4d0,15f101cd-dd72-40bf-a8a4-06fbb07051ae,2025-12-01,present
94f9cd76-c4f2-417a-9072-9a7f1de65165,e3a918f4-e6e9-4d94-9efd-742ea5459dad,15f101cd-dd72-40bf-a8a4-06fbb07051ae,2025-12-01,present
2e46e247-913a-4494-90d7-8603a3ca26c8,f49835b6-6198-483f-947d-e6d755d827ed,15f101cd-dd72-40bf-a8a4-06fbb07051ae,2025-12-01,present
5242a5e8-3675-4c2c-958d-0ce194dc197f,974b215d-5f7e-4c43-bb28-257deb7d391a,15f101cd-dd72-40bf-a8a4-06fbb07051ae,2025-12-01,present
31475ee1-8759-4487-a7ac-da50366a0883,da3743cd-720d-485f-b026-20a3afc1ebb8,15f101cd-dd72-40bf-a8a4-06fbb07051ae,2025-12-01,present
52018e28-d0d0-42a2-90c8-69c09d4a4b9b,19fa9eac-862d-4630-888d-cb9863d23444,15f101cd-dd72-40bf-a8a4-06fbb07051ae,2025-12-01,present
92463c8b-0bb5-489a-a846-0931305aef4b,239c48c1-3b0e-42ae-bfff-8f4b887b802f,15f101cd-dd72-40bf-a8a4-06fbb07051ae,2025-12-01,present
aa6e5ef3-b51e-4e0e-b771-749efb9e73f1,33b6eda6-39a2-4163-88f9-891c15ac17a4,15f101cd-dd72-40bf-a8a4-06fbb07051ae,2025-12-01,present
7d8a7f93-54b9-44ee-b3b9-7c8187e1f278,85c6be91-a179-4c10-9b2f-3e413721b5d2,15f101cd-dd72-40bf-a8a4-06fbb07051ae,2025-12-01,present
29355082-472e-4f18-8b56-8c19d8fdea5c,2100a65a-4e14-46b7-b3c8-79e3ee2e760e,15f101cd-dd72-40bf-a8a4-06fbb07051ae,2025-12-01,present
dab58f5e-f309-48b9-9148-3739cda0a427,df5be67d-9b10-4b24-84a6-41b3907f59cf,15f101cd-dd72-40bf-a8a4-06fbb07051ae,2025-12-01,present
2dba846e-376c-43c9-8cd8-fb96f0b62b40,025cc4ef-94b5-47e8-a7b1-9cb9745dedd7,15f101cd-dd72-40bf-a8a4-06fbb07051ae,2025-12-01,present
5a68e88f-dafe-4f73-b5bf-5def0f81d6df,796b285d-0e89-438d-a41f-1fc7f8c148c9,15f101cd-dd72-40bf-a8a4-06fbb07051ae,2025-12-01,present
d598b560-c1e4-4a3f-b825-b35697cdaed2,4d89c1b8-0ebf-4a51-8512-4d58fec979a3,15f101cd-dd72-40bf-a8a4-06fbb07051ae,2025-12-01,present
246491e9-880c-4322-9217-68bf75794c28,d089de86-7645-44d5-9789-1a628f739a7c,15f101cd-dd72-40bf-a8a4-06fbb07051ae,2025-12-01,present
7d6010b9-e61b-4c67-803a-b6ae8fa3e07e,c4bfe414-5d12-4be5-8f34-776e87c25a44,15f101cd-dd72-40bf-a8a4-06fbb07051ae,2025-12-01,late
edf9a060-3b79-4ebc-bff4-68af3acaa6e9,cf610d93-50ed-416c-b763-7af9304ec101,15f101cd-dd72-40bf-a8a4-06fbb07051ae,2025-12-01,present
9954a7bd-cb7a-4f2f-9bf4-e6c07b6bd51f,d7f5ed84-d666-4729-b5c1-25aeb9f9675b,15f101cd-dd72-40bf-a8a4-06fbb07051ae,2025-12-01,present
f38fc7e2-22c1-4da2-8854-3d95df626201,8118ab00-47c3-4c04-9187-9c16e563543c,15f101cd-dd72-40bf-a8a4-06fbb07051ae,2025-12-01,present
4d397df6-4129-40bb-b839-60d4c931e072,312895c4-0eb9-498a-9132-0857593c6e75,15f101cd-dd72-40bf-a8a4-06fbb07051ae,2025-12-01,present
e7d3bafc-e9fe-4e06-9fab-128dc550206d,b28ed44c-0c2d-45f4-9a53-2dfeaf4ddcfd,ad192d71-f686-4a22-b48d-8150c694c8e5,2025-12-01,present
9d92f707-9cb3-4034-bb3e-c9c815ebc4ff,789efd53-7c6f-475e-b18a-667150af663e,ad192d71-f686-4a22-b48d-8150c694c8e5,2025-12-01,present
acafc269-92dc-4048-82e5-f6ee860e5197,150e6dd1-4439-40ea-a06e-3963dcc1e040,ad192d71-f686-4a22-b48d-8150c694c8e5,2025-12-01,present
6eee208b-5912-4818-a467-5b8d0c7c7f8e,07e57e49-2909-4490-bd5e-917768a4b310,ad192d71-f686-4a22-b48d-8150c694c8e5,2025-12-01,present
3a3ceae8-ce4f-4fbf-920f-0dbb7e459244,ce20644d-e1dc-4511-8c3a-b7485eb1f7c0,ad192d71-f686-4a22-b48d-8150c694c8e5,2025-12-01,present
f997c5af-fb93-4451-a3e2-b668b8fbea56,7aafac2e-5494-4bc5-b06d-e9407e6e6944,ad192d71-f686-4a22-b48d-8150c694c8e5,2025-12-01,present
6e5d915b-62f6-4f1d-a71a-7884a9d3aaa7,56c9bff5-9d5f-4b08-8d84-3440c77418a7,ad192d71-f686-4a22-b48d-8150c694c8e5,2025-12-01,present
934c2364-294c-4cdd-b0b3-d9f77cb25002,0070ca5d-ff48-4ebc-a30d-12e2367ba48c,ad192d71-f686-4a22-b48d-8150c694c8e5,2025-12-01,present
3ba898c5-2670-4836-8996-70b3dacf262c,3e30c03f-2f38-4999-ad76-c831322719d8,ad192d71-f686-4a22-b48d-8150c694c8e5,2025-12-01,present
2aa1349e-a774-4ad5-b670-59d59a504b47,0020c3e9-4f74-4aba-8cb4-f866805c90f6,ad192d71-f686-4a22-b48d-8150c694c8e5,2025-12-01,present
0e53c0fd-3057-4e24-87ee-df449fd65879,a07040e0-502a-4292-aa68-76bd20f2c39a,ad192d71-f686-4a22-b48d-8150c694c8e5,2025-12-01,present
9c967f2b-990f-4565-9895-e0dfca760354,afd9eaa8-70ce-4c3f-9dad-7ee96d661a67,ad192d71-f686-4a22-b48d-8150c694c8e5,2025-12-01,present
3c250dd9-b693-4098-873a-dd466de823d6,422381e5-b8ef-4c4c-a7e0-aa064551cc9d,ad192d71-f686-4a22-b48d-8150c694c8e5,2025-12-01,present
99f3de05-33c6-4db8-9162-319742e5d5a4,bf8dae23-9b71-4cdf-8288-546e4aa821db,ad192d71-f686-4a22-b48d-8150c694c8e5,2025-12-01,present
639c2ae4-40e9-4786-8587-b9c3890413f3,02f2677d-2a2c-488e-b9b8-60921d81c270,ad192d71-f686-4a22-b48d-8150c694c8e5,2025-12-01,present
99d0e8b9-7749-4aaf-829e-3c543cc992d5,35bacb7b-92db-4d34-940c-c9fa6161c93b,ad192d71-f686-4a22-b48d-8150c694c8e5,2025-12-01,present
eb6140e1-0b3b-45a2-9a41-970b62507fda,4c5e5e2d-a3ba-4879-a632-04b72d5354dc,ad192d71-f686-4a22-b48d-8150c694c8e5,2025-12-01,present
bf8b43fd-f9c4-4402-b45b-ab0e7d6b8f14,ae2cf286-b238-4988-b042-3f4ecc75d0d6,ad192d71-f686-4a22-b48d-8150c694c8e5,2025-12-01,late
7ffe7a63-45b0-432c-b98c-ea32aee48a31,0915d172-23cb-44b8-a9d0-a12f7074bd34,ad192d71-f686-4a22-b48d-8150c694c8e5,2025-12-01,present
e04ebe19-8531-427b-8f45-71a9e5269d5e,21cb0562-8e89-4275-aabf-539b39047f09,ad192d71-f686-4a22-b48d-8150c694c8e5,2025-12-01,present
420c1598-4c65-401f-9e07-b3b30895eb78,109b7676-47a2-4a01-8ca2-4cb9669278f9,ad192d71-f686-4a22-b48d-8150c694c8e5,2025-12-01,present
1d17c6c7-4d7c-4b34-a6c4-097b2e4afad6,dde6565d-3d3e-4fb9-adfb-493f8c846f68,ad192d71-f686-4a22-b48d-8150c694c8e5,2025-12-01,present
f7b40f51-96af-4f84-93a4-b4dd55bf89c7,9f7d72f4-44e7-481a-b9bd-425bf88d3ee8,ad192d71-f686-4a22-b48d-8150c694c8e5,2025-12-01,present
653370bb-7a2b-413b-9077-a2f84480a897,27afceee-f74b-493b-a3ad-bae25d8d493f,ad192d71-f686-4a22-b48d-8150c694c8e5,2025-12-01,present
23260baf-f198-481b-81dc-eb2d878a585e,9ae6206a-104b-4e7e-b71c-5236d0e2893c,ad192d71-f686-4a22-b48d-8150c694c8e5,2025-12-01,present
de799da4-b1b5-4db6-8708-12a06b6335b7,02b22c10-7741-4973-aa28-bc92e9bfbdbb,ad192d71-f686-4a22-b48d-8150c694c8e5,2025-12-01,present
ebf09e3c-5335-4ce6-a8a2-dcae04063c95,905ae1e3-54b4-47ed-a65f-8aa0c6e81790,ad192d71-f686-4a22-b48d-8150c694c8e5,2025-12-01,present
ef2982de-b1ca-407b-a14f-d9c7ea7caded,92eaf967-a10e-425c-8387-ad67103aba8e,ad192d71-f686-4a22-b48d-8150c694c8e5,2025-12-01,present
f1bad803-cca7-4ee9-8525-6963333a2b51,c5a8c43d-0bd3-40ed-ba9d-18229de65192,ad192d71-f686-4a22-b48d-8150c694c8e5,2025-12-01,present
357c390b-8054-437e-95d2-0eab37d68b0e,ed40b0fa-a5dc-41cd-b326-527e5692ccc2,ad192d71-f686-4a22-b48d-8150c694c8e5,2025-12-01,present
e41ef451-dbf6-44e4-bb69-49eb3e271958,8ed4bcd3-b4ed-4601-9e74-e3d9ab2c3fab,ad192d71-f686-4a22-b48d-8150c694c8e5,2025-12-01,present
9361244f-474a-497c-8a99-098de1946f1e,51160f68-3fe8-4a80-8b68-ccf571d086bc,ad192d71-f686-4a22-b48d-8150c694c8e5,2025-12-01,present
332aa549-a874-4dc7-98c8-aca51e7dc2e8,f06c79e7-1942-447d-b0fe-f88fe1dba636,ad192d71-f686-4a22-b48d-8150c694c8e5,2025-12-01,present
8abf65d2-a22e-4557-93a7-d9a45b69d73e,4f095398-3765-4846-8683-472ba8053521,ad192d71-f686-4a22-b48d-8150c694c8e5,2025-12-01,present
38078feb-d660-4593-90db-a0f9ba2f2cc8,a0f7e0ef-1647-403d-adde-8be71dcef91f,ad192d71-f686-4a22-b48d-8150c694c8e5,2025-12-01,present
db9ea7ca-da6a-40b8-a2dc-1a4fa0895999,9d346eda-3d1c-4997-a931-1ca5c58bd661,ad192d71-f686-4a22-b48d-8150c694c8e5,2025-12-01,present
01ad3013-13d6-4590-b467-2ddfd27909a1,836daad6-5441-4133-af1c-7e5e06152ecf,ad192d71-f686-4a22-b48d-8150c694c8e5,2025-12-01,present
3a4dda8d-7247-4b86-b5ab-3194972a3980,d58b044a-b1b4-49bc-80c9-250e8860dfd1,ad192d71-f686-4a22-b48d-8150c694c8e5,2025-12-01,present
6bedf38b-9f50-42ef-9e80-a25d603bc4f8,d062d1e8-34e0-44fe-9f9f-d746972f3b5f,ad192d71-f686-4a22-b48d-8150c694c8e5,2025-12-01,present
c6dccd9a-c0f8-4063-8cd0-af2f34b783e4,38d0f2e4-177d-4780-b38a-bd89e2c472f7,ad192d71-f686-4a22-b48d-8150c694c8e5,2025-12-01,present
9b5e5680-9639-47b8-9aae-3f24eceb0a3a,c6d3a5e1-14fe-4471-b19f-e42f1ec37db4,ad192d71-f686-4a22-b48d-8150c694c8e5,2025-12-01,present
5947111f-ed4c-4977-a6e3-7e1ec7cf4e75,6f61f93d-7b3a-4f6c-92c1-9d82126ed5d9,ad192d71-f686-4a22-b48d-8150c694c8e5,2025-12-01,present
44b94cab-7052-4cba-93a4-1186ed63011a,81198188-c8df-4731-8bb9-d9502605a6c5,ad192d71-f686-4a22-b48d-8150c694c8e5,2025-12-01,present
9b49fab7-832c-4ee3-add7-e81373d6c516,6c643c12-1646-4a7e-b14e-dedc167fb603,ad192d71-f686-4a22-b48d-8150c694c8e5,2025-12-01,present
211965ed-5642-4944-aaeb-d4d3ac0b59be,0fb0fad5-6aa1-4bf5-a68b-6c921897ff3e,ad192d71-f686-4a22-b48d-8150c694c8e5,2025-12-01,present
a1586cc0-9fea-4345-a1ba-efd7e1e45fea,27897647-4fab-42a4-9e76-2319f6bd4d9c,ad192d71-f686-4a22-b48d-8150c694c8e5,2025-12-01,present
9e7bb940-b4a4-4b62-be36-26ebf3932ae9,73a4cb1d-87ef-4842-b21c-e2b77a680446,ad192d71-f686-4a22-b48d-8150c694c8e5,2025-12-01,absent
7ca369ca-6cca-4550-b411-5c8a2e955ce9,316d0892-6651-40c4-bdef-422f3a2cf97e,ad192d71-f686-4a22-b48d-8150c694c8e5,2025-12-01,present
d8a71e3d-f26f-43d7-8f6d-97e3c0e8d977,a62808a6-3cea-480e-955b-d9b6caf1901b,ad192d71-f686-4a22-b48d-8150c694c8e5,2025-12-01,present
4e67e2be-dd90-433f-8d49-5e9987168ad9,acdf31c6-f590-4626-87fc-70f11f7b82b7,ad192d71-f686-4a22-b48d-8150c694c8e5,2025-12-01,absent
f31ebe1b-3afa-472f-a26b-94f0d02fa0e8,c3ee8973-aa82-493c-a8d9-ec29c65399b0,ad192d71-f686-4a22-b48d-8150c694c8e5,2025-12-01,present
5029cdb6-4b46-4a0d-b0ac-da15150c9fe7,43d342c8-433d-451d-80f4-f388f67f565d,ad192d71-f686-4a22-b48d-8150c694c8e5,2025-12-01,present
27d18000-fba5-4790-b1ab-10be7bc5378d,b36f9b27-4118-4965-b35e-cb27d79018c9,ad192d71-f686-4a22-b48d-8150c694c8e5,2025-12-01,present
2c1e1c85-09c6-4b94-86e3-a8955839cd0a,bbf2c68c-d378-4ed2-a5da-8b8a72f6ed6f,ad192d71-f686-4a22-b48d-8150c694c8e5,2025-12-01,present
754dd6d8-914f-4565-a96b-cd563205a3ef,ddaf2fc4-5bcc-4347-b662-d66189b857c4,ad192d71-f686-4a22-b48d-8150c694c8e5,2025-12-01,present
0ebedc77-f9bb-46ff-8d1e-c56548a01f68,76c35dc5-8232-4ad8-b149-37cc8e67ce70,ad192d71-f686-4a22-b48d-8150c694c8e5,2025-12-01,present
a963f11f-4268-4062-a13d-2ae3a89b7886,8da6df1b-c330-4a6c-a7b2-5d69f65f1a95,ad192d71-f686-4a22-b48d-8150c694c8e5,2025-12-01,present
b65a96dc-aab0-4820-89f4-41b6724147a9,b1263436-ff82-4448-932e-db328ec4436a,ad192d71-f686-4a22-b48d-8150c694c8e5,2025-12-01,present
d73f38af-6231-4cae-b91a-8defecb46592,b7646896-1dcc-43cf-ba2a-9ec02177441f,ad192d71-f686-4a22-b48d-8150c694c8e5,2025-12-01,present
24b8cbed-ccaa-46f5-b8c0-45fee1b95445,ea79204a-7cf7-4e36-893c-bad5f17b0dfc,ad192d71-f686-4a22-b48d-8150c694c8e5,2025-12-01,present
420f6b31-f235-4c40-98e9-c7028180f2a5,ddd02a53-865b-4b98-a799-07393233effb,ad192d71-f686-4a22-b48d-8150c694c8e5,2025-12-01,late
dfd9606a-20ff-4afb-8aee-1244746cf251,b1bbb4fb-41c6-427a-8bca-568c8906ac7b,ad192d71-f686-4a22-b48d-8150c694c8e5,2025-12-01,absent
bd7e3004-6ee7-4264-be80-e92e6e5650fe,4d9bd7a8-697a-4e38-b547-507c08d27b43,ad192d71-f686-4a22-b48d-8150c694c8e5,2025-12-01,present
f6351999-efba-4cf7-86c6-e3240eb87c21,6021d91d-9e00-49c3-a9b6-242189ae1836,ad192d71-f686-4a22-b48d-8150c694c8e5,2025-12-01,present
f6dec934-b328-4781-92cf-d2815ad73a2c,4e23dc8b-4f0e-4fcd-b87b-a7fa8b274727,ad192d71-f686-4a22-b48d-8150c694c8e5,2025-12-01,present
9d7d1b80-6b9a-4402-a41d-7d649f2a18b8,ec2f3c4b-358c-4fde-bfda-2d76c9e465fe,ad192d71-f686-4a22-b48d-8150c694c8e5,2025-12-01,present
81348717-4271-4e1c-8282-ef7f2fdcd9d4,ccc151f3-5c99-42c6-9bb7-e9e225592e33,ad192d71-f686-4a22-b48d-8150c694c8e5,2025-12-01,present
43d324db-8873-4a17-b6ae-d63e5835b02c,76d6b9c7-7b03-4c94-8827-e33c2626288c,ad192d71-f686-4a22-b48d-8150c694c8e5,2025-12-01,present
2c8425a1-9e0b-409e-84f2-cef3d48cfd16,4badf759-93dd-4818-9a4c-17d4e15602c3,ad192d71-f686-4a22-b48d-8150c694c8e5,2025-12-01,present
0e46715c-4736-44b4-a509-56ea97274625,953faa8a-fd38-4f45-81bb-f78dd5af28c0,ad192d71-f686-4a22-b48d-8150c694c8e5,2025-12-01,present
4eed139a-8db9-4696-83f3-cecf5d65d53e,9b243ab3-78f8-40d5-9262-bbd4a986eade,ad192d71-f686-4a22-b48d-8150c694c8e5,2025-12-01,present
2926b826-5745-4d4e-a677-9946f36dd84a,ce59703d-535b-4110-9825-0c03a73cf50a,ad192d71-f686-4a22-b48d-8150c694c8e5,2025-12-01,present
f809e51c-d7e1-4d98-aeb9-0be8a3f72534,f8c3f60b-0431-4a16-b39a-ae691de4eefc,ad192d71-f686-4a22-b48d-8150c694c8e5,2025-12-01,present
c4010e17-e244-47b1-92a7-3f0dee50fab0,a3d5448f-1632-493f-9b81-e31a11873baa,ad192d71-f686-4a22-b48d-8150c694c8e5,2025-12-01,present
ed355050-1c51-4a16-beda-1a84b2736e0e,63bc9443-1f7a-4356-91fd-4c7cf650c940,ad192d71-f686-4a22-b48d-8150c694c8e5,2025-12-01,present
4c4591c9-a6f6-458c-b138-d6cb125d5b90,62398629-b5fc-4b68-8cd5-1fcb535170a0,ad192d71-f686-4a22-b48d-8150c694c8e5,2025-12-01,present
cc2c9762-0c24-4469-aea6-9234af09fee1,d57963b2-1c46-4506-abf7-060b82a28d2f,ad192d71-f686-4a22-b48d-8150c694c8e5,2025-12-01,present
9086cd20-e55d-4045-9a22-70b3f5740275,354591e5-ed67-4d86-b2f9-6bec92f28586,ad192d71-f686-4a22-b48d-8150c694c8e5,2025-12-01,present
2ac59757-10b5-4328-92d5-aa7d5c56778b,ed9d69f5-60d8-47b1-8879-33c6fc1e0aca,ad192d71-f686-4a22-b48d-8150c694c8e5,2025-12-01,late
2619dd19-636c-4245-ba99-27c50ca7a8bd,713100c3-33ab-48da-8098-a3212ae20777,ad192d71-f686-4a22-b48d-8150c694c8e5,2025-12-01,present
4a62239e-55d6-4af1-b2fb-05ccdd9bff29,0462374c-6527-4941-b220-8bccfa2e38a8,ad192d71-f686-4a22-b48d-8150c694c8e5,2025-12-01,present
1406f308-3123-4b4e-8432-c3a7b6d79028,03c70456-6541-4067-aa0f-361605b869c8,ad192d71-f686-4a22-b48d-8150c694c8e5,2025-12-01,present
3a7d64fb-ba4a-4d5d-8a12-38a47f7f5863,b1eb2602-103e-4aff-a82a-80ad279f3d29,ad192d71-f686-4a22-b48d-8150c694c8e5,2025-12-01,present
bdfc1902-6b38-4f3d-badf-ba6f54f06db7,63c0d01f-ff51-4678-b295-d83b266c66cb,ad192d71-f686-4a22-b48d-8150c694c8e5,2025-12-01,present
2d41f301-b009-4a82-b88e-4898ba6683bb,246083f8-477d-4426-9358-e40f0a168fb8,ad192d71-f686-4a22-b48d-8150c694c8e5,2025-12-01,present
c7ef15a7-a1ca-48ca-ab13-84b1241c3016,07bf2d94-e13c-4bcf-b694-e1a3752288eb,ad192d71-f686-4a22-b48d-8150c694c8e5,2025-12-01,present
246e4158-2ebb-4f60-b5ec-b6b197ecc7a3,9a5fdae0-452a-4e69-9e1b-8d1d338f9523,ad192d71-f686-4a22-b48d-8150c694c8e5,2025-12-01,present
bc2d0b47-b799-42f9-ae54-6e1d8ada4896,615261be-c5c1-4a1f-9074-22937a6da384,ad192d71-f686-4a22-b48d-8150c694c8e5,2025-12-01,present
5ca21586-f48a-43d1-bc51-03e42a5b32cd,93c92bc8-b8db-4fdc-ac23-6a72dd033b80,ad192d71-f686-4a22-b48d-8150c694c8e5,2025-12-01,present
196d819e-d152-45ab-b921-dec5695690ce,fe38d2d1-708f-4caf-8c53-887ac8538a39,ad192d71-f686-4a22-b48d-8150c694c8e5,2025-12-01,present
d1c57326-2ac8-4836-a472-ae577e1d7654,09b51b06-2436-4e4f-8a3a-e91fa53faf4e,ad192d71-f686-4a22-b48d-8150c694c8e5,2025-12-01,present
14a1e774-63f3-4740-ac67-6c5789a49998,40323b47-6f8a-4d81-9165-3f8705fbe61b,ad192d71-f686-4a22-b48d-8150c694c8e5,2025-12-01,present
c673046c-b282-4925-a920-d161b1fa26a6,ce8cf7d4-0474-411f-8887-7283c4efd9c6,ad192d71-f686-4a22-b48d-8150c694c8e5,2025-12-01,present
199ad5b8-b040-458d-87dc-af9a095016e0,c23974c4-3958-4c45-959a-f4d5163df99e,21849c45-87aa-4f42-b393-5d87e51bede2,2025-12-01,present
338fc3a2-751e-4e31-8662-604ee33f9cea,82d5cc83-30b9-4fab-8480-e9019e34499f,21849c45-87aa-4f42-b393-5d87e51bede2,2025-12-01,present
fe6d9e9d-b52c-4f24-9dcf-ce819499a226,498b503c-69b3-49a8-bd73-cae1e11bfeb7,21849c45-87aa-4f42-b393-5d87e51bede2,2025-12-01,present
089db2e1-9209-473e-958e-7d9f3cc46426,32d3674a-f486-4b3d-8897-b15fad8c4acd,21849c45-87aa-4f42-b393-5d87e51bede2,2025-12-01,present
8dc7d014-1915-4457-bc77-f122e325d4d7,c6384a38-811d-4ade-9ccc-0bbf7af2ebca,21849c45-87aa-4f42-b393-5d87e51bede2,2025-12-01,present
13908d7b-a05a-45c0-9ede-a415001b0e91,5f8832ab-239c-4f9d-b808-8a8f76c57573,21849c45-87aa-4f42-b393-5d87e51bede2,2025-12-01,present
b01cfb0b-184b-445d-9480-e87db7514a75,bfd2f89c-b66c-4b89-936f-3a1ce4eb999b,21849c45-87aa-4f42-b393-5d87e51bede2,2025-12-01,present
44f71a3b-a82c-4ac4-bb1f-013ceed28e55,b67ddae5-f744-4e38-b93f-ff25672f7743,21849c45-87aa-4f42-b393-5d87e51bede2,2025-12-01,present
f674f79f-cab2-4f9d-bd78-e673f5c8e626,b99043c3-9793-4b00-8770-f4cd44f5ac67,21849c45-87aa-4f42-b393-5d87e51bede2,2025-12-01,present
c4706e72-3ee9-41cb-935d-ec79e790a9aa,a6f7a0f5-38af-47ee-bc15-bd604866db7f,21849c45-87aa-4f42-b393-5d87e51bede2,2025-12-01,present
70a14d51-5944-4824-84a8-319755e8526c,e0585cac-e56e-4f70-9539-7d01165beadb,21849c45-87aa-4f42-b393-5d87e51bede2,2025-12-01,present
49fff368-d1e3-459e-88ee-214e664682a5,ef3a6892-0ec5-461e-bfc5-799b0ff7ccd6,21849c45-87aa-4f42-b393-5d87e51bede2,2025-12-01,present
a57d476f-f609-45c8-afe4-f39a2606b860,d3108eb4-8eef-4249-8cfe-052d104883ed,21849c45-87aa-4f42-b393-5d87e51bede2,2025-12-01,present
c76437ce-3451-4f8f-8e32-023917929da7,54a26a00-0d05-45c3-9ea5-365e2eb98194,21849c45-87aa-4f42-b393-5d87e51bede2,2025-12-01,present
4b945bef-af71-44c3-b5ec-0bcc8e884351,92ac6ec4-f383-4857-8a9c-985ebe493802,21849c45-87aa-4f42-b393-5d87e51bede2,2025-12-01,present
d36ddf5b-488e-4297-8fb4-d2ddb52a4829,f41ea448-4587-42d5-a070-27b90b2e7539,21849c45-87aa-4f42-b393-5d87e51bede2,2025-12-01,present
087e4f37-bf3d-419b-969e-d5de105ef36c,b0a21bb2-861b-4460-998c-55c69a283015,21849c45-87aa-4f42-b393-5d87e51bede2,2025-12-01,present
54a8a4f2-2763-432d-bfff-e69d4f364d2e,c83cfe93-b7ec-4482-a1fc-51edea6f7d49,21849c45-87aa-4f42-b393-5d87e51bede2,2025-12-01,present
98f79eb6-b19c-4ca8-aca4-7930f88630df,ecbd474f-c58e-4936-8dd0-59aa28f1c654,21849c45-87aa-4f42-b393-5d87e51bede2,2025-12-01,present
564bb3bd-9699-4f39-afdb-3b499f5dbdd5,60f7e0e1-6a69-4a41-9f94-d7dde73da6f1,21849c45-87aa-4f42-b393-5d87e51bede2,2025-12-01,present
447b6e49-1703-4ab6-8cec-cfd5b3637561,f36ae0b4-54b2-438e-8518-2881b74949e1,21849c45-87aa-4f42-b393-5d87e51bede2,2025-12-01,present
74faf213-66d7-4b0d-b411-89ab576929b4,323e3036-7de8-4d69-9fc3-e95cbfc36ec5,21849c45-87aa-4f42-b393-5d87e51bede2,2025-12-01,present
c0b87bf8-8d50-4442-9607-d08d21ea83ae,f411f380-e9bb-465f-a4da-72349d27f541,21849c45-87aa-4f42-b393-5d87e51bede2,2025-12-01,absent
0ac8bc81-84a2-45ba-9296-64f3dc6f1885,d7ba9f5e-048b-4485-b7be-00415dac059a,21849c45-87aa-4f42-b393-5d87e51bede2,2025-12-01,present
ef5c7aab-c83c-4db4-949e-7cd612cd887e,7d4ae9d5-7490-4e55-876c-fba8d406d1d1,21849c45-87aa-4f42-b393-5d87e51bede2,2025-12-01,present
5ad40fb0-8921-4141-84d9-87dd7d43d1c7,a070dc31-2236-430a-bb11-12257d7e1ba4,21849c45-87aa-4f42-b393-5d87e51bede2,2025-12-01,present
59cd8d0a-b4cf-4fd4-b5aa-ed6dafc91a06,5769dbbc-5881-4e4e-afce-eec0e14e7925,21849c45-87aa-4f42-b393-5d87e51bede2,2025-12-01,present
2bbd88bc-8587-49b5-86df-5b0f34154334,05a1c14a-69f5-4269-8a05-a41607f8bca7,21849c45-87aa-4f42-b393-5d87e51bede2,2025-12-01,present
b1a6679d-0a0f-4af8-af4f-ec94555585d6,083c8c37-a988-4550-9313-5980447d5d5a,21849c45-87aa-4f42-b393-5d87e51bede2,2025-12-01,present
ca092698-b5cd-430b-8f0c-8d04a94ae5fc,5e5963f9-9fd4-4f26-93fd-796e11b5b872,21849c45-87aa-4f42-b393-5d87e51bede2,2025-12-01,present
4d800ec8-8d81-4988-b0b9-db537077af80,5e76bc6b-2c56-4b78-b15f-7bf41251f81f,21849c45-87aa-4f42-b393-5d87e51bede2,2025-12-01,present
d9e5c9a7-c3f7-4bfd-997f-ce0c1e219589,73988708-c3f0-4eb5-bdda-6223be7aaea1,21849c45-87aa-4f42-b393-5d87e51bede2,2025-12-01,present
0c500f77-bb1c-4e3c-b516-9750d8819281,cd0ffb20-2ddc-4c4f-8372-d0e6bd278495,21849c45-87aa-4f42-b393-5d87e51bede2,2025-12-01,present
167522e1-808f-48ae-83d2-19e512ecd601,4afaabbb-100e-4b4d-b7a0-8bce8594f90c,21849c45-87aa-4f42-b393-5d87e51bede2,2025-12-01,present
779c67aa-f2a7-40fb-97db-5479b041c59e,d8f10392-9e64-400a-a780-c3a033b8765a,21849c45-87aa-4f42-b393-5d87e51bede2,2025-12-01,present
77d0c930-f2db-4db5-b1ff-5b18c8619b15,22b46d7e-cc69-4876-9db6-384241ccb701,21849c45-87aa-4f42-b393-5d87e51bede2,2025-12-01,present
33e82862-509d-4f26-8c1d-e36f67ea4828,3523e79a-67ae-4595-b839-cff8be6b1396,21849c45-87aa-4f42-b393-5d87e51bede2,2025-12-01,present
ce15b0b1-0508-4a13-8a54-6a9834e50aa0,ee9052a1-c0e4-4d5d-9eb2-9f62d17e8406,21849c45-87aa-4f42-b393-5d87e51bede2,2025-12-01,present
78aec1d6-964c-4670-a6a5-839adcd6bd55,1b051efe-110c-4e9a-8548-24e7e2e8de54,21849c45-87aa-4f42-b393-5d87e51bede2,2025-12-01,present
57f60fcd-a534-4f2b-ae71-4d7ed2d10706,7637fb26-fa5c-43ed-83cd-0aa7568e79b7,21849c45-87aa-4f42-b393-5d87e51bede2,2025-12-01,present
3843a07e-9911-462f-b2e6-ca8a1dfb3d04,9d61a9c3-c0e4-4443-8d74-fca4a1742a06,21849c45-87aa-4f42-b393-5d87e51bede2,2025-12-01,present
812ae1b1-bf73-47ab-9b26-4c8aa0c7fbd2,d1a01156-ab84-42f8-9e7c-62e5c0f23b56,21849c45-87aa-4f42-b393-5d87e51bede2,2025-12-01,present
c12ea087-18ab-42cc-aaba-6640517a7383,9573152c-b78d-4845-b7c8-49090f745568,21849c45-87aa-4f42-b393-5d87e51bede2,2025-12-01,present
506d8937-e2cf-417d-ba74-22967c29fde0,772c402f-11f8-486a-a298-56c60bf08721,21849c45-87aa-4f42-b393-5d87e51bede2,2025-12-01,late
8501adf4-bf20-41b7-aa22-9ecd131980f7,be9490c8-9a64-4ce5-af38-646ddf2ac3c4,21849c45-87aa-4f42-b393-5d87e51bede2,2025-12-01,present
3bc1336e-6d98-4a6a-b0d9-d20aa65da99e,03b2baf6-abb3-4fef-8ca7-3892333eb96e,21849c45-87aa-4f42-b393-5d87e51bede2,2025-12-01,late
e011590e-cce7-40ba-bade-2a3ef4f5936d,96d8c1ec-4594-42bf-a1ba-45e569166720,21849c45-87aa-4f42-b393-5d87e51bede2,2025-12-01,present
de238677-2663-44cb-b09b-a8767ebb5e46,8e005b90-de8d-4e43-8f67-72b9bab23c77,21849c45-87aa-4f42-b393-5d87e51bede2,2025-12-01,present
bcdeef9f-1395-474b-84b8-e5be8858f52f,a4cc9867-745c-49ab-82c5-b220bb70ab9e,21849c45-87aa-4f42-b393-5d87e51bede2,2025-12-01,present
259951f3-0888-4814-b914-0eb1843219cd,00164a99-a70c-464a-b90b-d3574ae9dba0,21849c45-87aa-4f42-b393-5d87e51bede2,2025-12-01,present
113918c5-f42e-43ec-8978-9d547d7ff062,804c467b-e491-43a5-8eea-07771f187c41,21849c45-87aa-4f42-b393-5d87e51bede2,2025-12-01,present
aa328369-7d00-4417-9d92-f7812d56e779,5d387db6-beac-4690-ab7e-d827835620bd,21849c45-87aa-4f42-b393-5d87e51bede2,2025-12-01,present
d8275025-2faa-4e10-9846-536918652fc7,f86e1df6-923c-4737-b340-17c34a7e6163,21849c45-87aa-4f42-b393-5d87e51bede2,2025-12-01,present
f388721f-9dbb-40d7-a6c7-33b2d6c72609,34fd1c9d-dcce-4506-a0ee-55206572e870,21849c45-87aa-4f42-b393-5d87e51bede2,2025-12-01,present
b5a9a4fa-561d-4625-ad8a-1b1b5393ab3c,8c3e83fb-b7b9-4e5c-83d1-3d8a0a877941,21849c45-87aa-4f42-b393-5d87e51bede2,2025-12-01,present
2357da56-405c-4957-98b8-7e838e340f06,c3687098-d044-4482-8c10-c89831d4f05e,21849c45-87aa-4f42-b393-5d87e51bede2,2025-12-01,present
2c9b9907-83c3-4e0a-8e89-f31c495db117,9ffa46a7-15be-4a6b-bf4d-5794b78afbbd,21849c45-87aa-4f42-b393-5d87e51bede2,2025-12-01,present
e73d6e98-78a9-448d-9270-85d54dc077cc,cbae3d14-b332-4d31-83b4-b8ea6de21b4b,21849c45-87aa-4f42-b393-5d87e51bede2,2025-12-01,present
7bacfe1b-8cad-4868-b861-cbeada0ac742,95cc81eb-0e86-4c9e-be3e-fe3fc1f0ac3f,21849c45-87aa-4f42-b393-5d87e51bede2,2025-12-01,present
bf97847e-5058-4ced-a4b8-b5d81f081cd6,dc95017e-fe6e-4c4e-9e27-5a2ec00017fe,21849c45-87aa-4f42-b393-5d87e51bede2,2025-12-01,late
176bae09-0c55-4f18-96ee-0a6d90955ece,e83fd51a-5233-405e-b975-efc6518f892c,21849c45-87aa-4f42-b393-5d87e51bede2,2025-12-01,present
370bead9-59e6-4ea1-a4b8-8be0a856f0b9,b9eb8e8d-d34b-49fd-81c6-b6b0aed88887,21849c45-87aa-4f42-b393-5d87e51bede2,2025-12-01,present
711308aa-02c1-409c-8300-794c7bccc162,f67b1037-6bbf-4475-b1aa-c1ec71e3c380,21849c45-87aa-4f42-b393-5d87e51bede2,2025-12-01,present
14352282-4122-4a0c-a2c1-0e550034d279,a8dde461-dd0f-4d40-95da-4eb16818cc24,21849c45-87aa-4f42-b393-5d87e51bede2,2025-12-01,present
9938ca35-65da-4024-9ffd-165b0aac6fd2,fbe412fd-75de-4b44-997c-95bbffcbfe91,21849c45-87aa-4f42-b393-5d87e51bede2,2025-12-01,present
91f6e4b3-caae-493e-8ee3-f5210ae140f1,2ebe057f-2eef-4522-97e4-119c290da007,21849c45-87aa-4f42-b393-5d87e51bede2,2025-12-01,present
17809765-a968-4d5b-9ba1-212ca5ebcfab,7e9f1636-23ec-4ef3-9208-8fbdae1fcc31,21849c45-87aa-4f42-b393-5d87e51bede2,2025-12-01,present
b831e7a3-331f-466d-b18f-21e17decfaae,449fbc07-a3b6-4dff-bebf-8602ff58538a,21849c45-87aa-4f42-b393-5d87e51bede2,2025-12-01,present
bc5fd4a4-1817-4ad1-8013-df2c34991315,42ddbd51-a1c4-4bb1-8d68-5a810074800c,21849c45-87aa-4f42-b393-5d87e51bede2,2025-12-01,present
ff91ebc4-9ddb-4941-851b-d2673bb6d4d1,7fd8fca2-3fbe-4cc9-8006-89b7b2e12b3c,21849c45-87aa-4f42-b393-5d87e51bede2,2025-12-01,present
46b610f9-41fe-4a2b-b099-39a331c1bd2b,61ff6b72-4ed8-4579-b6eb-951048f440a8,21849c45-87aa-4f42-b393-5d87e51bede2,2025-12-01,present
983256b8-5f92-43ec-86ba-4095b52d1dc2,d99c9370-0313-4923-aeab-391f345da81d,21849c45-87aa-4f42-b393-5d87e51bede2,2025-12-01,present
bde22332-a1a4-402d-a4a2-440019e67c5f,b384c181-33b6-4d3b-a72c-cd97ce5a609b,21849c45-87aa-4f42-b393-5d87e51bede2,2025-12-01,present
a1b3e4e4-58b6-41f5-a1e0-21bc9cb95d8f,7320768a-6482-4fca-be1f-7e447893702a,21849c45-87aa-4f42-b393-5d87e51bede2,2025-12-01,present
5c11a546-b677-4abd-b389-f0f85ca43740,c0d6875a-3d80-4546-8f50-7c4eafcd0f28,21849c45-87aa-4f42-b393-5d87e51bede2,2025-12-01,absent
2d1ed1f8-4297-4933-9cec-ae66efaa79d0,8d1e534f-74db-4618-9bf6-ff2f182d58a2,21849c45-87aa-4f42-b393-5d87e51bede2,2025-12-01,present
620fc32b-37f5-4079-9f38-53d029ae55e8,d0189023-bb24-4020-b142-5ed3c6137bdb,21849c45-87aa-4f42-b393-5d87e51bede2,2025-12-01,present
0aad9470-9dc6-4fb8-84de-55d0cf78606a,4df6eba8-a1f9-4824-8e11-604d48e2122b,21849c45-87aa-4f42-b393-5d87e51bede2,2025-12-01,present
6a060422-6049-4a70-857e-2a6fc711263d,6b3a5972-64ba-4d5b-960e-ae2d96c87f55,21849c45-87aa-4f42-b393-5d87e51bede2,2025-12-01,present
60e2c05d-b2b2-4566-bd22-db0d71dda0ac,b146480e-a5db-4acc-af94-51e40a2cd1c0,21849c45-87aa-4f42-b393-5d87e51bede2,2025-12-01,present
e5a55295-2dba-4673-a31e-0fb5369dab22,6d19c567-6871-4b81-9023-801101d960c7,21849c45-87aa-4f42-b393-5d87e51bede2,2025-12-01,present
266a8a78-fe3b-4ece-863c-c62934f465be,79b14cb3-0d0c-4440-ba46-2ae841e60dfa,21849c45-87aa-4f42-b393-5d87e51bede2,2025-12-01,present
5fa6f929-6480-4df3-8eea-4f45ec26fa66,e00e4e01-4785-414d-bae1-3f70fc472100,21849c45-87aa-4f42-b393-5d87e51bede2,2025-12-01,absent
812aeb23-be2b-472a-8a03-0df28ae87b58,13b90a11-a131-4def-8f20-14442cb09511,21849c45-87aa-4f42-b393-5d87e51bede2,2025-12-01,present
46493cea-a1dc-4bb4-a928-30e04091ec09,cdb071c7-2227-4296-85c1-b79a716231b9,21849c45-87aa-4f42-b393-5d87e51bede2,2025-12-01,present
fdfef840-25f8-44a7-82d2-cef842e54f83,c93ca0b7-baa3-406f-831f-0225d1ab3f8a,21849c45-87aa-4f42-b393-5d87e51bede2,2025-12-01,absent
2068068a-1bf6-4e88-bd8a-0324a9492e77,ca87113c-7ea1-4f5c-b858-8a9bdd27a5e6,21849c45-87aa-4f42-b393-5d87e51bede2,2025-12-01,present
5dad3030-3bb9-4dfe-a777-39e277f0af40,a59ee7e4-f195-4ff1-b0d7-f2e2ac68dc45,21849c45-87aa-4f42-b393-5d87e51bede2,2025-12-01,present
af600bfb-6b4e-4d72-836f-9c5ef453e5a3,95560399-4ff9-447f-9d7a-b6ced221d39f,21849c45-87aa-4f42-b393-5d87e51bede2,2025-12-01,present
6d28714e-a6db-41fb-9d14-c30208b6ed6c,d6bd96ff-48c5-4328-9d30-9554e81d96e3,21849c45-87aa-4f42-b393-5d87e51bede2,2025-12-01,present
824238c3-18d7-4c0b-8e04-e8762be2c018,8af05ba4-50de-483a-b7cb-ae345187de5b,21849c45-87aa-4f42-b393-5d87e51bede2,2025-12-01,present
5af85a62-39aa-4d8d-9052-e96eb1491864,dfde01e6-73dc-476a-85a5-833b50af11d2,ca2e6915-af3a-426a-9cd6-e1a824913cb7,2025-12-01,present
676f5b08-c729-4e6e-9c41-f8a6bc24e1dc,9fcccc97-da52-48e0-92c1-db6623e132c5,ca2e6915-af3a-426a-9cd6-e1a824913cb7,2025-12-01,present
1425721b-a770-46f7-971d-668f53669675,18609ac4-2061-4f4b-9500-48b1b7f576d7,ca2e6915-af3a-426a-9cd6-e1a824913cb7,2025-12-01,present
04863ca8-7376-4051-a8dc-8f2a7448b611,fde2b51b-7a5e-408a-8d27-6893f9e91384,ca2e6915-af3a-426a-9cd6-e1a824913cb7,2025-12-01,present
395345c1-bed4-4f8e-b36b-37282c159f91,e0e93515-47fc-4588-981c-1474c1d76ab8,ca2e6915-af3a-426a-9cd6-e1a824913cb7,2025-12-01,late
76d8d191-a4b2-4b01-ab65-6c333702f55b,409af852-6bf6-4499-ae24-e0c9212249f2,ca2e6915-af3a-426a-9cd6-e1a824913cb7,2025-12-01,present
4780043e-6d39-4b8a-9e51-1c8c5cd049a0,dbdf4538-853d-4d6c-9c0c-81e68b7d00e9,ca2e6915-af3a-426a-9cd6-e1a824913cb7,2025-12-01,present
4b504f6d-20e2-4701-b4ac-1a050a05e0f6,fc4d2b3b-8ac2-43a2-8d9f-ac2f4fd3b476,ca2e6915-af3a-426a-9cd6-e1a824913cb7,2025-12-01,present
89636325-ab66-456d-9855-829c0e8de385,e3dd03c7-0fad-454f-a4aa-851d7ecb4f39,ca2e6915-af3a-426a-9cd6-e1a824913cb7,2025-12-01,absent
5606ad7f-1917-4231-a3e6-96ec00abd64a,7243e950-76a9-4b29-932e-3877fcded76e,ca2e6915-af3a-426a-9cd6-e1a824913cb7,2025-12-01,present
67065df9-0c9a-49f9-9e09-d2ef03e0f2a5,e6f64db9-e87f-498a-ae1d-6ce29800af27,ca2e6915-af3a-426a-9cd6-e1a824913cb7,2025-12-01,present
6fa02667-1833-4f1d-848a-640a6b68a90d,b0dd6910-03fa-4b3c-8461-e44ae950906a,ca2e6915-af3a-426a-9cd6-e1a824913cb7,2025-12-01,present
06114a8d-002e-4e17-bf45-ef54cece198b,5f3babed-773e-4d14-8bba-6ae33811f1e1,ca2e6915-af3a-426a-9cd6-e1a824913cb7,2025-12-01,present
7f2f9a0e-8961-44c8-a344-af7d958fb2a4,0f56d8a3-8512-44fa-917e-bd33f68dd3d5,ca2e6915-af3a-426a-9cd6-e1a824913cb7,2025-12-01,present
69a275bc-d0f6-400a-bbb4-701ad50a94d4,35a44d8e-9ae4-4553-b47a-1d4d7a7732fa,ca2e6915-af3a-426a-9cd6-e1a824913cb7,2025-12-01,present
6c74222f-179d-443b-a06b-6f8ec310c72d,5c3e876e-faa2-45b6-bddc-34b5f92c3c85,ca2e6915-af3a-426a-9cd6-e1a824913cb7,2025-12-01,present
48bf6ed7-e232-4dfa-8efb-ab9956e37a4b,e9410b27-0034-4ba5-b14a-4c35993ce91e,ca2e6915-af3a-426a-9cd6-e1a824913cb7,2025-12-01,present
7b461ea6-21ff-45b6-b174-3d6d9c2693ba,1e9f4936-34a0-4482-b94e-0e1033964df4,ca2e6915-af3a-426a-9cd6-e1a824913cb7,2025-12-01,present
d956d3e3-a19b-47e2-a57a-77288e90b890,89ae8983-1411-4e0d-b54f-84f7e310338d,ca2e6915-af3a-426a-9cd6-e1a824913cb7,2025-12-01,present
158cebbf-748e-4dcd-9a1f-9e7e5c706f80,12cd699b-29b7-4c1b-b2de-8a810b53bfb8,ca2e6915-af3a-426a-9cd6-e1a824913cb7,2025-12-01,present
ca1d4e18-d685-4492-b72b-8b817a9c6cc4,9fb85139-86ed-4985-82f5-2ffef84da203,ca2e6915-af3a-426a-9cd6-e1a824913cb7,2025-12-01,present
7b51b8fa-d104-4dad-9b1f-10be5cd1a6eb,58da51bc-8036-4c5e-a3fe-e40189a96321,ca2e6915-af3a-426a-9cd6-e1a824913cb7,2025-12-01,present
83125b67-0770-42c4-9484-99790b221664,ce7e9529-25e8-4f73-a64c-a36fd21b89a1,ca2e6915-af3a-426a-9cd6-e1a824913cb7,2025-12-01,present
31ab0453-1a5f-434f-ac37-beb5ebca492e,f6cac17c-08ab-4e1b-83f9-98352d40bbfc,ca2e6915-af3a-426a-9cd6-e1a824913cb7,2025-12-01,present
9ab5703b-3139-4a74-a23b-9bc5d51cf925,e7896d5e-ef3f-4ad0-998f-8f2305b65f9f,ca2e6915-af3a-426a-9cd6-e1a824913cb7,2025-12-01,present
965166b7-9f3f-4a2d-8e41-0fdc46b9c108,665adb35-5d2c-4491-8e4d-ec7aafe7d08d,ca2e6915-af3a-426a-9cd6-e1a824913cb7,2025-12-01,late
aa071a09-0c39-48de-bdee-86076762eb5a,5689e9f2-0e4f-410c-9515-ecd1e1246b0e,ca2e6915-af3a-426a-9cd6-e1a824913cb7,2025-12-01,present
e2c362e8-9280-4294-b481-b7f0600e6944,80095a5e-1f3b-4f47-a423-d572b7f7361f,ca2e6915-af3a-426a-9cd6-e1a824913cb7,2025-12-01,present
d94637fe-ba9d-4ef0-9c9e-eba452f08981,aa417ffa-ba7b-4721-9980-cc9f5628cf34,ca2e6915-af3a-426a-9cd6-e1a824913cb7,2025-12-01,present
0679730a-9fc8-4fd0-9f2e-dbdcf0d5f0f1,d92662d3-56ed-43d0-b5e9-673ee75e4578,ca2e6915-af3a-426a-9cd6-e1a824913cb7,2025-12-01,present
d5d65a54-c395-423b-a7f5-5258cf272115,d23cbda0-478b-42f8-b8c1-2a34fa624b0a,ca2e6915-af3a-426a-9cd6-e1a824913cb7,2025-12-01,present
ddb943aa-5c79-469f-8879-9a7606e239c1,da0c56bf-f5ca-4cf5-8114-c73084c1a507,ca2e6915-af3a-426a-9cd6-e1a824913cb7,2025-12-01,present
6b4083b4-4156-452a-bdb0-ce8cdc814d9a,378db48c-5b38-4fc1-ad00-d20be445debd,ca2e6915-af3a-426a-9cd6-e1a824913cb7,2025-12-01,present
480c848a-4283-4f2e-8847-b4b158338644,e81c1566-91e0-49a3-b932-6409adb6d75c,ca2e6915-af3a-426a-9cd6-e1a824913cb7,2025-12-01,present
f0272c7f-3b35-404b-8f71-41d1355202dd,67ce79bf-79ee-45b5-963d-2ae7c4ad4963,ca2e6915-af3a-426a-9cd6-e1a824913cb7,2025-12-01,present
294e9ea6-a10f-4fb5-afac-1c648bbc4a97,0e489e4c-c62e-4b03-8b6f-5a0fda0749d3,ca2e6915-af3a-426a-9cd6-e1a824913cb7,2025-12-01,present
63db1e36-5a44-4bf4-b18c-3bd618ef08af,b351a55d-8431-48c5-a4bd-bc9c71a9c037,ca2e6915-af3a-426a-9cd6-e1a824913cb7,2025-12-01,present
a67e1217-2c9e-409e-8d0c-5cca6718db2d,348f0be6-8e95-4b15-a7e7-85d26132db10,ca2e6915-af3a-426a-9cd6-e1a824913cb7,2025-12-01,present
6df23efa-1444-4571-9081-57ea9c2b6248,ba9acd2c-0b31-426b-8d77-36497f842e51,ca2e6915-af3a-426a-9cd6-e1a824913cb7,2025-12-01,present
c29d4a28-eae0-4702-8a9b-9ba08c4bcec8,1102c5f9-fdfe-4be8-8010-5196a372f0ad,ca2e6915-af3a-426a-9cd6-e1a824913cb7,2025-12-01,present
df3ea6c7-dc16-4edb-95c7-283ab536f860,8ff80219-45a8-4813-a0ee-faf0a70472f7,ca2e6915-af3a-426a-9cd6-e1a824913cb7,2025-12-01,present
b3597acd-0fa3-4302-b917-bce49f74a9bd,1e83abaf-ffbc-40de-8caa-2e4c3672d200,ca2e6915-af3a-426a-9cd6-e1a824913cb7,2025-12-01,present
c88bb0a6-4c80-45e1-a0f9-9f777b15df71,83f8ca96-fe91-469d-9f7b-a3359e371358,ca2e6915-af3a-426a-9cd6-e1a824913cb7,2025-12-01,present
0c33640e-849a-4bb2-8f52-2736961ca562,1a712bc3-44b4-4ced-8a57-afa9afed812c,ca2e6915-af3a-426a-9cd6-e1a824913cb7,2025-12-01,present
77957b2a-5028-4f35-baf0-6cdf2fa72184,a79429d2-94d5-468f-ad84-ad82748356a1,ca2e6915-af3a-426a-9cd6-e1a824913cb7,2025-12-01,present
c22b1bb0-3d34-40f2-ac1c-c2a83bd93af9,959c7497-88a0-4ca4-9766-41f322fcca17,ca2e6915-af3a-426a-9cd6-e1a824913cb7,2025-12-01,present
7aec45d8-6fb5-4ecb-aa8f-c863eb50452a,69b7c627-3027-40e1-9ece-cdcb7a3b056d,ca2e6915-af3a-426a-9cd6-e1a824913cb7,2025-12-01,present
7d2f64a3-2e37-4baa-b8c6-eae5c3727eba,6ff9f11b-3be7-42cc-8329-d9837a7861a8,ca2e6915-af3a-426a-9cd6-e1a824913cb7,2025-12-01,present
b9a5adb4-8c36-4c3f-a943-99318ef71abc,b941dfa5-2339-407b-b360-ea45d42f86d1,ca2e6915-af3a-426a-9cd6-e1a824913cb7,2025-12-01,present
ea1d65fb-467d-45ba-8187-debff947bf5f,582c4cdc-e1b6-4b54-84c2-2ef09be409bd,ca2e6915-af3a-426a-9cd6-e1a824913cb7,2025-12-01,present
730c8e2a-51bf-43f8-a3bc-75da9539fa3d,d7145688-6838-4275-87a3-37187c212737,ca2e6915-af3a-426a-9cd6-e1a824913cb7,2025-12-01,present
13dfbb24-ff30-450f-9fab-8fdb0cfb32bd,cec8696d-6201-4f13-8fd9-812add71aff1,ca2e6915-af3a-426a-9cd6-e1a824913cb7,2025-12-01,present
304bf26e-1dc1-4c87-ab6c-cc64aa667aae,52176f2b-630c-42d4-862c-03abe1ad2f4f,ca2e6915-af3a-426a-9cd6-e1a824913cb7,2025-12-01,present
bf8873eb-0b23-450f-9181-2109c5459671,75192c94-3090-4fbd-847e-4192ea935bc3,ca2e6915-af3a-426a-9cd6-e1a824913cb7,2025-12-01,absent
ac984728-281e-444f-9c8a-2ccd925c5782,c00c5868-82df-47a9-8f58-db2660402683,ca2e6915-af3a-426a-9cd6-e1a824913cb7,2025-12-01,present
39a1a9f0-4877-4953-a1f8-c9d820aa581d,efa227bf-5620-4f38-a2be-8d7e514c526a,ca2e6915-af3a-426a-9cd6-e1a824913cb7,2025-12-01,present
703566eb-be20-468e-b9ba-431f13f349ce,8a44d8a4-f274-4ccc-ac13-440a40858650,ca2e6915-af3a-426a-9cd6-e1a824913cb7,2025-12-01,absent
b7db36a9-028d-40e6-8be4-dcf45db528cb,232b9c03-8117-4f46-8aa8-71eb9248abf5,ca2e6915-af3a-426a-9cd6-e1a824913cb7,2025-12-01,present
86f6f514-2444-402b-9ab4-16b0eacd54ed,522c4436-c3e2-4c12-983c-8db33ff0bde2,ca2e6915-af3a-426a-9cd6-e1a824913cb7,2025-12-01,present
75c18d0c-7497-4037-a561-4a8c114f0022,1fb7bd13-e194-4bab-8efc-957f8f14c235,ca2e6915-af3a-426a-9cd6-e1a824913cb7,2025-12-01,present
1af1322e-f092-4299-80ae-a74dfb6f0896,28108196-dae5-4fc5-ae57-4a58d12c32b4,ca2e6915-af3a-426a-9cd6-e1a824913cb7,2025-12-01,present
55ab9b4d-f51a-456c-aca2-4c8edfda5e02,b3b73401-0b3f-4318-ab99-7f2194d65760,ca2e6915-af3a-426a-9cd6-e1a824913cb7,2025-12-01,present
9019fb73-44eb-4317-8ad8-c8709424cf22,2f41cfa7-dd92-43b4-a34f-4c775b84122b,ca2e6915-af3a-426a-9cd6-e1a824913cb7,2025-12-01,present
4da3b117-b87b-4b07-9b92-e9108f8caf33,af4ac983-b135-4f26-8921-e851370b575d,ca2e6915-af3a-426a-9cd6-e1a824913cb7,2025-12-01,present
d7f3976f-70f8-4693-b048-336ce3f30fc3,9c528a9a-2c70-4b80-887f-c2df847db842,ca2e6915-af3a-426a-9cd6-e1a824913cb7,2025-12-01,present
1c8914e3-ca6f-4c92-b750-ab59ee3bc4c1,03609cac-aec7-4842-b60f-9d40359bd4a7,ca2e6915-af3a-426a-9cd6-e1a824913cb7,2025-12-01,present
7997ed36-b611-4f48-a1ea-7e54f423422c,2b82b8e7-fb96-425f-9213-3be278546629,ca2e6915-af3a-426a-9cd6-e1a824913cb7,2025-12-01,present
07f25c69-c5d0-4bef-91a3-32d1fc1709c5,5367ed44-0da2-40ac-a5b2-275b11419b76,ca2e6915-af3a-426a-9cd6-e1a824913cb7,2025-12-01,present
52f3f49c-18ea-4080-a0cf-78fa8a59ec7f,d79e2e8a-09eb-4699-9385-b65a8003f139,ca2e6915-af3a-426a-9cd6-e1a824913cb7,2025-12-01,present
c27b14d7-02a6-43b2-943b-a96a14c9a50a,1910f05a-4dec-4c13-9cb7-894bb3a24fce,ca2e6915-af3a-426a-9cd6-e1a824913cb7,2025-12-01,present
8bd2467d-4676-4069-991a-e368c0d2434c,4b75c123-ac27-44f4-8ffb-3f7a442027b7,ca2e6915-af3a-426a-9cd6-e1a824913cb7,2025-12-01,present
badee0ba-d99b-48ab-97c1-7edb98307260,6953a9a2-be12-4871-8909-1ff9bf7dbf3a,ca2e6915-af3a-426a-9cd6-e1a824913cb7,2025-12-01,present
48d3ce9f-cbd4-4ab6-b1a5-ae13a413f0c1,22dd2813-2556-456a-81ba-80e0d586f06e,ca2e6915-af3a-426a-9cd6-e1a824913cb7,2025-12-01,present
4673cff0-fa29-417d-b621-0a09e1d8f8c3,ef125f22-8298-477b-bb7b-57d85648256c,ca2e6915-af3a-426a-9cd6-e1a824913cb7,2025-12-01,present
0de86866-e6d5-4449-bd2e-ee4f1b0c1422,8753fda5-a180-4ca9-bf58-08119570420a,ca2e6915-af3a-426a-9cd6-e1a824913cb7,2025-12-01,present
dfdea512-4398-413c-8282-6e6d71249ca4,8b8328d5-aa77-497a-af4f-e038866e5303,ca2e6915-af3a-426a-9cd6-e1a824913cb7,2025-12-01,present
50e5a832-a30a-4afd-babc-10d21b8b5c58,7775db12-2a7e-4bf6-97f9-4280ab778039,ca2e6915-af3a-426a-9cd6-e1a824913cb7,2025-12-01,present
97a22490-bc93-4450-981d-edb18bf5636e,37d9b1ae-2a51-40da-9e2d-6127465e026a,ca2e6915-af3a-426a-9cd6-e1a824913cb7,2025-12-01,absent
c0a3882b-bd77-46cb-bd0d-28c56a209bf2,fbf6c166-54b6-49ec-8fb3-2e91791a9d8d,ca2e6915-af3a-426a-9cd6-e1a824913cb7,2025-12-01,present
c694fc5e-5a13-430c-b465-63653004feb6,86289b20-9f98-44c0-bd30-23fcd49b7eba,ca2e6915-af3a-426a-9cd6-e1a824913cb7,2025-12-01,present
00ba1521-ee58-4cf2-a1e6-79db9c77d51c,f1791d0c-b6fa-4e36-802e-e9dae8bff030,ca2e6915-af3a-426a-9cd6-e1a824913cb7,2025-12-01,present
af0e284e-0897-4b7a-b103-3c3e91d10b64,5faf2a95-f2ad-4f6a-a6f4-74c2f595304b,ca2e6915-af3a-426a-9cd6-e1a824913cb7,2025-12-01,present
fa7ec1c2-4aaa-4f87-822c-42a065c239cd,dd3d2a7d-5ec3-4fcc-a6aa-cc840ab27274,ca2e6915-af3a-426a-9cd6-e1a824913cb7,2025-12-01,present
f366cf23-e9e2-4445-96a1-f1c6e1a70e32,c1ce561b-592d-47a8-a02a-4dc5c8b96b46,ca2e6915-af3a-426a-9cd6-e1a824913cb7,2025-12-01,present
5b727be6-a613-442a-876e-bbf5c9651466,a7da1f88-5f30-48f9-bba1-8f024a4d4653,ca2e6915-af3a-426a-9cd6-e1a824913cb7,2025-12-01,present
2c41b54b-c25e-41da-8135-3028405e9555,1a6f6886-39ec-4739-86c3-e2fa1735849f,ca2e6915-af3a-426a-9cd6-e1a824913cb7,2025-12-01,absent
ce2193e6-1a93-42ab-a8a1-20c25fd288cd,90075d7a-0051-4623-a0f8-548875476cad,ca2e6915-af3a-426a-9cd6-e1a824913cb7,2025-12-01,present
275fceca-77b2-4880-af69-647c2249a46a,f7603bb1-7e9c-4dc5-8266-f05f72715b62,ca2e6915-af3a-426a-9cd6-e1a824913cb7,2025-12-01,late
6567a5d7-5c16-4a3e-a733-fdedc2b9f524,0b238d18-91b0-4f0e-89e3-f15d160cc629,ca2e6915-af3a-426a-9cd6-e1a824913cb7,2025-12-01,present
75216515-b8a4-452d-88e6-f94d940363ac,16412f99-afdb-4b94-a96f-835e889421c9,ca2e6915-af3a-426a-9cd6-e1a824913cb7,2025-12-01,present
8c0261c1-7f63-4bc2-a508-e369912276df,8a650e54-f9a3-4eba-ba4f-5c24b578bbc1,ca2e6915-af3a-426a-9cd6-e1a824913cb7,2025-12-01,present
17115106-5ff3-4fb2-a5b6-0ea571a23220,eee41676-8b6c-4766-8231-c6fbc86119ea,ca2e6915-af3a-426a-9cd6-e1a824913cb7,2025-12-01,present
ecefed4c-9551-43ee-b2ab-b194a7e8a5a7,61862f62-649f-464b-b240-d0f66eb608ba,ca2e6915-af3a-426a-9cd6-e1a824913cb7,2025-12-01,present
7ded5641-18ce-45f6-85e6-a0ab80915483,a526903b-178c-4066-b4b6-b97534618869,ca2e6915-af3a-426a-9cd6-e1a824913cb7,2025-12-01,present
bed2734c-5162-479a-8ad3-59c641c27107,56f6fe42-f90b-4ca8-b264-98e6a7ba25f8,ca2e6915-af3a-426a-9cd6-e1a824913cb7,2025-12-01,present
07f3a0bc-3b94-48bc-a532-22af3d5bc601,1cb3dd75-8678-437d-bbbb-1ee4644e7817,ca2e6915-af3a-426a-9cd6-e1a824913cb7,2025-12-01,present
78afdfbf-400c-4d63-820c-c8bb9c758cf0,67634b4e-a129-4fc4-8bc1-f4a47ef9d6f2,ca2e6915-af3a-426a-9cd6-e1a824913cb7,2025-12-01,present
922f11a8-215c-4cb6-986f-46352909f721,f1fa9ec5-1fc6-4288-a02c-c15125990d7b,ca2e6915-af3a-426a-9cd6-e1a824913cb7,2025-12-01,present
385cdf1e-0836-4ef8-b399-e1882f08ffaf,4c0b92cc-e2dd-4a32-9d14-9383264e6ece,ca2e6915-af3a-426a-9cd6-e1a824913cb7,2025-12-01,present
089398a3-0bc7-4f42-8ef0-9b8008ac32cc,93824d5f-5413-4456-8e83-fa5fb081bf0b,ca2e6915-af3a-426a-9cd6-e1a824913cb7,2025-12-01,present
fe2ea3ac-fa2d-4a64-9e4f-509763facdd5,87578fdf-d7c1-4b6e-8e21-41efa143369c,ca2e6915-af3a-426a-9cd6-e1a824913cb7,2025-12-01,present
d3d4f41a-1838-479a-8d7b-9563be24e1d7,9749dea1-cdb2-40ae-b261-71baa0b53fa9,40a2fa3e-3ecb-4998-a221-830dbb9cb293,2025-12-01,present
68691c74-9ac9-473e-af53-9b6dfd4945c8,fcc6595b-19c4-4904-800c-01f152fffeaf,40a2fa3e-3ecb-4998-a221-830dbb9cb293,2025-12-01,present
7e817d3e-4ce0-4e56-908f-62a7d90c6342,0678be7a-adcb-4bae-b743-3ffbcb06a82c,40a2fa3e-3ecb-4998-a221-830dbb9cb293,2025-12-01,present
3f1ec7ee-ad86-4d43-97ee-d78ac20128e3,dfde01e6-73dc-476a-85a5-833b50af11d2,40a2fa3e-3ecb-4998-a221-830dbb9cb293,2025-12-01,present
3a84efb0-73e2-4427-8c26-da50a7db49a6,9fcccc97-da52-48e0-92c1-db6623e132c5,40a2fa3e-3ecb-4998-a221-830dbb9cb293,2025-12-01,present
77e20510-1d65-4cdc-b3d5-f82320ded74f,264980b0-374d-4809-868c-95d84435f5b8,40a2fa3e-3ecb-4998-a221-830dbb9cb293,2025-12-01,present
a9c562ab-eda8-496a-9ad5-901f1c4d0ee6,fde2b51b-7a5e-408a-8d27-6893f9e91384,40a2fa3e-3ecb-4998-a221-830dbb9cb293,2025-12-01,present
17f94c71-1981-4784-9a43-62cad8d210b3,1268d57d-d1ce-499d-8aba-8c74a8bfd12d,40a2fa3e-3ecb-4998-a221-830dbb9cb293,2025-12-01,late
d51f97e7-4c00-4c05-9914-454dfa8ba6c0,3b98a576-f515-4d7c-aec6-261da10e28cb,40a2fa3e-3ecb-4998-a221-830dbb9cb293,2025-12-01,present
ae477039-2906-4842-b0ef-bc19ffcb0a9b,dbdf4538-853d-4d6c-9c0c-81e68b7d00e9,40a2fa3e-3ecb-4998-a221-830dbb9cb293,2025-12-01,present
0ec957ca-5f3a-4665-9bcd-c28729292d46,fc4d2b3b-8ac2-43a2-8d9f-ac2f4fd3b476,40a2fa3e-3ecb-4998-a221-830dbb9cb293,2025-12-01,present
f1f1d278-cb4d-4b55-ad61-9b61f1c1cd4c,e6f64db9-e87f-498a-ae1d-6ce29800af27,40a2fa3e-3ecb-4998-a221-830dbb9cb293,2025-12-01,present
3b228de8-ef90-41ad-ad36-5efd4aa1b3ac,ddf9961f-fe89-44bd-b2aa-7359b7cb5dff,40a2fa3e-3ecb-4998-a221-830dbb9cb293,2025-12-01,present
57231af8-d0fa-430d-a157-5715464166c5,0f56d8a3-8512-44fa-917e-bd33f68dd3d5,40a2fa3e-3ecb-4998-a221-830dbb9cb293,2025-12-01,present
02e7d69b-debf-48af-9cc5-a5e19b343544,d4cc997c-e781-4ad9-a1bc-3db6bcf64977,40a2fa3e-3ecb-4998-a221-830dbb9cb293,2025-12-01,present
3f50255d-707b-4ee3-9b1f-61545027baec,39badfac-18c2-4e39-9f0d-995e71ab6f4b,40a2fa3e-3ecb-4998-a221-830dbb9cb293,2025-12-01,present
c4007ad5-333c-4004-8ec5-789688758a46,9cf08b45-841b-46e3-89c5-7c345d832e39,40a2fa3e-3ecb-4998-a221-830dbb9cb293,2025-12-01,present
95bd5c0a-fa3b-4b54-b05c-b798959cd776,5c3e876e-faa2-45b6-bddc-34b5f92c3c85,40a2fa3e-3ecb-4998-a221-830dbb9cb293,2025-12-01,present
f9759e97-fa5e-481e-888b-cd8caa6238f4,a4352dd5-f5f7-47d9-bcf0-8c87e3fb9044,40a2fa3e-3ecb-4998-a221-830dbb9cb293,2025-12-01,present
f959abd7-88c4-474b-b877-3e25c9186973,5ffc15de-1e39-4d9f-bdd9-c50d9c36f940,40a2fa3e-3ecb-4998-a221-830dbb9cb293,2025-12-01,present
0291ca71-2ee8-49f9-b137-cf66029d9f11,b2c6db82-0dc3-40c9-828d-a20cad952690,40a2fa3e-3ecb-4998-a221-830dbb9cb293,2025-12-01,absent
e8f982ed-d666-4824-a8fe-f9fc732397ba,58da51bc-8036-4c5e-a3fe-e40189a96321,40a2fa3e-3ecb-4998-a221-830dbb9cb293,2025-12-01,present
6da62fcc-f680-4a7a-9c49-f2f27689ed57,ce7e9529-25e8-4f73-a64c-a36fd21b89a1,40a2fa3e-3ecb-4998-a221-830dbb9cb293,2025-12-01,present
82952492-aebf-42da-a589-3c4f57420943,d2c4b956-577f-4a55-adc3-d84f5a9f5934,40a2fa3e-3ecb-4998-a221-830dbb9cb293,2025-12-01,present
cd86855a-4ca2-4587-89c4-df148e0ab9c0,0d0ae77d-7741-4464-9b32-bed03d543028,40a2fa3e-3ecb-4998-a221-830dbb9cb293,2025-12-01,present
ae8a8fcc-96d2-4aef-a394-1fa3252f8023,46020511-826b-40c3-8daa-b22873d925ea,40a2fa3e-3ecb-4998-a221-830dbb9cb293,2025-12-01,present
d9f461de-2607-467a-9a01-dab4b20ba9b4,e7896d5e-ef3f-4ad0-998f-8f2305b65f9f,40a2fa3e-3ecb-4998-a221-830dbb9cb293,2025-12-01,present
138c6224-f81d-43a9-a6f6-b8e38abc8b3f,86dd5976-96d2-42d4-89e7-373a56bbd9cb,40a2fa3e-3ecb-4998-a221-830dbb9cb293,2025-12-01,present
c006ddb8-c235-4a80-a739-130aac6bd659,3445db33-7c1d-445e-8e6b-0af92d18b526,40a2fa3e-3ecb-4998-a221-830dbb9cb293,2025-12-01,present
7d891281-b69f-492c-a999-ecadba97f79a,cda2e925-014a-4b6a-8d02-cff478eeeea5,40a2fa3e-3ecb-4998-a221-830dbb9cb293,2025-12-01,present
23805ebc-db60-4543-9a2d-474e4782c1a3,5689e9f2-0e4f-410c-9515-ecd1e1246b0e,40a2fa3e-3ecb-4998-a221-830dbb9cb293,2025-12-01,present
c1ebff93-12fd-4eda-99c3-c75c3a2f8f78,260ab532-e738-4a3b-8739-aef67ea4dc66,40a2fa3e-3ecb-4998-a221-830dbb9cb293,2025-12-01,present
ecfeafce-1d83-4919-a385-efb2b87e77ae,0abcdfa0-ccc1-4cf1-92df-7cc950ac6370,40a2fa3e-3ecb-4998-a221-830dbb9cb293,2025-12-01,present
06d040b0-c9f1-4608-81bd-036fac35c65d,97521e13-031d-4f63-aeda-b28d961e8dc4,40a2fa3e-3ecb-4998-a221-830dbb9cb293,2025-12-01,present
19c2efab-32c8-4899-b234-0074f5c7f02e,89a1b8c2-6394-493e-a5c6-88f1c06ef3af,40a2fa3e-3ecb-4998-a221-830dbb9cb293,2025-12-01,present
bff27911-a486-43aa-867c-1b0c9bb2bd56,f4ddb493-feb8-43c6-9c8f-16ca59fb7ebd,40a2fa3e-3ecb-4998-a221-830dbb9cb293,2025-12-01,present
3f2f7f13-7a03-413f-8778-8be4ad01861a,4b37e843-dc76-49cc-b383-99769040699d,40a2fa3e-3ecb-4998-a221-830dbb9cb293,2025-12-01,present
083bc374-cbe2-476b-903c-398146a450fc,836aa600-e1f6-46f7-b068-870bb7e9487c,40a2fa3e-3ecb-4998-a221-830dbb9cb293,2025-12-01,present
6a5b5813-85ec-4c57-adb5-80f59b450db2,f48cba60-a3c9-4531-883d-f28684c2f698,40a2fa3e-3ecb-4998-a221-830dbb9cb293,2025-12-01,present
1dd8bf4a-da7b-4581-9509-7149184f6f83,60d651e2-2705-4933-aca5-f6c07bbbc98a,40a2fa3e-3ecb-4998-a221-830dbb9cb293,2025-12-01,late
ede87517-889f-4056-8d91-987580741135,abc59420-b3bf-4ef2-9283-62de849b8b28,40a2fa3e-3ecb-4998-a221-830dbb9cb293,2025-12-01,present
07b56236-da03-4108-b94b-120b20af5eca,35348d74-6454-45ae-ae27-ea04eda5e464,40a2fa3e-3ecb-4998-a221-830dbb9cb293,2025-12-01,present
47c648d1-4f11-445b-81f3-1b6bcfc0448b,497b6941-546a-43d1-aebb-a2344d3fdce9,40a2fa3e-3ecb-4998-a221-830dbb9cb293,2025-12-01,absent
1bb9ad2e-14cb-4758-b61c-80f7502ab969,0e489e4c-c62e-4b03-8b6f-5a0fda0749d3,40a2fa3e-3ecb-4998-a221-830dbb9cb293,2025-12-01,present
a169f4c2-b0cd-4a8b-a1fa-4ba114ea46fe,b351a55d-8431-48c5-a4bd-bc9c71a9c037,40a2fa3e-3ecb-4998-a221-830dbb9cb293,2025-12-01,absent
df063e23-1f08-4d47-ab26-579b7b72256e,c7d966f9-1349-4412-ac47-1fa5f3dc262c,40a2fa3e-3ecb-4998-a221-830dbb9cb293,2025-12-01,present
44ed2f14-9b16-415c-832b-cf6db327ea11,d78eb5e0-fab9-41f2-ba40-9e8b2a20c8cc,40a2fa3e-3ecb-4998-a221-830dbb9cb293,2025-12-01,present
be710950-86e8-4741-96e7-a8c026f245d6,ba9acd2c-0b31-426b-8d77-36497f842e51,40a2fa3e-3ecb-4998-a221-830dbb9cb293,2025-12-01,present
7d42f9cb-18d2-4136-b862-1bcf229ad8c5,c1675799-4067-4779-b548-b8458a03a754,40a2fa3e-3ecb-4998-a221-830dbb9cb293,2025-12-01,present
e219c36e-e9b6-4cc5-b953-8722f249f7e2,9eea7266-5f7e-4593-b105-728bee569230,40a2fa3e-3ecb-4998-a221-830dbb9cb293,2025-12-01,present
00621812-5e9a-4bbc-872c-14339302437a,5b61949a-32d9-417c-88f2-8a7e6b484573,40a2fa3e-3ecb-4998-a221-830dbb9cb293,2025-12-01,present
69678150-9f6d-4584-9fd9-fa16bc052707,93d6ccaa-fb54-4bce-bba1-373a31fd98eb,40a2fa3e-3ecb-4998-a221-830dbb9cb293,2025-12-01,present
4e355ac7-9443-4856-89af-42118121e2a3,0a8a2f3b-e546-40a4-a880-cb89aaccc3ca,40a2fa3e-3ecb-4998-a221-830dbb9cb293,2025-12-01,present
3d19d35f-121d-42b2-a58c-9f274ef2bee3,1102c5f9-fdfe-4be8-8010-5196a372f0ad,40a2fa3e-3ecb-4998-a221-830dbb9cb293,2025-12-01,present
0441394e-a6ab-4468-8045-79719fa5b81d,9d9374bf-948e-4a10-bd74-83a22975d1cc,40a2fa3e-3ecb-4998-a221-830dbb9cb293,2025-12-01,present
41afcacf-64de-42e2-abdf-a1975c095b2b,32b4efb7-51ce-45ff-bc14-7cadedb93e92,40a2fa3e-3ecb-4998-a221-830dbb9cb293,2025-12-01,present
adad1d9e-e8db-45bb-9fee-72f588066daa,a0ec5113-285c-4839-9a78-9dc2b66aa88b,40a2fa3e-3ecb-4998-a221-830dbb9cb293,2025-12-01,absent
fbe9225d-4dc7-46ea-a745-b5cb484b4341,8e3f2671-0307-4ec0-b691-cf5ea09f31ac,40a2fa3e-3ecb-4998-a221-830dbb9cb293,2025-12-01,present
352e69fd-da24-4acd-b7ac-3deead75f67e,b941dfa5-2339-407b-b360-ea45d42f86d1,40a2fa3e-3ecb-4998-a221-830dbb9cb293,2025-12-01,present
36b9ce42-a5ea-4424-8490-212c7ff9b9af,9821db12-c4c3-46a5-a355-fac82a8d43c5,40a2fa3e-3ecb-4998-a221-830dbb9cb293,2025-12-01,present
7e6aaf18-f63c-4dd9-8920-43b1a26002cc,582c4cdc-e1b6-4b54-84c2-2ef09be409bd,40a2fa3e-3ecb-4998-a221-830dbb9cb293,2025-12-01,late
55965e3d-f1ac-4ded-bb67-19d596f820e8,d7145688-6838-4275-87a3-37187c212737,40a2fa3e-3ecb-4998-a221-830dbb9cb293,2025-12-01,present
aebfc0ea-9f54-4eaa-a31d-86313920bd56,80bcc0f5-ede9-4f30-b948-25c7e8cc91c8,40a2fa3e-3ecb-4998-a221-830dbb9cb293,2025-12-01,present
dfde8060-b83b-47b1-8c8a-a3edb479fc10,22b837bf-4c3a-4e85-a5d9-1a1b9be64394,40a2fa3e-3ecb-4998-a221-830dbb9cb293,2025-12-01,present
ad5893d4-a030-4e32-8e47-b788170a10ac,d1b95595-5946-4bd4-84b4-9017a8ebd631,40a2fa3e-3ecb-4998-a221-830dbb9cb293,2025-12-01,present
75781b8f-4320-4a7f-b7c6-85dfa3046993,75192c94-3090-4fbd-847e-4192ea935bc3,40a2fa3e-3ecb-4998-a221-830dbb9cb293,2025-12-01,present
88748312-ea2d-4aa0-825f-6eb07c833ada,fa7f3d1f-1b45-4704-a1a1-aa773b2f0a73,40a2fa3e-3ecb-4998-a221-830dbb9cb293,2025-12-01,present
3e80f8c3-738b-49e3-8cab-5ce219fb9fe7,c00c5868-82df-47a9-8f58-db2660402683,40a2fa3e-3ecb-4998-a221-830dbb9cb293,2025-12-01,present
e4036559-0081-4ef0-8484-ed7eb8c78c89,08df9c72-feb0-4ec1-acca-4b600db5ac0f,40a2fa3e-3ecb-4998-a221-830dbb9cb293,2025-12-01,late
eac46e33-5454-443b-98e5-46eb5ba786c9,f8f46d16-b3b2-4706-b380-1ff63a2e927f,40a2fa3e-3ecb-4998-a221-830dbb9cb293,2025-12-01,absent
c4568623-c4f3-4d5c-b1a9-2f75088c78f6,d3ac1568-9b7f-446f-9086-f461f76bbb5d,40a2fa3e-3ecb-4998-a221-830dbb9cb293,2025-12-01,present
f7369499-6af3-4c36-b63f-9fa43e82dd34,1fb7bd13-e194-4bab-8efc-957f8f14c235,40a2fa3e-3ecb-4998-a221-830dbb9cb293,2025-12-01,present
3fc3b4cd-fa6c-4974-885f-3b3f990c65f4,af4ac983-b135-4f26-8921-e851370b575d,40a2fa3e-3ecb-4998-a221-830dbb9cb293,2025-12-01,present
8388da79-454d-4e34-9f07-4ce30063387f,03609cac-aec7-4842-b60f-9d40359bd4a7,40a2fa3e-3ecb-4998-a221-830dbb9cb293,2025-12-01,present
672a11b1-c356-400a-aa0a-9eda6a165c02,82df1d1d-b8ae-4ba3-9baf-395548055153,40a2fa3e-3ecb-4998-a221-830dbb9cb293,2025-12-01,present
b87eaa6a-85c0-4c52-a391-b3fe56a7922d,a8e1464c-a341-4fb5-accf-3b641fbf5b76,40a2fa3e-3ecb-4998-a221-830dbb9cb293,2025-12-01,present
73cbc436-f6fb-4eae-8cd0-e966a1b1e81c,d79e2e8a-09eb-4699-9385-b65a8003f139,40a2fa3e-3ecb-4998-a221-830dbb9cb293,2025-12-01,present
f4206024-a5c5-409e-8d1c-773a4af50282,f46cc870-32ed-4ef7-b3aa-cad9e6f50aae,40a2fa3e-3ecb-4998-a221-830dbb9cb293,2025-12-01,present
4149f5e1-4657-45ce-9000-cb28c5eb991e,d98e137a-ca01-4cbf-b05d-89f242d73e93,40a2fa3e-3ecb-4998-a221-830dbb9cb293,2025-12-01,present
83c650d3-ad05-457c-ad90-778575e43a6a,4b75c123-ac27-44f4-8ffb-3f7a442027b7,40a2fa3e-3ecb-4998-a221-830dbb9cb293,2025-12-01,present
ec50d739-08af-4417-baca-f3dbc70fc3f8,2dcf22ff-5864-4110-be2a-b66d44435e95,40a2fa3e-3ecb-4998-a221-830dbb9cb293,2025-12-01,present
aff3fd68-c81f-44ea-a7a9-4332632fc25a,6953a9a2-be12-4871-8909-1ff9bf7dbf3a,40a2fa3e-3ecb-4998-a221-830dbb9cb293,2025-12-01,present
851b1b5a-fbba-4af6-acee-7ee7bf6377fc,8753fda5-a180-4ca9-bf58-08119570420a,40a2fa3e-3ecb-4998-a221-830dbb9cb293,2025-12-01,present
878ac038-df89-40ee-9584-403adb170660,dd3a2b38-b78d-4738-bb6c-8a9c6a340b70,40a2fa3e-3ecb-4998-a221-830dbb9cb293,2025-12-01,present
a5d37ed4-3a8e-47de-9c69-0f287346202f,2edc3161-cb68-4384-a701-be3da5194e6b,40a2fa3e-3ecb-4998-a221-830dbb9cb293,2025-12-01,present
cd2c2341-7cd5-45a7-93a9-9b91b25acdfa,37d9b1ae-2a51-40da-9e2d-6127465e026a,40a2fa3e-3ecb-4998-a221-830dbb9cb293,2025-12-01,present
d0abd923-e1d2-4d7e-997a-fc8a9852db29,fbf6c166-54b6-49ec-8fb3-2e91791a9d8d,40a2fa3e-3ecb-4998-a221-830dbb9cb293,2025-12-01,present
e5cef163-9192-4958-a346-ab5b05067e59,21673246-671e-40f8-84ed-54bbaa213477,40a2fa3e-3ecb-4998-a221-830dbb9cb293,2025-12-01,present
c3050a85-d992-4351-abae-7e2df016d10e,b2e4bfa0-a569-414b-97e8-2977992cef07,40a2fa3e-3ecb-4998-a221-830dbb9cb293,2025-12-01,present
1869b743-3887-427b-82ad-2daa2c492e38,57aa2b47-aa29-471e-9f11-89a8413f1325,40a2fa3e-3ecb-4998-a221-830dbb9cb293,2025-12-01,present
0d81e758-9cae-4ac1-80e5-a21bcf095d58,4c1d6d3d-f405-4372-903c-9361aef8fdef,40a2fa3e-3ecb-4998-a221-830dbb9cb293,2025-12-01,present
b95f3818-0cda-4a4c-af26-7979a0406e65,14326f07-45ab-48d8-ad56-3bfb8ed25e0f,40a2fa3e-3ecb-4998-a221-830dbb9cb293,2025-12-01,present
921b7bee-229d-4a88-a269-637865213db4,a7da1f88-5f30-48f9-bba1-8f024a4d4653,40a2fa3e-3ecb-4998-a221-830dbb9cb293,2025-12-01,present
d3a1a3f2-8101-46d4-ae2f-3f4fc32df9d4,1a6f6886-39ec-4739-86c3-e2fa1735849f,40a2fa3e-3ecb-4998-a221-830dbb9cb293,2025-12-01,present
e57f92e7-eb77-4dc5-9559-eac2544d9186,24fa1aed-4b64-4140-9bcd-3e9ba701d22c,40a2fa3e-3ecb-4998-a221-830dbb9cb293,2025-12-01,present
34c0f8c8-b1da-4069-8b30-a2c0ff0ebf86,23101779-dfb1-4b16-91c5-b8a7118b7c25,40a2fa3e-3ecb-4998-a221-830dbb9cb293,2025-12-01,late
104928cc-c569-479a-a100-bc437c5f9001,32c9cfe1-c60f-4bc8-b4b4-cb180f1b9242,40a2fa3e-3ecb-4998-a221-830dbb9cb293,2025-12-01,present
adc159b7-35ff-469e-9648-f5997f789a26,3e76c81f-618c-429d-bfc6-6e9c8cb271d8,40a2fa3e-3ecb-4998-a221-830dbb9cb293,2025-12-01,present
2cca9637-647c-4669-be76-dd6d78e0ce32,8a650e54-f9a3-4eba-ba4f-5c24b578bbc1,40a2fa3e-3ecb-4998-a221-830dbb9cb293,2025-12-01,present
30e61aec-6445-4069-887c-e5f80f09336b,eee41676-8b6c-4766-8231-c6fbc86119ea,40a2fa3e-3ecb-4998-a221-830dbb9cb293,2025-12-01,present
c999598c-94f8-4ae5-98c1-2daf8ad7cd06,b92ab969-cf9e-47eb-9a96-d564089adf92,40a2fa3e-3ecb-4998-a221-830dbb9cb293,2025-12-01,present
9b4f0bce-49ee-4912-b39a-09d623673efc,a526903b-178c-4066-b4b6-b97534618869,40a2fa3e-3ecb-4998-a221-830dbb9cb293,2025-12-01,present
d16a0e57-2c5e-49e0-8887-f39fbdbff328,1cb3dd75-8678-437d-bbbb-1ee4644e7817,40a2fa3e-3ecb-4998-a221-830dbb9cb293,2025-12-01,present
05491400-a403-4a3d-99c2-3bf34ca582a5,f1fa9ec5-1fc6-4288-a02c-c15125990d7b,40a2fa3e-3ecb-4998-a221-830dbb9cb293,2025-12-01,present
57f5512a-ea1f-43f6-bdc0-7f16a86e8b79,b5c32612-b0c1-4ae2-9040-d0f18821018c,40a2fa3e-3ecb-4998-a221-830dbb9cb293,2025-12-01,present
8a2a9119-d955-48ff-b7ac-5d627bf1ca68,a9fb4bd6-dfb5-4466-82d5-7a3a533c7aa1,40a2fa3e-3ecb-4998-a221-830dbb9cb293,2025-12-01,present
93821e6d-e425-457f-b4d0-c0111f47f159,2dd68460-20f4-41da-98d6-e03cde916da4,40a2fa3e-3ecb-4998-a221-830dbb9cb293,2025-12-01,absent
641e238c-cb81-49cb-9589-144d59541aee,b11ccc49-683c-472e-b727-66ff1207eb06,40a2fa3e-3ecb-4998-a221-830dbb9cb293,2025-12-01,absent
5b20f94c-8941-4f85-ace2-250193d0f5f5,b2a4465b-4171-40f8-84bf-3823c288eaeb,afd9599f-d446-4db1-bb4a-c02e0e779076,2025-11-28,present
58b498fa-a407-4822-b33a-e1e863a05d3d,4e5f93d9-4097-4778-a042-e4b1478e1d6a,afd9599f-d446-4db1-bb4a-c02e0e779076,2025-11-28,present
5f0fd934-51e7-40a9-bb01-a854dc9d88e0,f65d6a60-3d1f-4458-8ee7-9f4fb4ce006b,afd9599f-d446-4db1-bb4a-c02e0e779076,2025-11-28,present
07b197df-9eec-4009-a21b-a09fc779ad63,a21e67a1-d192-49a7-b58c-efc4f2b0cd40,afd9599f-d446-4db1-bb4a-c02e0e779076,2025-11-28,present
ad141d72-56f0-4808-bb2b-5d85c4d03964,43c357c5-c37a-42b7-b528-c39af38682fd,afd9599f-d446-4db1-bb4a-c02e0e779076,2025-11-28,present
b2a07f09-936e-4b92-9b62-7f9b9558a3e6,f2e92a7f-65e4-48de-9b09-5c44d8b9a0e9,afd9599f-d446-4db1-bb4a-c02e0e779076,2025-11-28,present
c8bed80e-10af-4990-80c3-c63deebaab67,5029ca7d-14d1-4a95-ba62-82b52935c35c,afd9599f-d446-4db1-bb4a-c02e0e779076,2025-11-28,present
53acd4fe-6c6b-478d-8ef1-98ebe4b65b81,86d897bd-9e3a-499b-a77f-cb35615343b2,afd9599f-d446-4db1-bb4a-c02e0e779076,2025-11-28,present
fb7ef6e9-82a3-44d7-8e15-9621bda1b4dd,5d2732f0-8478-4457-b8b3-ea3dd4eaa9ad,afd9599f-d446-4db1-bb4a-c02e0e779076,2025-11-28,present
3e5bc634-9840-4794-b479-8073f54a55b8,79d54205-289e-4bca-bea5-f90692cb5f0c,afd9599f-d446-4db1-bb4a-c02e0e779076,2025-11-28,present
82906cf8-3fd4-4b16-b0f9-72b7694407b1,d8cd30e1-60e4-4182-84c3-9eae933739a0,afd9599f-d446-4db1-bb4a-c02e0e779076,2025-11-28,present
697a1f60-a6c8-4ebc-adc2-15684a2548a9,401828ff-98fe-4bcc-9447-f4b1ca9d8959,afd9599f-d446-4db1-bb4a-c02e0e779076,2025-11-28,present
5a2ea65c-19af-4b0b-b4d4-9a71fb5d5c91,17f1e371-0469-4158-88f6-c638655f6a6a,afd9599f-d446-4db1-bb4a-c02e0e779076,2025-11-28,present
d1cb3892-5c4a-4b32-8d1e-21e130968f86,26929bcf-6c9f-4995-ad08-c185e6ed9dc9,afd9599f-d446-4db1-bb4a-c02e0e779076,2025-11-28,present
a45b199b-1006-4fd8-b821-70f94e8bc16c,60238837-b652-45ee-8084-57b958365ccf,afd9599f-d446-4db1-bb4a-c02e0e779076,2025-11-28,present
aae238a9-21ed-47f8-a400-39b1ae90ed2a,299936d1-98ab-4a47-91a0-c54a2a99ffc3,afd9599f-d446-4db1-bb4a-c02e0e779076,2025-11-28,present
eeefe005-5f0b-44fc-9c16-c8c2a0f96f16,6003c120-863c-4905-9067-5fd00ed1cb8a,afd9599f-d446-4db1-bb4a-c02e0e779076,2025-11-28,late
cb5ad266-ac34-4354-b52c-07e6e0606266,569754b8-acb2-4e27-a330-3234d1dd7e63,afd9599f-d446-4db1-bb4a-c02e0e779076,2025-11-28,present
a0ea8b3f-b181-4388-947e-573de1993d37,59d8d95b-b564-4b34-89bf-9321a4d5408c,afd9599f-d446-4db1-bb4a-c02e0e779076,2025-11-28,present
3eae00d0-4c42-4941-b18b-b3152223525e,eec6e0e0-d30e-44fb-8866-0f8190ee6433,afd9599f-d446-4db1-bb4a-c02e0e779076,2025-11-28,present
152f07b0-b104-445e-9729-526614ae5e85,c8704661-ea4f-4259-a4fb-920b2a98e0c5,afd9599f-d446-4db1-bb4a-c02e0e779076,2025-11-28,present
4a910394-68d1-4079-843a-ac00db1f94d5,ab274b73-74f3-441a-a67f-d16baf3bba5c,afd9599f-d446-4db1-bb4a-c02e0e779076,2025-11-28,present
7861c1f7-f759-46c2-a165-25a50e4f99a1,92d174ce-bac3-4614-b1a5-9f26acbe7fcc,afd9599f-d446-4db1-bb4a-c02e0e779076,2025-11-28,present
f73a25ee-4234-4a08-bf63-4209c28740d6,fdf17f56-88f6-4cdc-a99e-174de64cc13f,afd9599f-d446-4db1-bb4a-c02e0e779076,2025-11-28,present
950e2293-3afe-4357-9f96-c828b3d14590,110a5e96-2ca4-4d15-9770-3ea3b9c54736,afd9599f-d446-4db1-bb4a-c02e0e779076,2025-11-28,present
6e6fe2a2-c3e8-4790-b171-7f0a27703589,7f0b64de-9566-46e5-ad8f-45f53350347a,afd9599f-d446-4db1-bb4a-c02e0e779076,2025-11-28,present
3b82b4e6-b7e0-4c56-a781-686c1292fbcd,845550bb-0763-4f50-b32a-70c21b73641b,afd9599f-d446-4db1-bb4a-c02e0e779076,2025-11-28,present
5a6268c8-91e0-4ab1-b606-be1f54c7cfc5,3417364e-15a1-43be-bc92-8396c381fe7f,afd9599f-d446-4db1-bb4a-c02e0e779076,2025-11-28,present
c43a6c8d-f52b-450d-9a37-eef3489c8053,bd805704-abd4-4713-98ac-6c9e474e1073,afd9599f-d446-4db1-bb4a-c02e0e779076,2025-11-28,present
48111f79-be4b-4cb0-b20a-d95a50bf8c69,b44457a1-7797-4d87-b0d2-b572f810c2bd,afd9599f-d446-4db1-bb4a-c02e0e779076,2025-11-28,present
c21815d1-ee57-419b-a83b-631c7cf55413,69ac85c6-7831-432c-9f66-f41637994744,afd9599f-d446-4db1-bb4a-c02e0e779076,2025-11-28,present
501c9683-af25-410f-b28c-7be27259e4d8,4d34d01f-8214-4f4e-9e71-824bfa4d6feb,afd9599f-d446-4db1-bb4a-c02e0e779076,2025-11-28,present
c4bd8fe9-ce66-4386-a1d3-c87e79605b43,edc489eb-28c9-4db0-8d20-32c16c1f68eb,afd9599f-d446-4db1-bb4a-c02e0e779076,2025-11-28,present
d3d21270-07b5-47dd-9121-9c94a156a12f,9e3c3217-dbca-4c55-97cc-0a6da122aaf2,afd9599f-d446-4db1-bb4a-c02e0e779076,2025-11-28,present
37aaae93-a91b-4c7c-875f-1c9ad1556679,29d9cb82-a3b3-4036-9cda-eefedb639c36,afd9599f-d446-4db1-bb4a-c02e0e779076,2025-11-28,present
a3c27d5b-184c-451c-9c7b-502c4d188dc3,d53eb620-7e65-4d3d-a4aa-8b07b7b5b036,afd9599f-d446-4db1-bb4a-c02e0e779076,2025-11-28,present
bb5b88e8-8207-4bd2-a344-d12976b9a2ab,fec264ce-289a-46d2-ae6a-775534c865a6,afd9599f-d446-4db1-bb4a-c02e0e779076,2025-11-28,present
d38fc744-8d40-4349-a82c-43014e17a41f,b9358d37-4e5d-4cf4-9d96-3102fca69d09,afd9599f-d446-4db1-bb4a-c02e0e779076,2025-11-28,present
5a8ad0b1-55fe-4aa5-94a0-d5f8c52833de,7b1c41b3-af18-47c2-a950-c841fb1d5225,afd9599f-d446-4db1-bb4a-c02e0e779076,2025-11-28,late
1b0cef0b-299c-4c14-b627-7f8b0239921d,c6d91a39-a900-4d1b-bb8a-f5bf8bef07cb,afd9599f-d446-4db1-bb4a-c02e0e779076,2025-11-28,present
64364c0c-644f-4e85-b0c9-f516f6000870,64b1e9a9-b776-4f47-a3be-70bc2ea10c1d,afd9599f-d446-4db1-bb4a-c02e0e779076,2025-11-28,late
1bdd94b8-59e3-4536-82ab-f815de2a40d7,e8ee8fe1-16a3-44af-9eba-75c32cfd4eb9,afd9599f-d446-4db1-bb4a-c02e0e779076,2025-11-28,present
ee502d7d-7221-42a2-82e9-fc11875964b2,b1ff019d-124b-4753-812e-02d03eccd2a8,afd9599f-d446-4db1-bb4a-c02e0e779076,2025-11-28,late
f29c0f37-63a7-46ca-889b-be480d5c4fd6,a84f0ef2-d388-4e8a-b25c-63666675ea1a,afd9599f-d446-4db1-bb4a-c02e0e779076,2025-11-28,present
aa0ae0fe-fb54-4024-b274-edc6fdccd4f7,0d9385d0-fb23-480b-92c6-9bf3f15dd88b,afd9599f-d446-4db1-bb4a-c02e0e779076,2025-11-28,present
769d85d4-0b04-41c8-88c7-fe0ae2baa37e,32c26ab6-c641-4ef2-9d1f-94138ab1c28c,afd9599f-d446-4db1-bb4a-c02e0e779076,2025-11-28,present
fd064727-6a02-488c-ab9f-6ffcbeae80be,cd52aaad-4e0e-4674-a9e1-b9fb1657581c,afd9599f-d446-4db1-bb4a-c02e0e779076,2025-11-28,present
44aada10-41c7-4a96-9639-4c7424f62f3b,d40cf516-c89c-4af4-978c-cad2994c8fc9,afd9599f-d446-4db1-bb4a-c02e0e779076,2025-11-28,present
e1277328-0ea9-4e23-9843-6bc28a40587a,eac86156-3f59-4c9b-b515-04a800a5e871,afd9599f-d446-4db1-bb4a-c02e0e779076,2025-11-28,present
d35044a1-9662-4ba4-b934-0bdc1c36b1fe,1473c578-7954-489f-bdff-d8ef3e11b39d,afd9599f-d446-4db1-bb4a-c02e0e779076,2025-11-28,present
5721f46c-2dbe-47c9-8017-f7102af31b3e,58d9a040-0f4d-4fba-a3c7-de428b4afbc9,afd9599f-d446-4db1-bb4a-c02e0e779076,2025-11-28,present
a8f7f3e8-76e3-4b6c-81bf-9000da60aeff,3d913445-4ae5-401b-b60f-32e6a0c2e6ac,afd9599f-d446-4db1-bb4a-c02e0e779076,2025-11-28,present
50906ded-e959-4fe2-a667-b4ae96f873b5,440eed3b-2b51-40cd-b884-a96c9f9b99a1,afd9599f-d446-4db1-bb4a-c02e0e779076,2025-11-28,present
86d0bf0a-e6ce-4293-b344-3b67d9f3acb7,1f0a7704-17e4-4ced-96ab-692a7523fe8c,afd9599f-d446-4db1-bb4a-c02e0e779076,2025-11-28,present
0aca2441-8c19-488d-b836-4616c93214fc,dfd620b2-0691-46a8-9296-b36c1a18daff,afd9599f-d446-4db1-bb4a-c02e0e779076,2025-11-28,absent
d9aeedd0-3c0f-4105-b441-4e47495749a7,b76a8368-60e0-42d6-a0ec-930e2cd61017,afd9599f-d446-4db1-bb4a-c02e0e779076,2025-11-28,present
f63cfe96-1005-431a-ab0c-91c489b2f996,98576c69-2546-4f42-b668-d7549ec733a9,afd9599f-d446-4db1-bb4a-c02e0e779076,2025-11-28,present
da519ba7-5630-485c-b3dc-daee9f0c105e,53230076-a4d4-4f63-9ad7-62ab5f78c122,afd9599f-d446-4db1-bb4a-c02e0e779076,2025-11-28,present
43d8a119-a27d-44f9-bcf2-f23022e5f50f,a194a1ae-1e6b-4187-81fa-8c7e5feddec8,afd9599f-d446-4db1-bb4a-c02e0e779076,2025-11-28,present
108a037d-6fdb-4e2f-a005-125a9048d64b,648b60fb-47a6-4c23-8dd6-80ccb0961d86,afd9599f-d446-4db1-bb4a-c02e0e779076,2025-11-28,absent
55f1b782-fda8-4269-9543-38ebf853d34b,5bfd9187-c793-43a0-81fa-2b268822a1ee,afd9599f-d446-4db1-bb4a-c02e0e779076,2025-11-28,present
f31c8f52-c317-4dea-a089-754d2c5712e6,80e6c402-b1a2-4450-b92e-6dd04ef057ef,afd9599f-d446-4db1-bb4a-c02e0e779076,2025-11-28,present
a0366460-8898-4870-bd20-1c4e8a02b4ed,8ce44813-1ae0-45c6-ac25-a07f0a61a66e,afd9599f-d446-4db1-bb4a-c02e0e779076,2025-11-28,present
5ecce90d-cf41-4023-becf-10bec9906d4a,68269809-1f23-4198-bf3b-6d72744c8054,afd9599f-d446-4db1-bb4a-c02e0e779076,2025-11-28,absent
4aedd4e6-d3b8-416a-abb5-2100163ba16d,c8c1b203-f972-4362-8426-0a14a5489f60,afd9599f-d446-4db1-bb4a-c02e0e779076,2025-11-28,present
3bc5c497-7174-4aff-8b3a-2b3dead2f69b,65b5e20e-03f2-4ac9-a7e8-931744142f6c,afd9599f-d446-4db1-bb4a-c02e0e779076,2025-11-28,present
7f82c1c8-b42c-46d2-82a1-b7f6f03ee24a,ff38e41e-8f7c-4e55-a864-d4592ece0dd4,afd9599f-d446-4db1-bb4a-c02e0e779076,2025-11-28,present
6dfa4841-c5db-4504-8571-6e1ab0f3a22c,1b0fe155-4f1d-4a6d-9db1-63213a176158,afd9599f-d446-4db1-bb4a-c02e0e779076,2025-11-28,present
de62b21d-75b5-4159-81cb-c4ca27bc405e,ce4af5f5-e404-489f-aa52-f8d93cb9bbca,afd9599f-d446-4db1-bb4a-c02e0e779076,2025-11-28,present
9e5d7335-e2a8-4485-9c28-4829901e5d94,eb094394-0c18-464a-940e-3f3a59f8d07f,afd9599f-d446-4db1-bb4a-c02e0e779076,2025-11-28,present
c15fb261-7898-4381-9443-45d7c256438d,cf23b4eb-e18f-4bc1-bfca-8290c7ab1736,afd9599f-d446-4db1-bb4a-c02e0e779076,2025-11-28,present
4a4020e6-acac-4bfa-9edc-d0594ffb226b,8e3cae2f-c9ae-4d47-ad5e-f8090c298c2b,afd9599f-d446-4db1-bb4a-c02e0e779076,2025-11-28,present
280a581e-ea86-401d-94f1-64ab268363ed,d719165f-11a9-4680-8f02-2c44f6aa53a3,afd9599f-d446-4db1-bb4a-c02e0e779076,2025-11-28,present
0f9127aa-064b-4252-96a7-d81c7ba5a65f,ba2a934f-1ea9-4846-8f4c-8d385ebe9d33,afd9599f-d446-4db1-bb4a-c02e0e779076,2025-11-28,present
432f0d49-7ffd-45b5-b2c6-86bac4d353f9,36628342-5d26-4c13-8e37-98d0f155c059,afd9599f-d446-4db1-bb4a-c02e0e779076,2025-11-28,present
eb25856d-56fb-48f9-9776-3b3a33f2126f,9f5f1671-ad86-47b9-bbf8-f8c847302cae,afd9599f-d446-4db1-bb4a-c02e0e779076,2025-11-28,present
1166d3b4-b541-40cf-8938-9aabebc3459c,5ffdaddc-1e91-49f4-a375-d1b83df8810d,afd9599f-d446-4db1-bb4a-c02e0e779076,2025-11-28,present
b1fcd390-7d61-476a-bfb7-852acb728c25,c68132ee-42d6-4014-b16d-2aa681bbc0b1,afd9599f-d446-4db1-bb4a-c02e0e779076,2025-11-28,present
ea961eaa-f0af-4867-b305-51e520b113bb,da50fa41-09f3-4a41-b853-be1b0c9676a0,afd9599f-d446-4db1-bb4a-c02e0e779076,2025-11-28,present
bde8d3ff-5fcf-4f4e-9b28-ba73e3634878,fd925e5a-90d0-4036-94bc-ea8d00093a91,afd9599f-d446-4db1-bb4a-c02e0e779076,2025-11-28,present
0f72b14b-eebf-4474-9910-937010bbfe53,a6e237fc-7749-41df-ae61-850b56e9f022,afd9599f-d446-4db1-bb4a-c02e0e779076,2025-11-28,present
30a5ddc1-264a-4982-a642-7304fba10fe2,d2561aa5-c62b-4de5-9b93-818b5eade392,afd9599f-d446-4db1-bb4a-c02e0e779076,2025-11-28,present
d98bc8d3-0e6b-4cda-9f00-c4328e054072,bd74966a-3598-4827-b29d-f1a73422034a,afd9599f-d446-4db1-bb4a-c02e0e779076,2025-11-28,present
dc8f8058-cab9-4888-8041-61532700ef3a,266aa967-02e7-4908-ac1d-2070f75edf33,afd9599f-d446-4db1-bb4a-c02e0e779076,2025-11-28,present
c5ad8c8a-76b1-45ef-a26a-d1e7ca714229,8709a7ef-a978-498b-bdda-bc572500936c,afd9599f-d446-4db1-bb4a-c02e0e779076,2025-11-28,absent
f12c5393-f21e-4b87-83ca-d11e8098343c,3aad3dd9-d06b-4dd7-b08f-c783b5104dec,afd9599f-d446-4db1-bb4a-c02e0e779076,2025-11-28,present
a4c3cf7f-00f0-4561-9588-35311c2a9a25,a7df3abd-528b-4f8c-a9f0-3c288130efce,afd9599f-d446-4db1-bb4a-c02e0e779076,2025-11-28,present
7ff2f2e0-45dc-47ae-99dc-8183918c2c64,a90eafb9-e396-4697-9a33-1e5fcb63a63c,afd9599f-d446-4db1-bb4a-c02e0e779076,2025-11-28,absent
07c65774-8456-4916-9803-c061112bbec8,c8538d95-5aef-4c21-ae53-3d5529271562,afd9599f-d446-4db1-bb4a-c02e0e779076,2025-11-28,present
1e0910d8-3a19-4def-a59b-f835864e862a,9480dc48-6b4d-4d64-bd66-03a4e5467ef5,afd9599f-d446-4db1-bb4a-c02e0e779076,2025-11-28,present
efefc1ee-d0bb-4a05-814e-5a70aea865a6,8366e458-ec2b-44e7-a8fb-1e58bbba8da1,afd9599f-d446-4db1-bb4a-c02e0e779076,2025-11-28,present
6b71e52b-66c0-49dd-8d45-1e37df4c667f,9c816423-6415-4a29-a00a-510f9582ce3c,afd9599f-d446-4db1-bb4a-c02e0e779076,2025-11-28,present
d2ba02d6-7d2c-4590-8202-ac9c2126125e,3afd6393-ad0c-42c9-8b43-a3b3677a2839,afd9599f-d446-4db1-bb4a-c02e0e779076,2025-11-28,present
9fda93e9-8cd7-4c27-9765-c0d5827f0378,ca0d4fd7-0491-4a43-a88b-ec42ed0e55b6,afd9599f-d446-4db1-bb4a-c02e0e779076,2025-11-28,present
31fa0718-1038-42ae-bcc6-f122c8ee1c91,5996d75b-31d8-43b4-88f9-cfe654e4b8e0,afd9599f-d446-4db1-bb4a-c02e0e779076,2025-11-28,present
03ac30aa-e19a-4d11-9585-2a5baf38a6f9,f1f036db-7ebb-420b-97a8-909ddc3ed4d0,afd9599f-d446-4db1-bb4a-c02e0e779076,2025-11-28,present
a4411b37-561e-4209-adf8-d5895601e31a,e3a918f4-e6e9-4d94-9efd-742ea5459dad,afd9599f-d446-4db1-bb4a-c02e0e779076,2025-11-28,present
ad7203b1-8a88-408c-8870-2fe7017ba1e8,c71c2fba-b413-420d-9926-f66b50185c12,afd9599f-d446-4db1-bb4a-c02e0e779076,2025-11-28,present
e7bf6f6c-b500-46cc-aa99-8d61ed08da3a,90dad0ea-56b0-4196-9acf-f8c7b6a96c55,afd9599f-d446-4db1-bb4a-c02e0e779076,2025-11-28,present
6c31ae5b-a5ad-4173-99df-5eacf19046e9,7af9774e-7728-4af1-b863-5d185ae67324,afd9599f-d446-4db1-bb4a-c02e0e779076,2025-11-28,present
d64dcf6a-dc5f-4f13-90c9-bc89c54cdd7a,974b215d-5f7e-4c43-bb28-257deb7d391a,afd9599f-d446-4db1-bb4a-c02e0e779076,2025-11-28,present
03e521fb-aee0-4ef8-b517-507c68ace764,81ce8925-2760-4065-b0a5-5989292f5316,afd9599f-d446-4db1-bb4a-c02e0e779076,2025-11-28,present
32e7cbd8-1e41-43f3-b310-7b3677636774,da3743cd-720d-485f-b026-20a3afc1ebb8,afd9599f-d446-4db1-bb4a-c02e0e779076,2025-11-28,present
3a5da4fa-efa5-48e9-b481-a09219191169,33b6eda6-39a2-4163-88f9-891c15ac17a4,afd9599f-d446-4db1-bb4a-c02e0e779076,2025-11-28,present
15fc0aea-3e6c-4cde-a4ef-ab3586aa89f5,85c6be91-a179-4c10-9b2f-3e413721b5d2,afd9599f-d446-4db1-bb4a-c02e0e779076,2025-11-28,present
bc36871b-f2e3-4b31-87fb-9479656aa906,df5be67d-9b10-4b24-84a6-41b3907f59cf,afd9599f-d446-4db1-bb4a-c02e0e779076,2025-11-28,late
b9d1fba8-bc68-4f91-90a8-c79ff49a1cdd,0149a44b-de0d-4c81-b1fd-788cec68f742,afd9599f-d446-4db1-bb4a-c02e0e779076,2025-11-28,present
4f066a74-be58-4873-a96d-46e92bba90f1,025cc4ef-94b5-47e8-a7b1-9cb9745dedd7,afd9599f-d446-4db1-bb4a-c02e0e779076,2025-11-28,present
4c72f443-8bda-40b7-bcfa-69766d23dd43,4f967b70-1b4c-4cf5-9135-05454160636c,afd9599f-d446-4db1-bb4a-c02e0e779076,2025-11-28,present
e7accaa3-2f31-4f99-b5a4-f36c29553f7d,d089de86-7645-44d5-9789-1a628f739a7c,afd9599f-d446-4db1-bb4a-c02e0e779076,2025-11-28,present
800cf863-1ebb-4891-b4fe-109a449b41fb,d74dddc6-6e52-4bb9-a9f1-1c184b45d437,afd9599f-d446-4db1-bb4a-c02e0e779076,2025-11-28,present
f4a54b06-0775-4dd3-a9f5-f0acf1d0aa3a,17a7878a-e32c-4c71-84ec-25cad69277a2,afd9599f-d446-4db1-bb4a-c02e0e779076,2025-11-28,present
4c74a0ac-5e7a-4e23-a02f-40b44cfb1dcb,d7f5ed84-d666-4729-b5c1-25aeb9f9675b,afd9599f-d446-4db1-bb4a-c02e0e779076,2025-11-28,present
ce360927-a972-4600-9837-75487b6d5474,8118ab00-47c3-4c04-9187-9c16e563543c,afd9599f-d446-4db1-bb4a-c02e0e779076,2025-11-28,absent
68f5b63c-6629-46a8-be31-5f8561d78124,4c244cb1-54d1-42c4-a378-5b81301ada33,a6f40ea4-e358-422a-a5ac-fe5822edbe90,2025-11-28,present
2b989d02-fb87-4058-b393-4f4de8efc239,eb855ca1-9eb4-4f8b-bb7b-ff665a7519c8,a6f40ea4-e358-422a-a5ac-fe5822edbe90,2025-11-28,present
cc72c345-76a4-4420-b1dc-bef4a2d80ece,22be9735-3b3b-469d-8dc4-f7609afb4265,a6f40ea4-e358-422a-a5ac-fe5822edbe90,2025-11-28,present
bb13b3fc-6045-4a55-a994-ea3b18c7d260,9f58618a-79ab-463c-a251-48d9c2e3ea11,a6f40ea4-e358-422a-a5ac-fe5822edbe90,2025-11-28,present
41943cad-3e16-43f6-8755-8fe66d5b3ccf,f183c007-bcce-445f-adb8-ede134d716ff,a6f40ea4-e358-422a-a5ac-fe5822edbe90,2025-11-28,present
70c011e0-29fc-4bba-9b11-625b3c92bca4,d5db9f17-dbdb-4774-ab52-05c1e0995707,a6f40ea4-e358-422a-a5ac-fe5822edbe90,2025-11-28,present
59f2a063-a15f-4c5b-a472-ff67ef7f11b3,6ffa3178-5f9a-444d-8571-05d05b782f92,a6f40ea4-e358-422a-a5ac-fe5822edbe90,2025-11-28,present
8babfc89-1c56-4536-9d24-e6ff196478bd,623363a3-a637-4ceb-8cb8-9b47069b71fc,a6f40ea4-e358-422a-a5ac-fe5822edbe90,2025-11-28,present
cfc450d6-38bd-4013-b5ac-a0b23909c6e2,c1a854a4-a76d-4df5-86da-511daf39f9ef,a6f40ea4-e358-422a-a5ac-fe5822edbe90,2025-11-28,present
79149e32-08a0-411d-9f9b-b6e5bcce3285,ffed0736-3b02-43a2-957f-7769c875e6ee,a6f40ea4-e358-422a-a5ac-fe5822edbe90,2025-11-28,present
0f348fc9-ab09-4f43-a4c6-fe021190ae6f,6dd16490-cacb-4e51-9dc3-42de7b5509ab,a6f40ea4-e358-422a-a5ac-fe5822edbe90,2025-11-28,present
f3f79c7a-05e8-4895-9f9a-1a7a82751e53,74ddda73-0835-490f-a9c9-db4b10e6b00e,a6f40ea4-e358-422a-a5ac-fe5822edbe90,2025-11-28,present
00706779-5b13-411c-bc06-bf026b89a4cb,e64dd192-3683-4509-8500-8c156cf996b7,a6f40ea4-e358-422a-a5ac-fe5822edbe90,2025-11-28,present
309f43a7-bedf-46bf-ab42-e7ea47a238fc,4944dd8e-2cc7-489c-adb5-5178bb542d53,a6f40ea4-e358-422a-a5ac-fe5822edbe90,2025-11-28,present
997bda6e-38dc-4bea-87b9-5ea57f85ea57,d06542ea-024a-41c9-8472-566b872a392a,a6f40ea4-e358-422a-a5ac-fe5822edbe90,2025-11-28,present
2adeaa8b-9e5e-40b3-b5d6-7db58d6dd749,dea5a081-75e1-45eb-8de3-1b5ea65ac0c4,a6f40ea4-e358-422a-a5ac-fe5822edbe90,2025-11-28,present
1023ddb0-3058-4b36-8f32-58ce3fe72315,ea287e1d-c5de-470b-938e-819224688386,a6f40ea4-e358-422a-a5ac-fe5822edbe90,2025-11-28,present
856b7561-7f72-497d-94c1-6a40d910b54a,5513f636-701f-4516-b5b5-f1d073a8254c,a6f40ea4-e358-422a-a5ac-fe5822edbe90,2025-11-28,late
4a342659-626e-42cd-a425-dc8edd2f24fd,f97adbb0-11eb-4128-9a23-29bcc256f912,a6f40ea4-e358-422a-a5ac-fe5822edbe90,2025-11-28,present
8bb73417-d680-46c5-bb61-333dec685ae0,8afec5f9-f465-413c-9ce0-8ae9dd3a42f3,a6f40ea4-e358-422a-a5ac-fe5822edbe90,2025-11-28,absent
75e22956-f78c-40d6-9891-7c53c13b1148,c1b1105d-bdfd-4a8a-9c2e-a11bc76849c3,a6f40ea4-e358-422a-a5ac-fe5822edbe90,2025-11-28,present
d5743aa5-9bb3-4ec6-8312-504483bfc5f7,37e25409-9c68-449b-9014-8cad94439880,a6f40ea4-e358-422a-a5ac-fe5822edbe90,2025-11-28,present
16feec40-c54a-4fa1-bfdf-1a1be334996f,5362c887-dca5-47e7-9a5a-23a3cf467951,a6f40ea4-e358-422a-a5ac-fe5822edbe90,2025-11-28,present
7b4bd159-4e65-477c-ae6a-f640a4f3008e,88d07fa7-fcdf-429f-8f2a-e20bef271296,a6f40ea4-e358-422a-a5ac-fe5822edbe90,2025-11-28,present
2908209f-4cc7-47f6-98eb-73fe47ca2db2,d3815f89-e9cc-4b6c-8c70-4398a9ca73b2,a6f40ea4-e358-422a-a5ac-fe5822edbe90,2025-11-28,present
04d746ee-6f36-4d3a-9366-ae01b61a921e,10d03a63-200a-47ba-bf82-f9b0b9bb7b99,a6f40ea4-e358-422a-a5ac-fe5822edbe90,2025-11-28,present
c33bae2b-370e-47cd-b033-a0e5f445a48f,a28497a3-45cc-461c-807b-d947b9c45a15,a6f40ea4-e358-422a-a5ac-fe5822edbe90,2025-11-28,present
c8401151-0a47-492d-92c0-689e5a3b0ac9,ed62d8c7-b7e2-44cb-a5d6-d296010a3e35,a6f40ea4-e358-422a-a5ac-fe5822edbe90,2025-11-28,present
25b7ec7c-fa34-4540-bc84-a0beacc76924,85cc13a3-9f1d-4fb3-98d1-ecd6ee6287cd,a6f40ea4-e358-422a-a5ac-fe5822edbe90,2025-11-28,present
cd9be6c1-16d3-46aa-b41d-e6ce8884c105,5cdfdbbb-d2a5-40c7-85c6-4988f3b51bff,a6f40ea4-e358-422a-a5ac-fe5822edbe90,2025-11-28,present
b2d29108-a9e0-44aa-b10d-5987a4a39de3,2879f448-1bac-43ad-842a-c84a9e1da1bf,a6f40ea4-e358-422a-a5ac-fe5822edbe90,2025-11-28,present
a241121b-9d1d-4fa3-87ef-ef490575393c,61597683-bf65-4db7-b694-5daa393d6cec,a6f40ea4-e358-422a-a5ac-fe5822edbe90,2025-11-28,present
8338b3a8-2967-414d-89fd-22f0b81d20d9,fb3f2451-3bc4-4b75-a015-16144946238b,a6f40ea4-e358-422a-a5ac-fe5822edbe90,2025-11-28,present
af63de2e-f88d-4bb4-955f-ef1dcde9824b,5cf1cd19-a6b5-473b-8ff2-a5a1afee5b0d,a6f40ea4-e358-422a-a5ac-fe5822edbe90,2025-11-28,present
694b86ad-fd41-4513-87ff-fc047109a224,103e57a6-d65c-4c9c-a7f4-4b3ec093a6ba,a6f40ea4-e358-422a-a5ac-fe5822edbe90,2025-11-28,present
952aa546-e3b3-4d08-a50b-11a2a8391db5,8a17ad71-8c8b-4974-ab17-440d11674e61,a6f40ea4-e358-422a-a5ac-fe5822edbe90,2025-11-28,present
d30e2803-7a76-47b9-8ffd-35cb30699e67,e13c9330-68fa-4854-9db9-aec58a4622c6,a6f40ea4-e358-422a-a5ac-fe5822edbe90,2025-11-28,present
64bc9f8c-929e-4140-a0d4-b6da24b04837,8f023de6-08a0-4ca6-bb92-8f4b94985f95,a6f40ea4-e358-422a-a5ac-fe5822edbe90,2025-11-28,present
6bacef60-d383-4328-a1bd-f65507cca422,07e3d9e9-eba0-4764-84e1-e37b1de753f9,a6f40ea4-e358-422a-a5ac-fe5822edbe90,2025-11-28,present
adf2670d-6db5-4695-a2e9-40ef20955c07,623a4ba9-9363-477f-89a0-bfeff7a9edef,a6f40ea4-e358-422a-a5ac-fe5822edbe90,2025-11-28,late
8b42af7f-0a06-4017-8107-e042b2efe23a,391aad6a-78dc-499e-93ae-0d6d43ab9708,a6f40ea4-e358-422a-a5ac-fe5822edbe90,2025-11-28,present
0f043a2f-105a-4087-812e-ac070ea87e9f,0b58f4b5-a1b3-47e6-9f7d-35861b81cce7,a6f40ea4-e358-422a-a5ac-fe5822edbe90,2025-11-28,present
7b61b79e-f322-46df-9618-4d3d259ce3e7,9c81d92d-ea40-4b5d-b035-88f1a291d345,a6f40ea4-e358-422a-a5ac-fe5822edbe90,2025-11-28,present
9512809d-a527-4bb6-bb78-e9ffd3f2110d,a07f5f2d-63f3-4271-851f-3871fad90c4a,a6f40ea4-e358-422a-a5ac-fe5822edbe90,2025-11-28,present
ddb4a3f5-e294-4f26-bc06-ab3d38b2438e,128d08c2-e2c1-47c0-86c2-3459602eb907,a6f40ea4-e358-422a-a5ac-fe5822edbe90,2025-11-28,present
1d527b7d-5659-4172-9389-946a12937ff0,ee3944d5-e004-4ae4-882d-696f21b8df3c,a6f40ea4-e358-422a-a5ac-fe5822edbe90,2025-11-28,present
9a0537fe-dc18-473a-8360-94c2afd9e323,1c5741e4-2885-47ae-b64b-9c78e4ebc77a,a6f40ea4-e358-422a-a5ac-fe5822edbe90,2025-11-28,present
c43c5f91-ded4-4bfb-b840-59836d840b61,41c0c637-dbdf-4462-9311-e6c97f2df445,a6f40ea4-e358-422a-a5ac-fe5822edbe90,2025-11-28,present
e01edc66-9bcf-4999-96fd-45e8d55987e6,3723ae89-6d82-4817-b53b-ca493eb7c243,a6f40ea4-e358-422a-a5ac-fe5822edbe90,2025-11-28,present
07f401a3-4b22-4c70-bd4b-517d7a0d2728,d39eab48-b1dc-464e-ab19-d09eee764279,a6f40ea4-e358-422a-a5ac-fe5822edbe90,2025-11-28,present
78d4bcbb-c62d-4b2b-97e2-40f109c07bb8,b08de2d7-ecc7-4a58-bcf1-78e776de08ab,a6f40ea4-e358-422a-a5ac-fe5822edbe90,2025-11-28,present
22b62c4e-e46a-4e51-a719-9c1d40d2ddff,e1e42701-d1a7-4a0c-910c-49a2c697f498,a6f40ea4-e358-422a-a5ac-fe5822edbe90,2025-11-28,present
3b0259e6-bf0a-4b38-a38c-f10a30ece635,d8d4fe6d-5755-46ca-8059-573bc24e1108,a6f40ea4-e358-422a-a5ac-fe5822edbe90,2025-11-28,late
26bf23ab-37be-4445-af32-95c29024c198,1f481dc9-e951-4868-8f02-4e230b2ca869,a6f40ea4-e358-422a-a5ac-fe5822edbe90,2025-11-28,present
ed0e2ff4-94f8-42a6-9576-039f3b33e495,c0778662-2622-4d47-8c6a-dc61c6fad4f4,a6f40ea4-e358-422a-a5ac-fe5822edbe90,2025-11-28,present
363f7737-da98-4fc7-83b1-fa40a322f177,c0231385-f35d-4a71-adbe-504f3be4184c,a6f40ea4-e358-422a-a5ac-fe5822edbe90,2025-11-28,present
20eecf3e-ac8b-4841-aab9-3cd048dfc8b1,d77ed34a-e69a-46b7-b938-3c06f97410e5,a6f40ea4-e358-422a-a5ac-fe5822edbe90,2025-11-28,present
a6011ea1-baec-4854-a55c-5782a87280c4,3f8ba5c9-5232-4888-8f53-db9c4bbaf74a,a6f40ea4-e358-422a-a5ac-fe5822edbe90,2025-11-28,present
44df0f4f-8259-4411-a847-90b9c68ff210,c1ec9fc5-4aad-42a0-86f3-ebd4ffbc9398,a6f40ea4-e358-422a-a5ac-fe5822edbe90,2025-11-28,present
dcb34d7e-372e-43e4-a28a-87923ddfcec5,67c0f270-8df3-49bb-8b06-9aaca285aa32,a6f40ea4-e358-422a-a5ac-fe5822edbe90,2025-11-28,absent
3aa84281-85c1-4e95-93a5-88540506a0af,f1f5d31d-ff9d-4d66-848d-0038dc25bc61,a6f40ea4-e358-422a-a5ac-fe5822edbe90,2025-11-28,present
a4604638-3693-444d-8247-07c739ca1365,cbcf373f-0b5b-4a64-9f36-91525bdd414b,a6f40ea4-e358-422a-a5ac-fe5822edbe90,2025-11-28,present
57008211-5b54-46a0-a3b4-db0e282bac64,d515b8ca-fbe6-4742-babd-9925fc655c81,a6f40ea4-e358-422a-a5ac-fe5822edbe90,2025-11-28,present
4a0f796c-8bea-4b0a-88f7-2c463f69ab6b,408f7ef3-b3c1-4813-90d0-3195c96b91f4,a6f40ea4-e358-422a-a5ac-fe5822edbe90,2025-11-28,present
e23202ff-d1b1-41ae-b2dc-86fe789c3a81,1eb1ca94-8fe5-4892-bee2-60f1657bd0da,a6f40ea4-e358-422a-a5ac-fe5822edbe90,2025-11-28,present
28fbb758-1e42-4c79-9b84-c1c417f64a99,53573358-0de6-4795-8ea6-8880a4e2daf7,a6f40ea4-e358-422a-a5ac-fe5822edbe90,2025-11-28,present
fb78e8c5-50e5-43f6-8f5a-df3586ecf790,f15a8bce-a04d-4805-b08a-de1d39fad27b,a6f40ea4-e358-422a-a5ac-fe5822edbe90,2025-11-28,present
f5d916eb-ae6c-4fab-a995-d404ba22d0c6,03208768-434d-45eb-a26f-5985f616eff3,a6f40ea4-e358-422a-a5ac-fe5822edbe90,2025-11-28,present
c4f47f28-229b-4216-9658-b61a4930eb1f,43d391dc-eb20-4dea-859b-66fa95ace717,a6f40ea4-e358-422a-a5ac-fe5822edbe90,2025-11-28,present
680e9fea-9d3e-444f-ab4a-950c81f6f670,d8c88cc2-5ca1-4b26-a8ea-71ca02a763b4,a6f40ea4-e358-422a-a5ac-fe5822edbe90,2025-11-28,present
dbcc1ea1-1302-4bdb-b877-b5a8e8485d78,e417c900-2b74-45a8-90ca-a39df7ae99bb,a6f40ea4-e358-422a-a5ac-fe5822edbe90,2025-11-28,present
9248bf39-9c7d-4f9f-9ae1-7443a0511b95,a401d17b-f1cb-45e0-ad36-bf1ef7d8c682,a6f40ea4-e358-422a-a5ac-fe5822edbe90,2025-11-28,present
28678040-fbe6-4d3e-8147-604a4c796ac5,4cd4c213-b8b2-43fd-ab03-ead9805307ea,a6f40ea4-e358-422a-a5ac-fe5822edbe90,2025-11-28,present
29f90478-39d2-4a6c-85c7-4e4c2ecd97dd,bc5af511-99fd-46fc-bc14-d9ba98f50593,a6f40ea4-e358-422a-a5ac-fe5822edbe90,2025-11-28,present
f198cb40-e5e7-4435-800a-f48a1f51b7e0,2b02af75-5129-4715-90b5-073f04703bf4,a6f40ea4-e358-422a-a5ac-fe5822edbe90,2025-11-28,present
2934be1d-23d5-47d8-9546-3397a83f9cd6,6be5e892-7ac5-4bd1-9aa7-00c330d0db0c,a6f40ea4-e358-422a-a5ac-fe5822edbe90,2025-11-28,present
51df2f26-e83a-4258-9c72-1d25360a6078,37cbf14b-2bf5-430b-8846-7e6a2454ea4e,a6f40ea4-e358-422a-a5ac-fe5822edbe90,2025-11-28,late
6369aa1b-c255-413c-b6a4-bc6a07a07514,225feea0-bd2a-4ece-a0cd-8609ffab3c55,a6f40ea4-e358-422a-a5ac-fe5822edbe90,2025-11-28,present
c9c1416b-7319-4143-b589-93d2aecd78c1,a0d19503-7a97-4859-996b-7cc46bd59f6f,a6f40ea4-e358-422a-a5ac-fe5822edbe90,2025-11-28,present
ae31d62d-fc5b-4138-b1aa-eb5648062b47,c52a2878-6e59-4ab1-9d91-3650c7900699,a6f40ea4-e358-422a-a5ac-fe5822edbe90,2025-11-28,present
9aed58d6-30af-4fe8-90da-7300e5ff9917,9f519db7-451d-4cd2-adac-9cc81ee2fc5d,a6f40ea4-e358-422a-a5ac-fe5822edbe90,2025-11-28,present
f64c7c03-3e4d-47ab-8f25-9264a597bbbe,8d1a51cb-38a0-40ff-82ac-1398248f2680,a6f40ea4-e358-422a-a5ac-fe5822edbe90,2025-11-28,present
e1242c6f-3605-4515-9a65-f306dfdaae57,d63eea11-950b-4d0d-83e9-9ceff806f922,a6f40ea4-e358-422a-a5ac-fe5822edbe90,2025-11-28,absent
b4d0184f-ef15-4592-8b8c-5daf4ef03da1,9f9bc396-ed37-49a5-bd5f-33d90da85a24,a6f40ea4-e358-422a-a5ac-fe5822edbe90,2025-11-28,late
316f4a24-4f44-4077-b5ce-1b8ebb2580a8,6cf4c634-3969-4d5a-b10a-ed495f166c11,a6f40ea4-e358-422a-a5ac-fe5822edbe90,2025-11-28,present
91105cc3-2530-452a-a414-0da6de93fdbe,1dc52de2-6c7f-49fb-a727-3099b8a0d83a,a6f40ea4-e358-422a-a5ac-fe5822edbe90,2025-11-28,present
b77a53d5-b488-40d0-aee5-86bce4b9b796,1a5c5cb8-0e32-443b-b232-c8592e56e3de,a6f40ea4-e358-422a-a5ac-fe5822edbe90,2025-11-28,present
f3d625c9-e6a3-49aa-82f4-815f6a9e155c,623316cf-98ce-4926-b2c4-6a0a87ce609c,a6f40ea4-e358-422a-a5ac-fe5822edbe90,2025-11-28,present
2821b002-6300-4c1a-9a0b-7314910a4c29,cf1e8dc7-466e-4cb0-9379-b7c0c7ffef63,a6f40ea4-e358-422a-a5ac-fe5822edbe90,2025-11-28,present
a2148d2e-e3df-4370-a8d4-9c16d91d9435,449c9dcc-19d8-49de-bacf-92f38dfd7421,a6f40ea4-e358-422a-a5ac-fe5822edbe90,2025-11-28,present
a6206cb5-22ee-46c9-b1b0-77468b773170,8d99e507-eadc-45e9-94fd-a466147c0864,a6f40ea4-e358-422a-a5ac-fe5822edbe90,2025-11-28,present
307034f2-9b31-40ce-8999-a2c53e44b452,494278ec-58e4-41cc-9b09-fe72b3a39336,a6f40ea4-e358-422a-a5ac-fe5822edbe90,2025-11-28,present
85802990-84cf-49a2-8ae3-f866bf24751b,faaaa88e-2986-404c-9c17-2e83f4ae131b,a6f40ea4-e358-422a-a5ac-fe5822edbe90,2025-11-28,late
5e124400-f239-4bde-bd03-2bf75a3d9d82,4c5cfbe5-8bbd-4ee9-a5f6-4cc91fef100d,3417977f-b2a9-4004-a9b5-39ff0474d41d,2025-11-28,present
6add0209-b1eb-460e-93c3-e12667bc7419,77db77f2-99af-48df-8692-ac176ec2b653,3417977f-b2a9-4004-a9b5-39ff0474d41d,2025-11-28,present
7781b04c-4ee3-442e-bade-8205a92e6267,58e430b0-b8fa-49c8-a300-0c9871f0ad72,3417977f-b2a9-4004-a9b5-39ff0474d41d,2025-11-28,present
8056cd6e-7f0c-4c9a-a0d4-e8a7eecab3c3,11091381-64fb-4762-b766-7c3f53e6b0c7,3417977f-b2a9-4004-a9b5-39ff0474d41d,2025-11-28,present
88b61e59-bf6d-40bf-b1b1-b40c243e1b49,4c244cb1-54d1-42c4-a378-5b81301ada33,3417977f-b2a9-4004-a9b5-39ff0474d41d,2025-11-28,late
b8641da5-a476-4692-a98b-697ab1051c45,eb855ca1-9eb4-4f8b-bb7b-ff665a7519c8,3417977f-b2a9-4004-a9b5-39ff0474d41d,2025-11-28,present
73efd23b-882e-446f-aca5-088f603f757e,bf8b6c8a-297f-41d9-ab50-3ed6f491d492,3417977f-b2a9-4004-a9b5-39ff0474d41d,2025-11-28,present
66e93275-1248-4a1f-a33f-a741cdcf1230,bfc6f425-25fa-49c6-a59b-242972e66158,3417977f-b2a9-4004-a9b5-39ff0474d41d,2025-11-28,absent
5210a598-6e07-488b-9664-15f6d53ad386,f183c007-bcce-445f-adb8-ede134d716ff,3417977f-b2a9-4004-a9b5-39ff0474d41d,2025-11-28,present
95f0884d-fd9d-47ec-bb83-558c50fda590,1893c2e2-71f0-4d36-a465-170e5384cfb0,3417977f-b2a9-4004-a9b5-39ff0474d41d,2025-11-28,present
f9cf9bc3-004d-4381-9037-7d0ce4549e9a,e51616c1-7344-4631-8c1a-5f2dbdfaa847,3417977f-b2a9-4004-a9b5-39ff0474d41d,2025-11-28,present
e4ca0b04-660c-4a57-81df-04ed27514f8c,14ef30e8-b3d9-4414-8c90-6dcc67e82083,3417977f-b2a9-4004-a9b5-39ff0474d41d,2025-11-28,present
c62df4a8-f267-43b3-9657-20728fa35438,48aac26d-c3d2-4911-9dfa-4fee387a672a,3417977f-b2a9-4004-a9b5-39ff0474d41d,2025-11-28,present
4b244dcc-34c8-4bb0-a912-406c64c6cb36,ffed0736-3b02-43a2-957f-7769c875e6ee,3417977f-b2a9-4004-a9b5-39ff0474d41d,2025-11-28,present
c5775001-a7e9-4b7f-8255-9879a142452c,747e6156-2096-4d0c-9070-9edd57ec0547,3417977f-b2a9-4004-a9b5-39ff0474d41d,2025-11-28,present
549115fa-0528-4bcb-ac5c-9fe0082a186c,9bf72241-ec58-4152-b152-bbb24f24a1fd,3417977f-b2a9-4004-a9b5-39ff0474d41d,2025-11-28,present
1ea287cd-c289-4fc7-9342-055cd7c822d5,306ee3da-c62c-4db6-993c-703625383e83,3417977f-b2a9-4004-a9b5-39ff0474d41d,2025-11-28,absent
9dd0352a-b72d-459d-8a65-56a8dd554035,64721f16-5633-4f33-b396-4c31f5717fee,3417977f-b2a9-4004-a9b5-39ff0474d41d,2025-11-28,present
b1c307de-8c83-4657-b950-e5b22c6aa892,dd90c02b-56b0-4ab3-9bf6-12fc8ff8c9f7,3417977f-b2a9-4004-a9b5-39ff0474d41d,2025-11-28,present
98b81096-8ad3-42ae-9270-f79d6bf41f53,e64dd192-3683-4509-8500-8c156cf996b7,3417977f-b2a9-4004-a9b5-39ff0474d41d,2025-11-28,present
d7eaa841-4e7f-4ce4-9962-24d2018d1224,d06542ea-024a-41c9-8472-566b872a392a,3417977f-b2a9-4004-a9b5-39ff0474d41d,2025-11-28,present
ddfd3a61-d2a1-419f-b94a-3baa2110ee90,ea287e1d-c5de-470b-938e-819224688386,3417977f-b2a9-4004-a9b5-39ff0474d41d,2025-11-28,present
baa92769-768a-4442-a8bf-cac87afaf02e,eb89cca3-263e-40fa-999c-c9d867ffd923,3417977f-b2a9-4004-a9b5-39ff0474d41d,2025-11-28,present
6f3bfe5d-54ba-4ff5-9e13-39e95ab51456,5e0b2cad-627d-4f7f-9b25-aef6c73d30c2,3417977f-b2a9-4004-a9b5-39ff0474d41d,2025-11-28,present
1edff5f7-d94e-49da-9859-d550230ddcc5,5362c887-dca5-47e7-9a5a-23a3cf467951,3417977f-b2a9-4004-a9b5-39ff0474d41d,2025-11-28,present
7b715e01-33e4-4617-aa1c-e6345ffcdfb9,e9836826-fe2a-4bd7-bdf6-4bfff677e55b,3417977f-b2a9-4004-a9b5-39ff0474d41d,2025-11-28,absent
005a8e09-8571-4d84-9c0b-17e651a25200,df209b5f-6ab1-4fb0-a89d-500c917370c3,3417977f-b2a9-4004-a9b5-39ff0474d41d,2025-11-28,present
32c8f04b-a5bd-40f5-ac16-618a96376185,4de6d862-c112-41ac-8a55-1fa60193bd0b,3417977f-b2a9-4004-a9b5-39ff0474d41d,2025-11-28,present
115c32f0-691b-453e-81b6-ecf8a157a4cc,2a42d558-f450-432b-a661-dec33b17d5e2,3417977f-b2a9-4004-a9b5-39ff0474d41d,2025-11-28,present
50406ade-c60c-4f07-bcc2-4c562935b437,189e4108-3b01-4ece-a42c-b5c604bedf2e,3417977f-b2a9-4004-a9b5-39ff0474d41d,2025-11-28,present
b1323d12-a4a6-4cb0-bea9-697759bb21b1,10d03a63-200a-47ba-bf82-f9b0b9bb7b99,3417977f-b2a9-4004-a9b5-39ff0474d41d,2025-11-28,present
fe6958fa-2a0c-4d82-8671-c48a91ac6e25,812e6505-a0fe-46ea-9b7c-c4252662a2fc,3417977f-b2a9-4004-a9b5-39ff0474d41d,2025-11-28,present
efac45d5-6882-420b-86be-69c0c6c58681,4583070c-7bc1-428e-9cd0-c5620d5fc6bd,3417977f-b2a9-4004-a9b5-39ff0474d41d,2025-11-28,present
c708618c-76c8-460d-9951-080fedf5c9c7,45383cfb-356d-4308-895b-cb384912d1a2,3417977f-b2a9-4004-a9b5-39ff0474d41d,2025-11-28,present
3f7c8160-42be-426e-9cc8-74c584df8bc5,4bb402ac-3351-4836-a4b4-71098fcd1cd7,3417977f-b2a9-4004-a9b5-39ff0474d41d,2025-11-28,late
ba1861fa-95a6-4b14-aca5-4fee663433f5,6f4c1c0a-75a4-4996-ae72-7fe9e57c1e8e,3417977f-b2a9-4004-a9b5-39ff0474d41d,2025-11-28,present
41ff23f1-b701-400a-b7ea-03d94ebbeacc,f1392296-1aa4-4fa6-be5c-6242a61cea53,3417977f-b2a9-4004-a9b5-39ff0474d41d,2025-11-28,present
92d8800b-e14c-430a-bd00-d09f3d93b51a,8f4aa36a-5e67-47d4-89cb-ce70435de895,3417977f-b2a9-4004-a9b5-39ff0474d41d,2025-11-28,present
7645ed8f-a2c0-45a6-9212-dfa8ab019656,21ceb7ac-a0d7-4360-89ef-e13e3ad69a9e,3417977f-b2a9-4004-a9b5-39ff0474d41d,2025-11-28,absent
ee4d9807-6187-49f3-b0b8-c183d7d9cacd,6d59f742-e4ba-4199-a97f-08d77f0c3be2,3417977f-b2a9-4004-a9b5-39ff0474d41d,2025-11-28,present
8c527c8d-281d-4ac4-a68a-7b6ecd2a8c2e,8a17ad71-8c8b-4974-ab17-440d11674e61,3417977f-b2a9-4004-a9b5-39ff0474d41d,2025-11-28,present
f2d839ac-0dfd-454c-b4d1-e4063ac237ec,5b8dbf8c-6ca3-46ee-9d5d-e208376cbe79,3417977f-b2a9-4004-a9b5-39ff0474d41d,2025-11-28,absent
ee37a5e5-8e75-484d-b13d-4cb6612b0145,1b2d3f9a-7094-4099-b37a-216972f5ceab,3417977f-b2a9-4004-a9b5-39ff0474d41d,2025-11-28,present
f87dbe2e-c627-4fff-9cd9-d0e37be23b98,7983dd9d-c8ba-48db-9e84-cf42e62259a5,3417977f-b2a9-4004-a9b5-39ff0474d41d,2025-11-28,present
9acbd186-3d28-4ff5-94e1-ec1ac78e605f,4d96f59c-c71b-4ff3-9c87-1bbedf68a670,3417977f-b2a9-4004-a9b5-39ff0474d41d,2025-11-28,present
bb91ca8b-a0cc-433c-83b9-5be37aef80ee,9c81d92d-ea40-4b5d-b035-88f1a291d345,3417977f-b2a9-4004-a9b5-39ff0474d41d,2025-11-28,present
cba4c7a3-8df1-43b4-8752-16e5db22aff6,11ffae73-8883-4ea5-a7a8-4b5979caf522,3417977f-b2a9-4004-a9b5-39ff0474d41d,2025-11-28,present
2ea5030d-ef16-47d9-881c-20b4e10d82f4,a07f5f2d-63f3-4271-851f-3871fad90c4a,3417977f-b2a9-4004-a9b5-39ff0474d41d,2025-11-28,present
b207880a-d27a-4b71-b8ee-d63a8c9d781f,a64580d4-6d65-4670-a0f6-a941325bab80,3417977f-b2a9-4004-a9b5-39ff0474d41d,2025-11-28,present
c04d80c6-5c50-4c97-bca4-1000b39c6ee7,f8c3df1a-3d49-4b2f-ae0e-4ba50db27338,3417977f-b2a9-4004-a9b5-39ff0474d41d,2025-11-28,present
25a8b4b9-df8a-4a9f-ad03-169a1a77d88c,128d08c2-e2c1-47c0-86c2-3459602eb907,3417977f-b2a9-4004-a9b5-39ff0474d41d,2025-11-28,present
d238136c-52c5-42fa-bda5-8f0ea6be8ef8,ee3944d5-e004-4ae4-882d-696f21b8df3c,3417977f-b2a9-4004-a9b5-39ff0474d41d,2025-11-28,present
8d1c495c-08f6-459c-b6e3-73433869f8e3,a214cae6-84a5-462d-ad6a-64ef2a56f14a,3417977f-b2a9-4004-a9b5-39ff0474d41d,2025-11-28,present
5755b0a4-8e2d-45d9-8b1b-864ecd78e3d8,77c32418-b511-4c59-87da-d8e4abfed70e,3417977f-b2a9-4004-a9b5-39ff0474d41d,2025-11-28,present
9da2da40-1973-4df8-897d-b91d3395e4bf,3d1b5421-88dd-4b34-aa86-32d95ee0d4fc,3417977f-b2a9-4004-a9b5-39ff0474d41d,2025-11-28,present
b257819d-dfd9-4dcb-a534-729e0e6058e9,f894d49d-d852-42e7-8984-1947b24af0bc,3417977f-b2a9-4004-a9b5-39ff0474d41d,2025-11-28,present
a7d45bfb-ca4d-4fdd-990d-8d022299d52f,792bc74f-e7bc-438d-ba09-f7be2c2f83eb,3417977f-b2a9-4004-a9b5-39ff0474d41d,2025-11-28,present
ab2db4f2-efe2-4de3-9d73-49d8639857d6,3fec3b12-b5f7-4c53-95fa-40e9854a706c,3417977f-b2a9-4004-a9b5-39ff0474d41d,2025-11-28,present
9d5f4d87-1539-4b52-9141-b6900ba19f5a,c8434989-f165-4f74-b724-28837c9a6b88,3417977f-b2a9-4004-a9b5-39ff0474d41d,2025-11-28,present
c9f16241-fae5-4c37-8828-52f2c2a4ba91,37eb654c-40d3-4ee8-ad4a-a33d3e6a8fd0,3417977f-b2a9-4004-a9b5-39ff0474d41d,2025-11-28,present
60da0929-2716-4f7c-85b1-911b6ce9295d,7b6c3223-bc9c-4816-8ab6-20d96f8f6a99,3417977f-b2a9-4004-a9b5-39ff0474d41d,2025-11-28,late
fa578557-bf78-4c42-96a5-a504e1c1e894,c0778662-2622-4d47-8c6a-dc61c6fad4f4,3417977f-b2a9-4004-a9b5-39ff0474d41d,2025-11-28,present
db246182-3ec8-44cb-9dfc-0af2eaaf0d77,c0231385-f35d-4a71-adbe-504f3be4184c,3417977f-b2a9-4004-a9b5-39ff0474d41d,2025-11-28,absent
4e7469fb-5a65-4aff-b633-d30f98698d84,a528fae2-5b20-41a6-bf49-62de3e1b307b,3417977f-b2a9-4004-a9b5-39ff0474d41d,2025-11-28,present
f2e632d0-3624-401e-9578-140a19b8b974,eeeff74e-c046-4edd-acb1-63147437806e,3417977f-b2a9-4004-a9b5-39ff0474d41d,2025-11-28,present
658008f6-4c52-49d4-8294-7af06f2c5025,408f7ef3-b3c1-4813-90d0-3195c96b91f4,3417977f-b2a9-4004-a9b5-39ff0474d41d,2025-11-28,late
b30594ab-d72c-4fb0-9420-59039e86a222,719947c5-be11-448c-8a59-3eb82aea67aa,3417977f-b2a9-4004-a9b5-39ff0474d41d,2025-11-28,present
b6677e1d-eb84-4fe0-b125-fcd13fd5b137,1eb1ca94-8fe5-4892-bee2-60f1657bd0da,3417977f-b2a9-4004-a9b5-39ff0474d41d,2025-11-28,present
928fd16b-461d-46f7-93f9-fd82d29beb54,8a9a25dd-781a-4508-8165-727146179167,3417977f-b2a9-4004-a9b5-39ff0474d41d,2025-11-28,present
75b8d386-616c-422f-a3bf-17f7d65d4694,70cabaa7-712c-46c4-aed1-8b859e38ee4e,3417977f-b2a9-4004-a9b5-39ff0474d41d,2025-11-28,absent
cd077797-ba64-445b-bc59-cad61feb3b63,53573358-0de6-4795-8ea6-8880a4e2daf7,3417977f-b2a9-4004-a9b5-39ff0474d41d,2025-11-28,present
66dd794e-1521-479a-ba48-4b6475fd9705,b2dce7f8-b7f7-4f12-932a-256b1fe78eac,3417977f-b2a9-4004-a9b5-39ff0474d41d,2025-11-28,present
b71d3e66-7f3c-4065-9068-fccfa48d2b64,a548cb5a-5252-4df2-8660-eac99f67d9ba,3417977f-b2a9-4004-a9b5-39ff0474d41d,2025-11-28,present
b51d43bb-c096-465a-8b74-8a9035a34b2f,6b5b4453-40d7-416f-aeb9-40fd3f448195,3417977f-b2a9-4004-a9b5-39ff0474d41d,2025-11-28,absent
b32fcc41-e670-4890-b4a3-314609eed64d,95a37bc3-0944-4f9c-86dc-0b0101fd57a4,3417977f-b2a9-4004-a9b5-39ff0474d41d,2025-11-28,present
a1a4b75b-112c-45bf-95d5-ae76bad68cb8,03208768-434d-45eb-a26f-5985f616eff3,3417977f-b2a9-4004-a9b5-39ff0474d41d,2025-11-28,present
68820663-f29d-4a77-8840-9778954daf3f,93e035ee-5426-43b8-9b83-5b7ac151ff94,3417977f-b2a9-4004-a9b5-39ff0474d41d,2025-11-28,present
b8e859b2-0879-4d8c-a86a-2e166c5956c6,4d2b4d6a-d85f-47eb-b660-c5db9e359f17,3417977f-b2a9-4004-a9b5-39ff0474d41d,2025-11-28,present
e48b1b74-d383-424d-a0bf-f4bc8a4e70f5,c6c4c82f-0e9c-431e-ada9-9435392810bb,3417977f-b2a9-4004-a9b5-39ff0474d41d,2025-11-28,present
bfb06538-d284-4088-a231-e40520744d4f,e417c900-2b74-45a8-90ca-a39df7ae99bb,3417977f-b2a9-4004-a9b5-39ff0474d41d,2025-11-28,present
b416b842-37ba-4fb3-99c4-f786ef703817,28546b29-a8a3-4d50-9f31-082714188a14,3417977f-b2a9-4004-a9b5-39ff0474d41d,2025-11-28,present
2655251e-d98e-4f5c-b676-52810472c841,37cbf14b-2bf5-430b-8846-7e6a2454ea4e,3417977f-b2a9-4004-a9b5-39ff0474d41d,2025-11-28,present
e62d46f4-d980-441a-8ba0-22c19ad82ad2,f74ba58e-218b-46e4-962e-f694ef144f35,3417977f-b2a9-4004-a9b5-39ff0474d41d,2025-11-28,late
365206a8-813f-4ccf-9545-51f089131d26,ef580604-80b6-4695-b744-bff4581b7ad6,3417977f-b2a9-4004-a9b5-39ff0474d41d,2025-11-28,present
2e16aa1f-f8ee-427d-adc4-7eee168d0636,efbc47f0-14e2-4ce2-8e8b-8b1652b8423a,3417977f-b2a9-4004-a9b5-39ff0474d41d,2025-11-28,late
92644171-54a9-4cc4-8d60-4167c0f1da7a,7cf6495e-5bce-4d0d-86b4-b0dc1b2f332e,3417977f-b2a9-4004-a9b5-39ff0474d41d,2025-11-28,present
b0fd79ec-b44a-4ade-be30-3e60c51e71e2,c7118dcf-1955-4091-afda-77553aa905d9,3417977f-b2a9-4004-a9b5-39ff0474d41d,2025-11-28,late
bd30ece6-b6e5-46be-ac4c-25d9e41bd26d,59bc8320-d43c-4541-830c-c13883211cce,3417977f-b2a9-4004-a9b5-39ff0474d41d,2025-11-28,present
1674dfc0-9ff6-4ceb-be05-640129e49570,417c1251-e534-4f94-8a2b-62dc5f796788,3417977f-b2a9-4004-a9b5-39ff0474d41d,2025-11-28,present
ee74bf05-9ca7-439e-91fd-42205775e20e,84088593-3587-40c1-b832-7ae0032adad7,3417977f-b2a9-4004-a9b5-39ff0474d41d,2025-11-28,present
d490363f-e969-453c-95e5-8670e85424ba,0cd8a6f4-f71c-4452-84e9-d18b8205aeca,3417977f-b2a9-4004-a9b5-39ff0474d41d,2025-11-28,present
001ae7b6-ba2d-49ef-8d55-62784bf51e83,3038a96e-7983-44f3-8207-977817648579,3417977f-b2a9-4004-a9b5-39ff0474d41d,2025-11-28,present
40329fae-ef69-4677-af99-14a2405ad40c,ffbf34f5-d92d-430f-a8d8-054490b094ad,3417977f-b2a9-4004-a9b5-39ff0474d41d,2025-11-28,present
3515fb48-9216-4f90-bb41-6fd38d07da9f,132d8512-1aaf-4d64-8341-41a88eb33488,3417977f-b2a9-4004-a9b5-39ff0474d41d,2025-11-28,present
5d440a33-2b55-42fe-a59c-f59cbac65720,6cf4c634-3969-4d5a-b10a-ed495f166c11,3417977f-b2a9-4004-a9b5-39ff0474d41d,2025-11-28,present
d0dfb6fc-3a37-44d3-9040-d886cfec83f2,1dc52de2-6c7f-49fb-a727-3099b8a0d83a,3417977f-b2a9-4004-a9b5-39ff0474d41d,2025-11-28,present
ed41c713-47aa-4858-9ac7-b39e16b218e0,72b4533d-14b6-4bfa-822e-feb6cdc89e8f,3417977f-b2a9-4004-a9b5-39ff0474d41d,2025-11-28,present
9881bde8-4db3-479c-ad6a-7c9a13e00d91,658771f4-0c82-4dcc-91ab-1c646aaf976d,3417977f-b2a9-4004-a9b5-39ff0474d41d,2025-11-28,present
6666ed34-68d2-4646-b3e9-aeed54b9fdc0,622119a1-9948-4162-9037-5d4411e992de,3417977f-b2a9-4004-a9b5-39ff0474d41d,2025-11-28,present
3c0c7675-bcef-47e5-88a8-42c849bc7ad8,aa3e9454-63b3-48c1-8035-55dac82ee9e5,3417977f-b2a9-4004-a9b5-39ff0474d41d,2025-11-28,present
290dc712-6bbe-4a70-abf9-b25ed02cf9ed,449c9dcc-19d8-49de-bacf-92f38dfd7421,3417977f-b2a9-4004-a9b5-39ff0474d41d,2025-11-28,present
8a8ba222-a1b4-4a72-b364-e24cb7db21a8,20166787-a389-4e26-910b-cc93c7345dcf,3417977f-b2a9-4004-a9b5-39ff0474d41d,2025-11-28,present
dfe29640-b9dc-4938-82da-331cfa4d9151,7b6a248b-bd34-4490-a65c-28336138c989,3417977f-b2a9-4004-a9b5-39ff0474d41d,2025-11-28,present
46203998-bae7-4658-bf0d-af67ef756201,f0b9cc7a-baf3-41de-9e74-f12d65035d49,3417977f-b2a9-4004-a9b5-39ff0474d41d,2025-11-28,present
b26052a3-4c08-4118-b5f7-2d7ccc05be81,8d99e507-eadc-45e9-94fd-a466147c0864,3417977f-b2a9-4004-a9b5-39ff0474d41d,2025-11-28,present
10d9dedd-439d-4cb2-b95a-d0b6a5d712a3,b28ed44c-0c2d-45f4-9a53-2dfeaf4ddcfd,bbef00bb-60f6-488c-8437-f6ecebaaca63,2025-11-28,present
2488ceae-a2a1-4203-af89-a23c6706bba2,789efd53-7c6f-475e-b18a-667150af663e,bbef00bb-60f6-488c-8437-f6ecebaaca63,2025-11-28,present
58c9afe7-df44-4d5e-b341-365cd56a47b0,1ce6af4c-f129-4669-b83e-5f1dec8180e3,bbef00bb-60f6-488c-8437-f6ecebaaca63,2025-11-28,present
cd13f7a0-c4b6-4e62-99b1-b89be6601d14,3e30c03f-2f38-4999-ad76-c831322719d8,bbef00bb-60f6-488c-8437-f6ecebaaca63,2025-11-28,present
433d224e-a4c0-486f-a5d9-cb9b173cf9f9,422381e5-b8ef-4c4c-a7e0-aa064551cc9d,bbef00bb-60f6-488c-8437-f6ecebaaca63,2025-11-28,present
756dd262-2a85-46bd-8a00-7d2557934029,bf8dae23-9b71-4cdf-8288-546e4aa821db,bbef00bb-60f6-488c-8437-f6ecebaaca63,2025-11-28,present
12b75f76-d5ee-4fe5-82e5-cdb13694e030,fa54979d-4dff-43ab-b366-f8decad539d7,bbef00bb-60f6-488c-8437-f6ecebaaca63,2025-11-28,present
18c7d327-0605-4383-bd4b-6e6d0bb9e17b,256b45d3-35b8-4157-b2cd-075f3b3fdaba,bbef00bb-60f6-488c-8437-f6ecebaaca63,2025-11-28,present
d053af62-c347-4a85-9664-de915dd8aaf0,cc31f01f-90d0-4beb-91b7-7c70a1c76878,bbef00bb-60f6-488c-8437-f6ecebaaca63,2025-11-28,present
2bf64a8c-ff58-4353-a5e3-a136ba7a9c94,35bacb7b-92db-4d34-940c-c9fa6161c93b,bbef00bb-60f6-488c-8437-f6ecebaaca63,2025-11-28,absent
202f2cca-30d4-4840-baff-784e0f40f5d0,efe3e271-da01-4d4f-aca5-51fc59de5486,bbef00bb-60f6-488c-8437-f6ecebaaca63,2025-11-28,present
1d4145b8-fddd-4d91-8a35-130bb2de7e64,5e7314a2-3a93-46ba-8d94-d4dff8a5bf4d,bbef00bb-60f6-488c-8437-f6ecebaaca63,2025-11-28,present
765802f4-cf2d-46ef-8616-adf82e3ed685,8030f799-9a69-44e2-8d72-3990fde6d6ca,bbef00bb-60f6-488c-8437-f6ecebaaca63,2025-11-28,present
a44a6d6f-c9aa-45b2-9bb0-23ee2d113f9f,6cd30464-43c3-47a8-b570-e82702676fba,bbef00bb-60f6-488c-8437-f6ecebaaca63,2025-11-28,present
5b1035fd-68d6-4fd6-b0b7-9e3c3202e0f5,0915d172-23cb-44b8-a9d0-a12f7074bd34,bbef00bb-60f6-488c-8437-f6ecebaaca63,2025-11-28,present
554faf75-f44f-4c3f-8d11-15ebe534b331,21cb0562-8e89-4275-aabf-539b39047f09,bbef00bb-60f6-488c-8437-f6ecebaaca63,2025-11-28,present
647100a6-c314-4832-884f-4387dceab3ac,4e8bf9a1-d24b-494f-94ad-c9f189843394,bbef00bb-60f6-488c-8437-f6ecebaaca63,2025-11-28,present
c1379b8a-a5d7-4f54-899f-f7331c91da1f,8c0d8533-2560-42e0-b1c7-40c70e14d5a5,bbef00bb-60f6-488c-8437-f6ecebaaca63,2025-11-28,present
fa218dbb-6139-455e-8e82-406cb26bb18c,b0f78c17-f9c2-4f13-bd95-c3d3fe2ffe1c,bbef00bb-60f6-488c-8437-f6ecebaaca63,2025-11-28,present
8961052f-b97f-4352-85b5-ff96b40506a8,e77fde29-f6d8-441e-a34a-704f2ba90467,bbef00bb-60f6-488c-8437-f6ecebaaca63,2025-11-28,present
c285aea0-3149-4d17-8fa9-0f46f3502672,0e2006ef-c603-4177-b420-14668f3a263c,bbef00bb-60f6-488c-8437-f6ecebaaca63,2025-11-28,present
28af30f6-aa33-461a-8ac3-f703629be420,9f7d72f4-44e7-481a-b9bd-425bf88d3ee8,bbef00bb-60f6-488c-8437-f6ecebaaca63,2025-11-28,late
513d3b77-6559-44e7-ae2f-f1443a859bc2,0f5a94e5-3cd8-44de-845d-60e20f0a4b68,bbef00bb-60f6-488c-8437-f6ecebaaca63,2025-11-28,absent
ef3c5816-da3f-4af3-ae4f-111547e4673e,2538e5b5-ae96-4758-aa24-a337a44049ae,bbef00bb-60f6-488c-8437-f6ecebaaca63,2025-11-28,present
f02f0246-4127-4f1d-9143-a53611d44fb7,69c3a141-e8a6-46cf-92ce-affbd0b7a313,bbef00bb-60f6-488c-8437-f6ecebaaca63,2025-11-28,present
f95d9e25-3966-4ec1-9ebe-945cb018b85a,905ae1e3-54b4-47ed-a65f-8aa0c6e81790,bbef00bb-60f6-488c-8437-f6ecebaaca63,2025-11-28,present
9da71788-dc3b-4c76-b9cd-ea412b6723a5,0ab3401b-f783-48d3-960a-e115fb28164c,bbef00bb-60f6-488c-8437-f6ecebaaca63,2025-11-28,present
72dfcc34-13c9-4673-acab-471b319f1359,92eaf967-a10e-425c-8387-ad67103aba8e,bbef00bb-60f6-488c-8437-f6ecebaaca63,2025-11-28,present
5e71825d-9464-4a21-8c8d-d0a58d64a154,b3230830-b85f-4e0a-a77f-4b73b9e25897,bbef00bb-60f6-488c-8437-f6ecebaaca63,2025-11-28,present
08624758-ba7f-4857-b347-14cdaea46475,c9fd0e6f-81b5-44d8-99d8-cffab50e8186,bbef00bb-60f6-488c-8437-f6ecebaaca63,2025-11-28,present
17004726-1641-4964-82d1-3d845036aac6,f06c79e7-1942-447d-b0fe-f88fe1dba636,bbef00bb-60f6-488c-8437-f6ecebaaca63,2025-11-28,present
7e3a8e92-d314-4d20-b4c1-f80bb4a0c04c,4f095398-3765-4846-8683-472ba8053521,bbef00bb-60f6-488c-8437-f6ecebaaca63,2025-11-28,present
554269e1-9094-4adf-8616-5c46c65910c9,9d346eda-3d1c-4997-a931-1ca5c58bd661,bbef00bb-60f6-488c-8437-f6ecebaaca63,2025-11-28,present
c6dc97bc-69f0-4aee-a3ad-e108f2200db4,836daad6-5441-4133-af1c-7e5e06152ecf,bbef00bb-60f6-488c-8437-f6ecebaaca63,2025-11-28,present
554adcab-6700-45dc-8066-15abf11e985a,c28d4b00-cc9b-41ea-b456-0de6b2420e32,bbef00bb-60f6-488c-8437-f6ecebaaca63,2025-11-28,late
6d5c2b87-b45b-4bce-ba60-a033166a28c8,cf53b305-646d-4f87-8f0d-1bd27be1b27a,bbef00bb-60f6-488c-8437-f6ecebaaca63,2025-11-28,present
1cad153d-ec15-4729-b152-a7b1211126bd,d062d1e8-34e0-44fe-9f9f-d746972f3b5f,bbef00bb-60f6-488c-8437-f6ecebaaca63,2025-11-28,present
fd5f1a8c-300a-41a1-b8fa-4e561f12e83d,c6d3a5e1-14fe-4471-b19f-e42f1ec37db4,bbef00bb-60f6-488c-8437-f6ecebaaca63,2025-11-28,present
d4d0a0cd-169a-4aa4-abfb-fee4ce61458b,3fae53b2-d0ad-4d78-95e9-410953304fa3,bbef00bb-60f6-488c-8437-f6ecebaaca63,2025-11-28,present
f9ed65d0-d45a-43cf-bea8-fbcba9987f0b,b17b199d-0085-43c6-8199-4365ea5e3d4b,bbef00bb-60f6-488c-8437-f6ecebaaca63,2025-11-28,present
0bff7c79-1730-4723-893c-8c0542e088cb,964a5f0b-b78c-4ae9-9686-8379544f30ff,bbef00bb-60f6-488c-8437-f6ecebaaca63,2025-11-28,present
7e046ddb-72e0-46e9-bb4e-a1eec01c82e0,e9f6eb32-b8bd-4b5e-9677-831f0feb24c4,bbef00bb-60f6-488c-8437-f6ecebaaca63,2025-11-28,present
e8863c9e-a2a1-49eb-b309-978a277a6ce4,14c32fd7-df97-4193-854e-d84e9db70b4c,bbef00bb-60f6-488c-8437-f6ecebaaca63,2025-11-28,present
fc248587-4e96-451b-bb8d-038e23c9f41e,ee80294c-03a9-4be4-941f-5d674f06b07d,bbef00bb-60f6-488c-8437-f6ecebaaca63,2025-11-28,present
6fd52c38-f3d8-48c1-aad7-dbff0f4bcd1f,0fb0fad5-6aa1-4bf5-a68b-6c921897ff3e,bbef00bb-60f6-488c-8437-f6ecebaaca63,2025-11-28,present
1f9ac6ea-7f9d-4bf5-aca3-309a3f1c3c07,6a11afc2-4d5b-40cc-88d5-2c922f78ccd9,bbef00bb-60f6-488c-8437-f6ecebaaca63,2025-11-28,present
549e32cb-51ee-4dbb-b007-2c43e961b6db,dce4c098-b5d6-479f-b74e-f20d7cb10d7e,bbef00bb-60f6-488c-8437-f6ecebaaca63,2025-11-28,present
e42ef57a-e4f9-4a80-b097-019e0cc01c35,61df8f1b-0957-42fa-aa80-87d92e492491,bbef00bb-60f6-488c-8437-f6ecebaaca63,2025-11-28,late
dce759e3-d3b0-419f-86ea-f91dadbc21a0,df52c447-f8ef-4234-af90-9052d50f7f91,bbef00bb-60f6-488c-8437-f6ecebaaca63,2025-11-28,present
b295f64d-a4a4-4399-b93a-ee8a5d1afda2,6a3582b3-e4a0-48cc-9a7e-9e45f535228b,bbef00bb-60f6-488c-8437-f6ecebaaca63,2025-11-28,present
41197866-786c-45db-afc7-dea8c3646f3f,8668f0f8-4c16-479a-9655-6f7b48a27f71,bbef00bb-60f6-488c-8437-f6ecebaaca63,2025-11-28,present
bd85e7ca-6cb0-4ffe-960d-8bc0243f1532,326d6f8d-2b15-44ca-b0b6-7bf1a0d07dd8,bbef00bb-60f6-488c-8437-f6ecebaaca63,2025-11-28,present
51870b72-3a56-4f3b-adef-a8a39ea3480d,d45d71d5-d8cd-4e22-998f-4da51e04139b,bbef00bb-60f6-488c-8437-f6ecebaaca63,2025-11-28,present
400d7bec-8925-458f-ba98-85c8d72ae22b,06bbfb42-d6b5-4963-bd07-1b64d4638e8b,bbef00bb-60f6-488c-8437-f6ecebaaca63,2025-11-28,present
800ce57a-9793-4170-9396-1b95ab07171f,adce69e7-c2bc-4a83-bf06-55d12f62e559,bbef00bb-60f6-488c-8437-f6ecebaaca63,2025-11-28,present
e4c7a4da-89cc-421b-97d7-d122d7f4118f,cbb4b137-e023-4bdf-b7c8-2b2f2f960b18,bbef00bb-60f6-488c-8437-f6ecebaaca63,2025-11-28,present
6f75a2b7-a247-41f1-abf5-957a3f18ec56,9d48b1ff-c39d-44ba-b869-09ab13721641,bbef00bb-60f6-488c-8437-f6ecebaaca63,2025-11-28,present
852b25b6-7ab2-4d1d-a71d-d310d33e7b9b,1a4f9fd1-161d-4efa-b4d0-1372cfac1b76,bbef00bb-60f6-488c-8437-f6ecebaaca63,2025-11-28,absent
69d0579c-e5be-4d0a-a268-b84e22f87740,8225146d-3d54-4029-a146-9b86a99e2854,bbef00bb-60f6-488c-8437-f6ecebaaca63,2025-11-28,present
ca84f857-d0e1-4061-9070-d40fe6afe28d,fe140029-d234-4dee-a4b8-7a07ee51e8dc,bbef00bb-60f6-488c-8437-f6ecebaaca63,2025-11-28,present
d4e01772-0fbd-4c1c-9ac4-6c816f10ca33,e806d472-c097-4f05-b562-72a639908783,bbef00bb-60f6-488c-8437-f6ecebaaca63,2025-11-28,present
4399661f-96ba-4f64-835e-9aa37750090e,1e780af5-e94c-4b3a-9b2e-6cd2f6d7aa55,bbef00bb-60f6-488c-8437-f6ecebaaca63,2025-11-28,present
8ca5d512-ea16-4fd3-86d2-1d96e6d4a750,8da6df1b-c330-4a6c-a7b2-5d69f65f1a95,bbef00bb-60f6-488c-8437-f6ecebaaca63,2025-11-28,present
cbc8a431-5c63-4d30-810a-4a0247d2a6d6,90dc408a-3ac6-48fc-84d5-cc80bdc719f6,bbef00bb-60f6-488c-8437-f6ecebaaca63,2025-11-28,present
bcda11ff-fcae-4431-b853-65f79c6e60e7,b7646896-1dcc-43cf-ba2a-9ec02177441f,bbef00bb-60f6-488c-8437-f6ecebaaca63,2025-11-28,present
2f9845b2-d596-406b-94d9-952020f7de0b,cf886ed4-555d-43bd-9d0b-697bc0756d49,bbef00bb-60f6-488c-8437-f6ecebaaca63,2025-11-28,present
ea60ff4a-4f0b-41c4-85d8-5acb9801a25a,63ee15f0-fb20-4921-90ac-f52dd693a7ff,bbef00bb-60f6-488c-8437-f6ecebaaca63,2025-11-28,late
afe425e2-a6aa-40f9-bfe6-b6232ec5a859,2a0c0aa2-5e44-4f0f-8cb2-5068c164c321,bbef00bb-60f6-488c-8437-f6ecebaaca63,2025-11-28,present
282c291a-03ff-4acc-bfd3-42b90a9b677f,f80ecc25-9de1-4a22-ae70-b282bee4db6a,bbef00bb-60f6-488c-8437-f6ecebaaca63,2025-11-28,present
777faf67-fc54-4bef-b5c4-d468ce0e74f1,94bf051f-5b6d-480d-a87d-30aeaf76f9d4,bbef00bb-60f6-488c-8437-f6ecebaaca63,2025-11-28,present
218d44df-0e75-4166-b517-233b0fc8b0cb,00940fb4-d687-46b4-918e-ba1f17e4c7c6,bbef00bb-60f6-488c-8437-f6ecebaaca63,2025-11-28,present
4596866e-8e73-4d8f-9642-bf832914e813,b1bbb4fb-41c6-427a-8bca-568c8906ac7b,bbef00bb-60f6-488c-8437-f6ecebaaca63,2025-11-28,present
a36db2f5-2700-451d-bcae-6a8885d23b75,4d9bd7a8-697a-4e38-b547-507c08d27b43,bbef00bb-60f6-488c-8437-f6ecebaaca63,2025-11-28,present
b49caf69-2fdf-423f-a2cf-2b6bea935659,80d8fcae-09c2-4a1c-b5bb-325549bc85b7,bbef00bb-60f6-488c-8437-f6ecebaaca63,2025-11-28,present
827f88b6-3ac0-460e-9889-b6b62621cb1b,e9e21940-db55-4c50-964a-e53c0084ffe6,bbef00bb-60f6-488c-8437-f6ecebaaca63,2025-11-28,present
2b7444ce-a73c-45ff-8401-4740bd41fcac,4badf759-93dd-4818-9a4c-17d4e15602c3,bbef00bb-60f6-488c-8437-f6ecebaaca63,2025-11-28,present
de668af5-347c-4176-b734-33c9232ce476,09ca3519-bd1b-4668-aa10-cfea4e7f597e,bbef00bb-60f6-488c-8437-f6ecebaaca63,2025-11-28,present
e391b02b-0f2f-4990-bacd-74380e9a0522,f8c3f60b-0431-4a16-b39a-ae691de4eefc,bbef00bb-60f6-488c-8437-f6ecebaaca63,2025-11-28,present
d35c3b46-670b-4f55-8617-ef6ce91e6880,de21631b-4947-4124-9a3b-02646fca8661,bbef00bb-60f6-488c-8437-f6ecebaaca63,2025-11-28,present
1d58b36a-c733-4687-8bc5-e1d50adb0cc2,9fe746ab-356a-4a14-9d49-d91cb42a9f53,bbef00bb-60f6-488c-8437-f6ecebaaca63,2025-11-28,present
43e4cdcc-b458-4b4d-a772-1fd67a82cee1,63bc9443-1f7a-4356-91fd-4c7cf650c940,bbef00bb-60f6-488c-8437-f6ecebaaca63,2025-11-28,present
8b388496-f998-48eb-9a25-40a727c0529f,bf2f487a-42ab-4b3f-a33b-f5f2bf84c9a6,bbef00bb-60f6-488c-8437-f6ecebaaca63,2025-11-28,present
d9e904d7-dbab-421c-8b8e-ea573aaa854d,971c5522-7e75-471d-bc24-e9459867fb3c,bbef00bb-60f6-488c-8437-f6ecebaaca63,2025-11-28,present
89b0fed9-b839-4a8e-97f0-7f2cece655be,0e1d30ee-ff42-4f6a-b296-0957473270db,bbef00bb-60f6-488c-8437-f6ecebaaca63,2025-11-28,present
99b7ba5e-28ad-4823-bf59-8aa8fef3ddb1,32f5c78f-34b3-4b96-8a9f-2ef12df817ff,bbef00bb-60f6-488c-8437-f6ecebaaca63,2025-11-28,present
01eb3c30-49b8-4264-85ef-c027dab41660,c9a8c166-23e2-4f98-a83d-e9b76f6ecf02,bbef00bb-60f6-488c-8437-f6ecebaaca63,2025-11-28,present
556ea810-1b6f-44fb-814b-696b5c73e2fe,7dacc0f3-be87-47d6-9082-c24f6aaa5c30,bbef00bb-60f6-488c-8437-f6ecebaaca63,2025-11-28,present
3ba1af29-464c-41ab-8486-686fc6df14bd,713100c3-33ab-48da-8098-a3212ae20777,bbef00bb-60f6-488c-8437-f6ecebaaca63,2025-11-28,present
cf5ee370-cad8-4697-a8e9-59eec8ae8fa9,6a22abef-da5c-48a4-a986-abebf1f831bd,bbef00bb-60f6-488c-8437-f6ecebaaca63,2025-11-28,present
c52db765-ba94-4fc8-a288-49ecbaf7568f,b764cea1-86d5-467f-af4f-d0c95f65deab,bbef00bb-60f6-488c-8437-f6ecebaaca63,2025-11-28,present
480e851a-b8bf-40bb-a0c5-874a77ac6ceb,bf8aa4cc-14f7-4240-991e-bc534987b405,bbef00bb-60f6-488c-8437-f6ecebaaca63,2025-11-28,present
f6bdef2e-8801-43bf-85c0-a4353a1ce4b5,8ea230f0-2698-44e2-bc05-89b2305f443d,bbef00bb-60f6-488c-8437-f6ecebaaca63,2025-11-28,late
208f14fb-37d0-4074-b57b-19817d4f9b0b,03c70456-6541-4067-aa0f-361605b869c8,bbef00bb-60f6-488c-8437-f6ecebaaca63,2025-11-28,present
b81a1b3f-0de3-474b-a073-fefa3febf008,d3a79eac-a482-44dd-b7a2-71432a23e272,bbef00bb-60f6-488c-8437-f6ecebaaca63,2025-11-28,present
c87254c4-d621-4582-9347-56fc908ec5ac,bc1096c0-d9ea-445a-8021-3a6a188e694a,bbef00bb-60f6-488c-8437-f6ecebaaca63,2025-11-28,present
3ebb9705-1eb9-4928-abd9-b411968409f7,b1eb2602-103e-4aff-a82a-80ad279f3d29,bbef00bb-60f6-488c-8437-f6ecebaaca63,2025-11-28,present
479262c0-e3c3-4afb-a94a-5d182ad77587,40b60fd1-c5cb-40cd-9760-6f08400e4270,bbef00bb-60f6-488c-8437-f6ecebaaca63,2025-11-28,present
1540f692-9f8e-4527-a9de-ff2d1a3b25cf,b79721bb-d140-44cd-a035-e71e8980eab4,bbef00bb-60f6-488c-8437-f6ecebaaca63,2025-11-28,present
424335ed-e154-4f92-b245-38d073f7bfcf,62668c72-cc71-4036-a5ff-e151db80c59b,bbef00bb-60f6-488c-8437-f6ecebaaca63,2025-11-28,present
5b303c2e-a2c0-48ae-9d67-586c2123d879,a6e994ce-46bd-4c1a-8260-43a42366d72c,bbef00bb-60f6-488c-8437-f6ecebaaca63,2025-11-28,present
c634385e-be34-4c6c-91b2-2bb4d2bd7502,4a9028f0-06ec-423a-8b2b-555c007eb319,bbef00bb-60f6-488c-8437-f6ecebaaca63,2025-11-28,present
6c8ea0af-d4a0-4662-96e8-a2ea76c6e0b3,cc8bc5bb-0895-4fe4-b97f-7b404a1560a4,bbef00bb-60f6-488c-8437-f6ecebaaca63,2025-11-28,present
db8a700f-c60b-4b51-a56d-7d83f2fb16ed,18936279-3371-4641-8244-d641600a9aee,bbef00bb-60f6-488c-8437-f6ecebaaca63,2025-11-28,present
cf80f7f9-2a10-491e-8c5c-c14e4e8eb5a9,d585b3f4-8ae8-407a-918c-c3713a80479f,bbef00bb-60f6-488c-8437-f6ecebaaca63,2025-11-28,present
008b8441-5939-4789-9449-942079b0b466,655d421f-4cab-48c4-a25c-694878d35d11,07ea687c-a302-4f91-94c2-c5b80a1e1a15,2025-11-28,present
2ebb792e-0092-4620-9694-588c926c2843,8a683851-ce6b-4646-93e9-f33f49cd27b9,07ea687c-a302-4f91-94c2-c5b80a1e1a15,2025-11-28,present
8cd18ba7-a480-4fa1-a726-30d8aad58a1a,150e6dd1-4439-40ea-a06e-3963dcc1e040,07ea687c-a302-4f91-94c2-c5b80a1e1a15,2025-11-28,present
c388e8d5-f2b0-45d6-ba9e-996dd2af9488,e4cf719d-743b-4967-95d7-44dcc3515b88,07ea687c-a302-4f91-94c2-c5b80a1e1a15,2025-11-28,present
2cf21813-31ef-4751-b931-f8907b3d6b8e,7aafac2e-5494-4bc5-b06d-e9407e6e6944,07ea687c-a302-4f91-94c2-c5b80a1e1a15,2025-11-28,present
d94f8fc9-b52c-40c8-beb6-c79312a0e953,afd9eaa8-70ce-4c3f-9dad-7ee96d661a67,07ea687c-a302-4f91-94c2-c5b80a1e1a15,2025-11-28,absent
c6e4dda0-b7b6-4b85-9602-ed2c3f9f0c7c,18ed9b2a-4abc-4574-88fd-cf1c8286196e,07ea687c-a302-4f91-94c2-c5b80a1e1a15,2025-11-28,present
a16bef03-8cc7-40fd-95a2-5c2c365fbb2e,cc31f01f-90d0-4beb-91b7-7c70a1c76878,07ea687c-a302-4f91-94c2-c5b80a1e1a15,2025-11-28,present
8c42ae0a-5d18-40b9-94d6-e57120430ade,f10f92ae-b94e-4d3d-a784-47b146bb9590,07ea687c-a302-4f91-94c2-c5b80a1e1a15,2025-11-28,present
9559f6e0-1286-460f-a09d-da5d94d88740,02f2677d-2a2c-488e-b9b8-60921d81c270,07ea687c-a302-4f91-94c2-c5b80a1e1a15,2025-11-28,present
3732d839-d022-45c2-a1b7-111666d54465,af65a89b-3edd-4774-ab8a-673d268839c0,07ea687c-a302-4f91-94c2-c5b80a1e1a15,2025-11-28,present
26648123-22dc-4695-9c40-e48e43ded14f,efe3e271-da01-4d4f-aca5-51fc59de5486,07ea687c-a302-4f91-94c2-c5b80a1e1a15,2025-11-28,late
c6158e6b-53d2-40b7-9fff-396ad37857eb,5e7314a2-3a93-46ba-8d94-d4dff8a5bf4d,07ea687c-a302-4f91-94c2-c5b80a1e1a15,2025-11-28,absent
4b4c9580-475b-4afb-85b3-0c6fa4f86c52,8030f799-9a69-44e2-8d72-3990fde6d6ca,07ea687c-a302-4f91-94c2-c5b80a1e1a15,2025-11-28,present
3dfe9bdb-1a7c-4b1b-8c09-1906b79bca99,7a955d6a-19d3-44fe-9db2-41996ae11c1c,07ea687c-a302-4f91-94c2-c5b80a1e1a15,2025-11-28,present
24c82d9e-d916-4a11-bbc2-21e4d3f86aa9,ae2cf286-b238-4988-b042-3f4ecc75d0d6,07ea687c-a302-4f91-94c2-c5b80a1e1a15,2025-11-28,present
9a8d027b-681d-4dd0-8bb9-594c4488f18b,8c0d8533-2560-42e0-b1c7-40c70e14d5a5,07ea687c-a302-4f91-94c2-c5b80a1e1a15,2025-11-28,present
2ce526c7-cdd4-4ee8-81b7-a908aca95392,f9b04680-3944-4af3-a20e-7882ad84cf68,07ea687c-a302-4f91-94c2-c5b80a1e1a15,2025-11-28,absent
43b58c15-3ef4-45da-8865-13a5936ad909,9f82ab6a-97cf-45c6-9615-ba07b59c864a,07ea687c-a302-4f91-94c2-c5b80a1e1a15,2025-11-28,present
7015dabe-631c-4215-8f53-b51788b70f31,d279e141-bde6-464d-a35a-3542f3912e4d,07ea687c-a302-4f91-94c2-c5b80a1e1a15,2025-11-28,present
6463a151-4273-4694-bcda-17d2fa56ae06,0e2006ef-c603-4177-b420-14668f3a263c,07ea687c-a302-4f91-94c2-c5b80a1e1a15,2025-11-28,late
eda2d131-0862-4918-ad1b-c7782399261d,dde6565d-3d3e-4fb9-adfb-493f8c846f68,07ea687c-a302-4f91-94c2-c5b80a1e1a15,2025-11-28,present
abbb5339-3e1a-4fee-9453-c92a225959bc,9ae6206a-104b-4e7e-b71c-5236d0e2893c,07ea687c-a302-4f91-94c2-c5b80a1e1a15,2025-11-28,present
2cecee2c-11b9-43ad-89c7-e720a5547952,ece26161-1d8e-4821-897a-af320996faa8,07ea687c-a302-4f91-94c2-c5b80a1e1a15,2025-11-28,present
071085af-24a9-47bd-81f3-077336d1c9ab,b3230830-b85f-4e0a-a77f-4b73b9e25897,07ea687c-a302-4f91-94c2-c5b80a1e1a15,2025-11-28,present
130f37d8-cd30-4182-9d98-30631935821e,1545f31f-827a-45e2-8dae-a0093e302dd8,07ea687c-a302-4f91-94c2-c5b80a1e1a15,2025-11-28,present
fd1980cc-1e4c-47ab-a0fb-66d837db7805,ed40b0fa-a5dc-41cd-b326-527e5692ccc2,07ea687c-a302-4f91-94c2-c5b80a1e1a15,2025-11-28,present
fe66e249-31d8-4f2d-ade2-1545d4116d91,c9fd0e6f-81b5-44d8-99d8-cffab50e8186,07ea687c-a302-4f91-94c2-c5b80a1e1a15,2025-11-28,present
5263376d-f961-4ca6-89b1-5ea941adf60e,990a5dba-45e5-4852-84ba-c6a6feeeea43,07ea687c-a302-4f91-94c2-c5b80a1e1a15,2025-11-28,present
1715824a-0742-48d4-b9e1-c0e263e42ab6,8adaea8b-7243-402d-8321-170d25ffc145,07ea687c-a302-4f91-94c2-c5b80a1e1a15,2025-11-28,present
49669084-c37f-43f9-9415-3885ffb8dbb1,a0f7e0ef-1647-403d-adde-8be71dcef91f,07ea687c-a302-4f91-94c2-c5b80a1e1a15,2025-11-28,present
44db08c0-304a-4975-a816-d99b05b922a3,c28d4b00-cc9b-41ea-b456-0de6b2420e32,07ea687c-a302-4f91-94c2-c5b80a1e1a15,2025-11-28,present
6b64cb4f-6ba6-4e8a-82e7-603b629a6fe8,f32a3b13-fb8b-4dcd-9354-601dfc07a7bc,07ea687c-a302-4f91-94c2-c5b80a1e1a15,2025-11-28,absent
f6b00ccd-6fe8-49d1-95b9-7828aeaecf4c,38d0f2e4-177d-4780-b38a-bd89e2c472f7,07ea687c-a302-4f91-94c2-c5b80a1e1a15,2025-11-28,present
7eaa8b7b-e6fa-4302-9946-6b3725edd0f2,2f9bcce6-b505-41f8-8c88-5a761eaacb14,07ea687c-a302-4f91-94c2-c5b80a1e1a15,2025-11-28,present
32a04bcd-d462-4249-adf9-981e6557f6f2,394b097e-3183-463a-b82d-2f7b8e35f394,07ea687c-a302-4f91-94c2-c5b80a1e1a15,2025-11-28,present
f79737ce-966f-49d5-b31f-4a6d73ce14f2,ee80294c-03a9-4be4-941f-5d674f06b07d,07ea687c-a302-4f91-94c2-c5b80a1e1a15,2025-11-28,present
44f6fdf4-dec6-4ada-a6a3-20783c855739,083271c3-e793-4fcc-ad70-6d44855331bb,07ea687c-a302-4f91-94c2-c5b80a1e1a15,2025-11-28,present
fb57f314-2c19-435e-bc7b-a1cfd259bba9,dce4c098-b5d6-479f-b74e-f20d7cb10d7e,07ea687c-a302-4f91-94c2-c5b80a1e1a15,2025-11-28,present
d53b01fc-5784-40ca-b691-e630b141a6d9,df52c447-f8ef-4234-af90-9052d50f7f91,07ea687c-a302-4f91-94c2-c5b80a1e1a15,2025-11-28,present
c35f3e19-58f9-45a6-810a-c2c5673623a0,3717e8d4-dd62-4788-92ef-7897be769c40,07ea687c-a302-4f91-94c2-c5b80a1e1a15,2025-11-28,present
5b83b652-f6e9-4f90-a011-b1fe66742eee,acdf31c6-f590-4626-87fc-70f11f7b82b7,07ea687c-a302-4f91-94c2-c5b80a1e1a15,2025-11-28,late
78065045-0ac9-4ec3-8c17-e6393e87c720,c1581811-353a-4de7-a2cf-7d4f85402d85,07ea687c-a302-4f91-94c2-c5b80a1e1a15,2025-11-28,present
d30d2216-d338-4f5c-848c-ec6cc796d1ad,326d6f8d-2b15-44ca-b0b6-7bf1a0d07dd8,07ea687c-a302-4f91-94c2-c5b80a1e1a15,2025-11-28,present
c12b0dbe-9c73-4d01-b8a7-890e335b901d,d45d71d5-d8cd-4e22-998f-4da51e04139b,07ea687c-a302-4f91-94c2-c5b80a1e1a15,2025-11-28,late
a7526697-d977-4d78-b0ca-fa1ed7b4483c,0a493e7c-c1a6-43c0-8048-3800fd0ed20c,07ea687c-a302-4f91-94c2-c5b80a1e1a15,2025-11-28,present
0ce4322d-1a03-4c17-9149-f53f1b868bb6,c3ee8973-aa82-493c-a8d9-ec29c65399b0,07ea687c-a302-4f91-94c2-c5b80a1e1a15,2025-11-28,present
b0b755bc-d185-4933-962f-4e57bb7f5bb2,a62a0764-b669-44cd-adab-6554c2127b38,07ea687c-a302-4f91-94c2-c5b80a1e1a15,2025-11-28,present
5197ccf7-ecdc-49f8-8cb9-ca36175949ad,adce69e7-c2bc-4a83-bf06-55d12f62e559,07ea687c-a302-4f91-94c2-c5b80a1e1a15,2025-11-28,present
d554489d-6ab9-41c3-a4c8-c52f347215af,cbb4b137-e023-4bdf-b7c8-2b2f2f960b18,07ea687c-a302-4f91-94c2-c5b80a1e1a15,2025-11-28,absent
01dfbfc2-181d-4cfe-98ec-3bb37f3b2a88,adb75059-2a94-4eb1-99d9-3b605895f2de,07ea687c-a302-4f91-94c2-c5b80a1e1a15,2025-11-28,present
80b16909-4d64-4c2f-8243-8c6aa425bd05,e806d472-c097-4f05-b562-72a639908783,07ea687c-a302-4f91-94c2-c5b80a1e1a15,2025-11-28,present
bbeae02e-28c8-4257-9a17-b6018874727d,1e780af5-e94c-4b3a-9b2e-6cd2f6d7aa55,07ea687c-a302-4f91-94c2-c5b80a1e1a15,2025-11-28,present
d567ab70-3596-4bd1-bf9e-f902ff1d44e2,cf886ed4-555d-43bd-9d0b-697bc0756d49,07ea687c-a302-4f91-94c2-c5b80a1e1a15,2025-11-28,present
63cdcabf-cbc8-48ed-83d5-eb7f7c3875cb,ea79204a-7cf7-4e36-893c-bad5f17b0dfc,07ea687c-a302-4f91-94c2-c5b80a1e1a15,2025-11-28,present
2384f01a-7ddf-4de7-b6b9-9fe4384cb965,2a0c0aa2-5e44-4f0f-8cb2-5068c164c321,07ea687c-a302-4f91-94c2-c5b80a1e1a15,2025-11-28,present
85980278-f7b4-4405-ae4e-520d45ef0614,00940fb4-d687-46b4-918e-ba1f17e4c7c6,07ea687c-a302-4f91-94c2-c5b80a1e1a15,2025-11-28,present
17d058e5-11d8-4e3c-b1dc-a8a3ec350b20,80d8fcae-09c2-4a1c-b5bb-325549bc85b7,07ea687c-a302-4f91-94c2-c5b80a1e1a15,2025-11-28,present
7053d2bd-00f6-48e4-9b38-b0dcf6c5a39b,e9e21940-db55-4c50-964a-e53c0084ffe6,07ea687c-a302-4f91-94c2-c5b80a1e1a15,2025-11-28,present
ca72b703-38b1-4129-945c-19490c48a9be,ec2f3c4b-358c-4fde-bfda-2d76c9e465fe,07ea687c-a302-4f91-94c2-c5b80a1e1a15,2025-11-28,present
80275d44-6075-475f-98ca-d21ef51b9246,76d6b9c7-7b03-4c94-8827-e33c2626288c,07ea687c-a302-4f91-94c2-c5b80a1e1a15,2025-11-28,present
c73833e3-4565-43cd-ae59-4b8c791f2fd0,e75d14c3-4948-4a6e-b6bb-2321bc562fdc,07ea687c-a302-4f91-94c2-c5b80a1e1a15,2025-11-28,late
ad967a0d-ffa3-4edf-988f-4f2fb80e15bc,ce59703d-535b-4110-9825-0c03a73cf50a,07ea687c-a302-4f91-94c2-c5b80a1e1a15,2025-11-28,present
5560c704-20c9-4769-838f-3768f7184d24,9517b1de-c640-4acd-a09f-9b9d936f8a71,07ea687c-a302-4f91-94c2-c5b80a1e1a15,2025-11-28,present
fcad1619-3674-4308-b576-002d12aafc74,a3d5448f-1632-493f-9b81-e31a11873baa,07ea687c-a302-4f91-94c2-c5b80a1e1a15,2025-11-28,absent
afa59e4a-abea-41a7-9134-3a40bc55634a,bf2f487a-42ab-4b3f-a33b-f5f2bf84c9a6,07ea687c-a302-4f91-94c2-c5b80a1e1a15,2025-11-28,present
6f460ae5-7341-44c1-a73f-c1aff9db2dc1,971c5522-7e75-471d-bc24-e9459867fb3c,07ea687c-a302-4f91-94c2-c5b80a1e1a15,2025-11-28,present
f7ed5154-e8a3-4678-8bf9-cb712ae9a631,c9a8c166-23e2-4f98-a83d-e9b76f6ecf02,07ea687c-a302-4f91-94c2-c5b80a1e1a15,2025-11-28,present
96542554-5f7d-464c-8612-143bb7b4a0c2,d57963b2-1c46-4506-abf7-060b82a28d2f,07ea687c-a302-4f91-94c2-c5b80a1e1a15,2025-11-28,present
458e0be0-65c0-48db-a624-bc0ae276864b,354591e5-ed67-4d86-b2f9-6bec92f28586,07ea687c-a302-4f91-94c2-c5b80a1e1a15,2025-11-28,present
6cfb4bd4-3f0b-4a95-9b41-621166696c3f,03e883f2-4c33-470e-adea-e18cfefe3e5a,07ea687c-a302-4f91-94c2-c5b80a1e1a15,2025-11-28,present
d536e651-93a4-4f1a-ab01-e6b3854a3c70,caf03a53-173c-448b-a6c6-8875c803421b,07ea687c-a302-4f91-94c2-c5b80a1e1a15,2025-11-28,absent
6ea2a16a-20a1-46ac-abd0-f255fd09bbb7,67f61110-855f-4d29-8a0b-4bd9ccb7750e,07ea687c-a302-4f91-94c2-c5b80a1e1a15,2025-11-28,present
278b8fda-fc4b-43a1-9d2c-03e03e44ad80,6a22abef-da5c-48a4-a986-abebf1f831bd,07ea687c-a302-4f91-94c2-c5b80a1e1a15,2025-11-28,present
4cbc8d45-e100-4679-9897-7628d3d27214,0462374c-6527-4941-b220-8bccfa2e38a8,07ea687c-a302-4f91-94c2-c5b80a1e1a15,2025-11-28,present
94f85496-47c6-4cc6-8087-ac41accfa84e,b764cea1-86d5-467f-af4f-d0c95f65deab,07ea687c-a302-4f91-94c2-c5b80a1e1a15,2025-11-28,present
a52d005c-f7cc-494e-b743-a0cf24d7e272,0ddc30b6-a072-4716-a517-c577062f75ee,07ea687c-a302-4f91-94c2-c5b80a1e1a15,2025-11-28,present
18b29360-d382-4676-8620-6b7ad7622d62,3b6fd718-d063-4e30-a179-70745da4283b,07ea687c-a302-4f91-94c2-c5b80a1e1a15,2025-11-28,present
45ec0828-06bf-4bfe-b178-44bb0a06d259,07bf2d94-e13c-4bcf-b694-e1a3752288eb,07ea687c-a302-4f91-94c2-c5b80a1e1a15,2025-11-28,present
0fa518e7-2f4d-4e5e-a53c-847ac27794cc,93c92bc8-b8db-4fdc-ac23-6a72dd033b80,07ea687c-a302-4f91-94c2-c5b80a1e1a15,2025-11-28,present
733c1832-41f7-4954-84de-008327f52e22,fe38d2d1-708f-4caf-8c53-887ac8538a39,07ea687c-a302-4f91-94c2-c5b80a1e1a15,2025-11-28,late
0e7e7ba7-737a-4a2f-bdbb-4e87cf468819,b79721bb-d140-44cd-a035-e71e8980eab4,07ea687c-a302-4f91-94c2-c5b80a1e1a15,2025-11-28,present
a64f64c9-59ad-4f49-a187-e51d54cd4897,09b51b06-2436-4e4f-8a3a-e91fa53faf4e,07ea687c-a302-4f91-94c2-c5b80a1e1a15,2025-11-28,present
668a702e-31c7-44ba-8e7b-b1dd2bbde69a,a6e994ce-46bd-4c1a-8260-43a42366d72c,07ea687c-a302-4f91-94c2-c5b80a1e1a15,2025-11-28,present
38c7c0ee-118e-4f6a-9eb4-728d901df12c,4a9028f0-06ec-423a-8b2b-555c007eb319,07ea687c-a302-4f91-94c2-c5b80a1e1a15,2025-11-28,present
5367310c-cf50-48a4-8fe3-39e3c0844785,40323b47-6f8a-4d81-9165-3f8705fbe61b,07ea687c-a302-4f91-94c2-c5b80a1e1a15,2025-11-28,present
1b1a8d47-f44f-4446-bd56-4c047534c8d7,b7984fa5-582d-4b8c-874a-aa0a941ec6d5,07ea687c-a302-4f91-94c2-c5b80a1e1a15,2025-11-28,present
6b2da012-647d-46f5-9eef-ca008c2fed3c,d585b3f4-8ae8-407a-918c-c3713a80479f,07ea687c-a302-4f91-94c2-c5b80a1e1a15,2025-11-28,present
d3ccc5f2-d7bb-48ec-acf3-0fac11707525,655d421f-4cab-48c4-a25c-694878d35d11,532be409-5c9a-4bfa-bdea-94bf15e0b2f9,2025-11-28,present
a877d83e-621c-4fc9-96ad-89238768300f,8a683851-ce6b-4646-93e9-f33f49cd27b9,532be409-5c9a-4bfa-bdea-94bf15e0b2f9,2025-11-28,present
a4cdeb94-5c01-4dac-9ee1-ae58be7b57b2,e4cf719d-743b-4967-95d7-44dcc3515b88,532be409-5c9a-4bfa-bdea-94bf15e0b2f9,2025-11-28,present
5247e3b4-0d27-4f06-8718-6df12c2f312f,1ce6af4c-f129-4669-b83e-5f1dec8180e3,532be409-5c9a-4bfa-bdea-94bf15e0b2f9,2025-11-28,present
e844d407-15be-46ff-b845-ca29ec0f1913,07e57e49-2909-4490-bd5e-917768a4b310,532be409-5c9a-4bfa-bdea-94bf15e0b2f9,2025-11-28,present
6897a32d-d3dc-4a1d-89b8-74d8e438e336,ce20644d-e1dc-4511-8c3a-b7485eb1f7c0,532be409-5c9a-4bfa-bdea-94bf15e0b2f9,2025-11-28,present
363b3399-e321-45ce-a599-80fded437833,56c9bff5-9d5f-4b08-8d84-3440c77418a7,532be409-5c9a-4bfa-bdea-94bf15e0b2f9,2025-11-28,present
0627a84f-12d2-4675-b48a-5172715c34c6,0070ca5d-ff48-4ebc-a30d-12e2367ba48c,532be409-5c9a-4bfa-bdea-94bf15e0b2f9,2025-11-28,present
f99a7c73-901f-4b5c-9163-de95ef31d00b,0020c3e9-4f74-4aba-8cb4-f866805c90f6,532be409-5c9a-4bfa-bdea-94bf15e0b2f9,2025-11-28,present
57e4bcee-5490-4fa3-8bde-9974d9c76cbb,a07040e0-502a-4292-aa68-76bd20f2c39a,532be409-5c9a-4bfa-bdea-94bf15e0b2f9,2025-11-28,present
e9a0db1a-72bb-472f-8581-75e0b334c3fe,18ed9b2a-4abc-4574-88fd-cf1c8286196e,532be409-5c9a-4bfa-bdea-94bf15e0b2f9,2025-11-28,present
f4d8daf8-5027-443f-a1c5-f4ca35a84c37,fa54979d-4dff-43ab-b366-f8decad539d7,532be409-5c9a-4bfa-bdea-94bf15e0b2f9,2025-11-28,present
1e664005-ff67-41c6-8a00-0f54c5633b7d,256b45d3-35b8-4157-b2cd-075f3b3fdaba,532be409-5c9a-4bfa-bdea-94bf15e0b2f9,2025-11-28,present
d00fd7fb-3cbf-490e-a7fb-6f10a435a29e,f10f92ae-b94e-4d3d-a784-47b146bb9590,532be409-5c9a-4bfa-bdea-94bf15e0b2f9,2025-11-28,present
4d520e27-df8c-4606-9034-f72c9d992349,af65a89b-3edd-4774-ab8a-673d268839c0,532be409-5c9a-4bfa-bdea-94bf15e0b2f9,2025-11-28,present
b8ed9c2f-836b-46f0-8ff0-40458d63fc93,4c5e5e2d-a3ba-4879-a632-04b72d5354dc,532be409-5c9a-4bfa-bdea-94bf15e0b2f9,2025-11-28,present
057ead37-38bf-4e9a-8f79-a276ff501326,7a955d6a-19d3-44fe-9db2-41996ae11c1c,532be409-5c9a-4bfa-bdea-94bf15e0b2f9,2025-11-28,present
2a08a1f2-c234-40e1-97e1-f51b393ae9aa,6cd30464-43c3-47a8-b570-e82702676fba,532be409-5c9a-4bfa-bdea-94bf15e0b2f9,2025-11-28,present
1437de24-cef0-4653-8730-7c409b5160d0,4e8bf9a1-d24b-494f-94ad-c9f189843394,532be409-5c9a-4bfa-bdea-94bf15e0b2f9,2025-11-28,present
bad64716-fcc0-4691-a21d-6b5e76becf24,f9b04680-3944-4af3-a20e-7882ad84cf68,532be409-5c9a-4bfa-bdea-94bf15e0b2f9,2025-11-28,present
d5afbaf4-2db8-4707-b513-5303ee26d438,b0f78c17-f9c2-4f13-bd95-c3d3fe2ffe1c,532be409-5c9a-4bfa-bdea-94bf15e0b2f9,2025-11-28,present
7c4c9fa0-0232-4cad-8439-0fcbd3a54a84,9f82ab6a-97cf-45c6-9615-ba07b59c864a,532be409-5c9a-4bfa-bdea-94bf15e0b2f9,2025-11-28,present
69cfb763-8241-400a-a5b1-4561359ca1db,e77fde29-f6d8-441e-a34a-704f2ba90467,532be409-5c9a-4bfa-bdea-94bf15e0b2f9,2025-11-28,present
dbe3a9ce-30dc-46b9-b164-2b18f080862e,d279e141-bde6-464d-a35a-3542f3912e4d,532be409-5c9a-4bfa-bdea-94bf15e0b2f9,2025-11-28,present
6da892dc-9826-4a84-bd8e-7f972d3d69c4,109b7676-47a2-4a01-8ca2-4cb9669278f9,532be409-5c9a-4bfa-bdea-94bf15e0b2f9,2025-11-28,present
750128fb-628d-4400-8457-2f30724c3e15,27afceee-f74b-493b-a3ad-bae25d8d493f,532be409-5c9a-4bfa-bdea-94bf15e0b2f9,2025-11-28,present
a64703be-c1f8-4f2d-8b18-b60e5dace643,0f5a94e5-3cd8-44de-845d-60e20f0a4b68,532be409-5c9a-4bfa-bdea-94bf15e0b2f9,2025-11-28,present
fb2f57a7-4e31-4d44-8572-d17f7833c175,2538e5b5-ae96-4758-aa24-a337a44049ae,532be409-5c9a-4bfa-bdea-94bf15e0b2f9,2025-11-28,present
75799321-9701-4179-ab8f-e794ab4c52ed,02b22c10-7741-4973-aa28-bc92e9bfbdbb,532be409-5c9a-4bfa-bdea-94bf15e0b2f9,2025-11-28,present
46bacf84-f90c-43c7-8a76-884744e8d609,69c3a141-e8a6-46cf-92ce-affbd0b7a313,532be409-5c9a-4bfa-bdea-94bf15e0b2f9,2025-11-28,present
e100f868-3bd1-41e2-8d4a-8f3e021351be,0ab3401b-f783-48d3-960a-e115fb28164c,532be409-5c9a-4bfa-bdea-94bf15e0b2f9,2025-11-28,late
584b8f79-4661-4ca9-b212-ccb1d8fe2577,ece26161-1d8e-4821-897a-af320996faa8,532be409-5c9a-4bfa-bdea-94bf15e0b2f9,2025-11-28,present
90ed8740-6c93-4bdd-9b46-00007faabbc4,c5a8c43d-0bd3-40ed-ba9d-18229de65192,532be409-5c9a-4bfa-bdea-94bf15e0b2f9,2025-11-28,present
805afaf8-49c1-4747-9237-64f0d9803c6a,1545f31f-827a-45e2-8dae-a0093e302dd8,532be409-5c9a-4bfa-bdea-94bf15e0b2f9,2025-11-28,absent
dafcb756-eac5-408a-a49b-d97f094210ed,8ed4bcd3-b4ed-4601-9e74-e3d9ab2c3fab,532be409-5c9a-4bfa-bdea-94bf15e0b2f9,2025-11-28,present
52d67fae-882a-4d7c-b49d-dd49b02b64e5,51160f68-3fe8-4a80-8b68-ccf571d086bc,532be409-5c9a-4bfa-bdea-94bf15e0b2f9,2025-11-28,present
de1f4355-a9f8-4d79-b6ed-faf5b4cf8275,990a5dba-45e5-4852-84ba-c6a6feeeea43,532be409-5c9a-4bfa-bdea-94bf15e0b2f9,2025-11-28,present
1ed92f08-ebfc-49af-9c69-ed77167d4d46,8adaea8b-7243-402d-8321-170d25ffc145,532be409-5c9a-4bfa-bdea-94bf15e0b2f9,2025-11-28,absent
c1fe2b20-566b-44d3-ab5d-52effa3d3483,d58b044a-b1b4-49bc-80c9-250e8860dfd1,532be409-5c9a-4bfa-bdea-94bf15e0b2f9,2025-11-28,present
96e68a54-9e8c-4e04-bd82-5166b9d680ec,cf53b305-646d-4f87-8f0d-1bd27be1b27a,532be409-5c9a-4bfa-bdea-94bf15e0b2f9,2025-11-28,present
b756d8a2-80b0-4e0b-9bb6-981cf67b5f2d,f32a3b13-fb8b-4dcd-9354-601dfc07a7bc,532be409-5c9a-4bfa-bdea-94bf15e0b2f9,2025-11-28,absent
6ace57fe-aa5b-454a-ba69-3446bd11d7e0,6f61f93d-7b3a-4f6c-92c1-9d82126ed5d9,532be409-5c9a-4bfa-bdea-94bf15e0b2f9,2025-11-28,present
1c2d2c43-84a6-42d8-886f-b7e4a337c3da,3fae53b2-d0ad-4d78-95e9-410953304fa3,532be409-5c9a-4bfa-bdea-94bf15e0b2f9,2025-11-28,present
54ab9a52-4a20-4972-81a8-13e10327c6ef,b17b199d-0085-43c6-8199-4365ea5e3d4b,532be409-5c9a-4bfa-bdea-94bf15e0b2f9,2025-11-28,present
e7d315b5-cf72-4c42-89db-b71aa94e43ac,2f9bcce6-b505-41f8-8c88-5a761eaacb14,532be409-5c9a-4bfa-bdea-94bf15e0b2f9,2025-11-28,present
05aff211-af1d-4991-8db0-f0f4b8803f86,964a5f0b-b78c-4ae9-9686-8379544f30ff,532be409-5c9a-4bfa-bdea-94bf15e0b2f9,2025-11-28,present
be5cd1e9-978a-48d5-a95c-ea287fa17206,81198188-c8df-4731-8bb9-d9502605a6c5,532be409-5c9a-4bfa-bdea-94bf15e0b2f9,2025-11-28,present
a04e55bb-efc0-48ea-bfec-46462ab1e2bd,6c643c12-1646-4a7e-b14e-dedc167fb603,532be409-5c9a-4bfa-bdea-94bf15e0b2f9,2025-11-28,present
ee3fb1e2-7636-4010-a57f-e31dd543538b,394b097e-3183-463a-b82d-2f7b8e35f394,532be409-5c9a-4bfa-bdea-94bf15e0b2f9,2025-11-28,present
10bf2e7e-5730-4956-81d9-47e46603367f,e9f6eb32-b8bd-4b5e-9677-831f0feb24c4,532be409-5c9a-4bfa-bdea-94bf15e0b2f9,2025-11-28,present
cabc0551-b561-4d0e-a6ca-cbbb43634799,14c32fd7-df97-4193-854e-d84e9db70b4c,532be409-5c9a-4bfa-bdea-94bf15e0b2f9,2025-11-28,present
cd095a21-ebc2-4bbd-abc3-e600c9c75ee1,27897647-4fab-42a4-9e76-2319f6bd4d9c,532be409-5c9a-4bfa-bdea-94bf15e0b2f9,2025-11-28,present
54181f33-6d59-4ba4-91b7-8e1c2150bc98,083271c3-e793-4fcc-ad70-6d44855331bb,532be409-5c9a-4bfa-bdea-94bf15e0b2f9,2025-11-28,present
5b0ca469-3e48-4f6b-869e-7a65c8584632,6a11afc2-4d5b-40cc-88d5-2c922f78ccd9,532be409-5c9a-4bfa-bdea-94bf15e0b2f9,2025-11-28,present
ae5453f1-87fc-446a-aa6d-e8b68fe3dbb3,61df8f1b-0957-42fa-aa80-87d92e492491,532be409-5c9a-4bfa-bdea-94bf15e0b2f9,2025-11-28,late
23726fa4-c838-469c-bf30-5fa6098cb6b7,73a4cb1d-87ef-4842-b21c-e2b77a680446,532be409-5c9a-4bfa-bdea-94bf15e0b2f9,2025-11-28,present
5644bacf-963b-463c-8468-76f8c35596a4,316d0892-6651-40c4-bdef-422f3a2cf97e,532be409-5c9a-4bfa-bdea-94bf15e0b2f9,2025-11-28,late
02946842-3698-42ea-8585-8c1248d1a139,6a3582b3-e4a0-48cc-9a7e-9e45f535228b,532be409-5c9a-4bfa-bdea-94bf15e0b2f9,2025-11-28,present
7a4282bd-0d29-4afd-b1db-6a176d891efd,3717e8d4-dd62-4788-92ef-7897be769c40,532be409-5c9a-4bfa-bdea-94bf15e0b2f9,2025-11-28,present
5e6f5f79-2f67-45f2-82d2-a3943c76724f,a62808a6-3cea-480e-955b-d9b6caf1901b,532be409-5c9a-4bfa-bdea-94bf15e0b2f9,2025-11-28,present
0187a5b6-95ed-4925-a8a6-a10b28577f42,8668f0f8-4c16-479a-9655-6f7b48a27f71,532be409-5c9a-4bfa-bdea-94bf15e0b2f9,2025-11-28,present
ed1c8824-3c76-486e-bcbc-cba0b173c39d,c1581811-353a-4de7-a2cf-7d4f85402d85,532be409-5c9a-4bfa-bdea-94bf15e0b2f9,2025-11-28,present
4b048009-754e-4c1c-8c3d-1f7d45f12221,0a493e7c-c1a6-43c0-8048-3800fd0ed20c,532be409-5c9a-4bfa-bdea-94bf15e0b2f9,2025-11-28,present
3b5b9bb9-db79-49be-889b-6a96a412a872,43d342c8-433d-451d-80f4-f388f67f565d,532be409-5c9a-4bfa-bdea-94bf15e0b2f9,2025-11-28,present
fef9d8a5-304d-429d-8703-5cf661338426,b36f9b27-4118-4965-b35e-cb27d79018c9,532be409-5c9a-4bfa-bdea-94bf15e0b2f9,2025-11-28,present
1c90425f-a0c9-4b84-b306-f7552a69f044,a62a0764-b669-44cd-adab-6554c2127b38,532be409-5c9a-4bfa-bdea-94bf15e0b2f9,2025-11-28,present
7d6e3f0f-9ed3-4f07-beec-bd7efb982b02,06bbfb42-d6b5-4963-bd07-1b64d4638e8b,532be409-5c9a-4bfa-bdea-94bf15e0b2f9,2025-11-28,present
33f3759b-9fb4-4333-9ce8-0ab9baa7506a,9d48b1ff-c39d-44ba-b869-09ab13721641,532be409-5c9a-4bfa-bdea-94bf15e0b2f9,2025-11-28,present
cb5fd562-8c4b-49f6-8bf0-ed078aa62da7,adb75059-2a94-4eb1-99d9-3b605895f2de,532be409-5c9a-4bfa-bdea-94bf15e0b2f9,2025-11-28,present
bab4fe31-e490-43fd-aff8-c72813b0720a,1a4f9fd1-161d-4efa-b4d0-1372cfac1b76,532be409-5c9a-4bfa-bdea-94bf15e0b2f9,2025-11-28,absent
84b1a26f-c9d4-4aac-ac9a-3bb5a19a3738,8225146d-3d54-4029-a146-9b86a99e2854,532be409-5c9a-4bfa-bdea-94bf15e0b2f9,2025-11-28,present
7e2cde2c-584b-461b-9591-a9023a977467,bbf2c68c-d378-4ed2-a5da-8b8a72f6ed6f,532be409-5c9a-4bfa-bdea-94bf15e0b2f9,2025-11-28,present
c9948ddb-27a2-40b0-ae9e-e522a1f47cb3,fe140029-d234-4dee-a4b8-7a07ee51e8dc,532be409-5c9a-4bfa-bdea-94bf15e0b2f9,2025-11-28,present
327751b8-8b57-47ab-b0cd-4c978f82724e,ddaf2fc4-5bcc-4347-b662-d66189b857c4,532be409-5c9a-4bfa-bdea-94bf15e0b2f9,2025-11-28,present
7b7e78ce-e475-4022-871c-ed9b491bdb40,76c35dc5-8232-4ad8-b149-37cc8e67ce70,532be409-5c9a-4bfa-bdea-94bf15e0b2f9,2025-11-28,present
224434a3-5465-41b1-9111-13118405e48c,90dc408a-3ac6-48fc-84d5-cc80bdc719f6,532be409-5c9a-4bfa-bdea-94bf15e0b2f9,2025-11-28,present
b6438eae-0432-4359-9cb3-de0c1a4c3524,b1263436-ff82-4448-932e-db328ec4436a,532be409-5c9a-4bfa-bdea-94bf15e0b2f9,2025-11-28,present
adc7e121-2bd7-4bd3-a288-f91d28f072fa,63ee15f0-fb20-4921-90ac-f52dd693a7ff,532be409-5c9a-4bfa-bdea-94bf15e0b2f9,2025-11-28,present
6d30a1e9-3b91-4243-bee3-163cd69dd766,f80ecc25-9de1-4a22-ae70-b282bee4db6a,532be409-5c9a-4bfa-bdea-94bf15e0b2f9,2025-11-28,present
fb49a093-96a7-42ef-8149-3cee8974f47e,ddd02a53-865b-4b98-a799-07393233effb,532be409-5c9a-4bfa-bdea-94bf15e0b2f9,2025-11-28,present
9c259125-72e8-420f-9c1b-9c08d8eac7da,94bf051f-5b6d-480d-a87d-30aeaf76f9d4,532be409-5c9a-4bfa-bdea-94bf15e0b2f9,2025-11-28,late
511053eb-1609-4de4-8428-2b7850d9621d,6021d91d-9e00-49c3-a9b6-242189ae1836,532be409-5c9a-4bfa-bdea-94bf15e0b2f9,2025-11-28,present
7706c898-6c10-435c-ac65-76b27c8672c2,4e23dc8b-4f0e-4fcd-b87b-a7fa8b274727,532be409-5c9a-4bfa-bdea-94bf15e0b2f9,2025-11-28,present
a00051ca-16cb-41d2-856d-0284ae884650,ccc151f3-5c99-42c6-9bb7-e9e225592e33,532be409-5c9a-4bfa-bdea-94bf15e0b2f9,2025-11-28,present
98870178-c1c3-47c9-9828-1af89a7f2c81,953faa8a-fd38-4f45-81bb-f78dd5af28c0,532be409-5c9a-4bfa-bdea-94bf15e0b2f9,2025-11-28,present
3f8bfac8-1f48-4dfc-b460-9401fbfe9e8e,09ca3519-bd1b-4668-aa10-cfea4e7f597e,532be409-5c9a-4bfa-bdea-94bf15e0b2f9,2025-11-28,present
e9fec3a6-13f0-4d93-b7db-0ea48e0f0d4f,e75d14c3-4948-4a6e-b6bb-2321bc562fdc,532be409-5c9a-4bfa-bdea-94bf15e0b2f9,2025-11-28,absent
c1f97343-b134-4880-9270-058b2067b450,9b243ab3-78f8-40d5-9262-bbd4a986eade,532be409-5c9a-4bfa-bdea-94bf15e0b2f9,2025-11-28,present
531959ca-a875-4067-90ec-14180588bd1e,de21631b-4947-4124-9a3b-02646fca8661,532be409-5c9a-4bfa-bdea-94bf15e0b2f9,2025-11-28,present
1727a682-6896-455f-aeec-787c94afb68a,9fe746ab-356a-4a14-9d49-d91cb42a9f53,532be409-5c9a-4bfa-bdea-94bf15e0b2f9,2025-11-28,present
ff80447e-332f-4426-8361-8a82a8b3f3b6,9517b1de-c640-4acd-a09f-9b9d936f8a71,532be409-5c9a-4bfa-bdea-94bf15e0b2f9,2025-11-28,present
1f4a6ff9-795f-4516-9a96-ba38adedcc70,62398629-b5fc-4b68-8cd5-1fcb535170a0,532be409-5c9a-4bfa-bdea-94bf15e0b2f9,2025-11-28,present
fc7da7c5-ec9e-4231-bdbc-2aa71775e0a9,0e1d30ee-ff42-4f6a-b296-0957473270db,532be409-5c9a-4bfa-bdea-94bf15e0b2f9,2025-11-28,present
5b9c37e1-e22b-41f4-a2ce-fe4ea9cc0e7f,32f5c78f-34b3-4b96-8a9f-2ef12df817ff,532be409-5c9a-4bfa-bdea-94bf15e0b2f9,2025-11-28,present
a75491e1-53fc-4c0d-910c-08bb40a9ba7d,7dacc0f3-be87-47d6-9082-c24f6aaa5c30,532be409-5c9a-4bfa-bdea-94bf15e0b2f9,2025-11-28,present
1f2e97cc-f492-4128-bfe0-5a61882248f1,ed9d69f5-60d8-47b1-8879-33c6fc1e0aca,532be409-5c9a-4bfa-bdea-94bf15e0b2f9,2025-11-28,present
e1489c0f-279b-49f1-a8b7-92f3ca9e166f,03e883f2-4c33-470e-adea-e18cfefe3e5a,532be409-5c9a-4bfa-bdea-94bf15e0b2f9,2025-11-28,present
5468e806-cbb1-4c1d-9b2a-4e1a5e89ec5c,caf03a53-173c-448b-a6c6-8875c803421b,532be409-5c9a-4bfa-bdea-94bf15e0b2f9,2025-11-28,present
fffc46c7-e6e6-41c2-a764-aa0a218f3ebf,67f61110-855f-4d29-8a0b-4bd9ccb7750e,532be409-5c9a-4bfa-bdea-94bf15e0b2f9,2025-11-28,present
fd84e110-0616-4b18-8cb5-74a744e237ed,bf8aa4cc-14f7-4240-991e-bc534987b405,532be409-5c9a-4bfa-bdea-94bf15e0b2f9,2025-11-28,present
0424dfe5-9b6d-4c1e-9bba-c93148947677,8ea230f0-2698-44e2-bc05-89b2305f443d,532be409-5c9a-4bfa-bdea-94bf15e0b2f9,2025-11-28,late
ebea0900-8124-47d6-9aea-e58ab85e2c94,0ddc30b6-a072-4716-a517-c577062f75ee,532be409-5c9a-4bfa-bdea-94bf15e0b2f9,2025-11-28,present
b653e92e-e66f-4b9b-8de3-c6d4e22cc71d,d3a79eac-a482-44dd-b7a2-71432a23e272,532be409-5c9a-4bfa-bdea-94bf15e0b2f9,2025-11-28,present
996478f9-890b-48e8-9faa-15cce7ea0651,bc1096c0-d9ea-445a-8021-3a6a188e694a,532be409-5c9a-4bfa-bdea-94bf15e0b2f9,2025-11-28,present
8ba69839-0c71-44db-ac9e-5cef04752df9,63c0d01f-ff51-4678-b295-d83b266c66cb,532be409-5c9a-4bfa-bdea-94bf15e0b2f9,2025-11-28,present
f1816e2d-81b6-4f9f-802a-e06a37082d37,3b6fd718-d063-4e30-a179-70745da4283b,532be409-5c9a-4bfa-bdea-94bf15e0b2f9,2025-11-28,present
ac0fb265-abff-4f15-a732-52d60f72d28e,246083f8-477d-4426-9358-e40f0a168fb8,532be409-5c9a-4bfa-bdea-94bf15e0b2f9,2025-11-28,present
d2339427-d500-474c-a015-1208fb963460,9a5fdae0-452a-4e69-9e1b-8d1d338f9523,532be409-5c9a-4bfa-bdea-94bf15e0b2f9,2025-11-28,late
1d2dd1c8-51d5-499d-9ea3-b8e62caf993b,40b60fd1-c5cb-40cd-9760-6f08400e4270,532be409-5c9a-4bfa-bdea-94bf15e0b2f9,2025-11-28,absent
0e621852-4a21-43e7-8b74-32f92f325d3e,615261be-c5c1-4a1f-9074-22937a6da384,532be409-5c9a-4bfa-bdea-94bf15e0b2f9,2025-11-28,present
9cf3a66e-080d-479e-b02f-6fa10420717c,62668c72-cc71-4036-a5ff-e151db80c59b,532be409-5c9a-4bfa-bdea-94bf15e0b2f9,2025-11-28,present
c96fcde0-4609-472c-8221-ce95376f3825,cc8bc5bb-0895-4fe4-b97f-7b404a1560a4,532be409-5c9a-4bfa-bdea-94bf15e0b2f9,2025-11-28,present
458394e0-0f6a-41d8-9604-76768bfbf9ed,18936279-3371-4641-8244-d641600a9aee,532be409-5c9a-4bfa-bdea-94bf15e0b2f9,2025-11-28,present
d64e7010-0e4e-483a-9e11-cb4356c63472,ce8cf7d4-0474-411f-8887-7283c4efd9c6,532be409-5c9a-4bfa-bdea-94bf15e0b2f9,2025-11-28,present
4a3151c5-4a35-446a-8358-656e0ad325fc,b7984fa5-582d-4b8c-874a-aa0a941ec6d5,532be409-5c9a-4bfa-bdea-94bf15e0b2f9,2025-11-28,present
c55df4eb-45ef-4f71-ae5d-f6b2223f8026,c23974c4-3958-4c45-959a-f4d5163df99e,d34fceaf-38df-45a1-a575-8463f24d1e33,2025-11-28,present
d28c368d-ef72-4079-8006-fc86ee3cb3b2,32d3674a-f486-4b3d-8897-b15fad8c4acd,d34fceaf-38df-45a1-a575-8463f24d1e33,2025-11-28,present
0f685a88-3dcc-4e9b-9be8-fd2ce1c41b93,27dc46a6-0317-4e06-b86a-06f57d41e835,d34fceaf-38df-45a1-a575-8463f24d1e33,2025-11-28,present
647b8e76-b18c-4863-ba6e-f573435fbceb,29a4fcab-4414-4ed5-95c6-e9f7bfdad29f,d34fceaf-38df-45a1-a575-8463f24d1e33,2025-11-28,present
85aec5d5-3fdd-49cf-84da-c832afa4ce63,a7713d8b-e71c-43a1-866e-599109b20500,d34fceaf-38df-45a1-a575-8463f24d1e33,2025-11-28,present
0dae3be0-60c8-4373-8f43-5ea4ceb7227d,2e364849-a955-4380-98f3-e292fb9f9ea7,d34fceaf-38df-45a1-a575-8463f24d1e33,2025-11-28,present
437ccea7-440c-47f1-8d37-6fca74bb4af6,5f8832ab-239c-4f9d-b808-8a8f76c57573,d34fceaf-38df-45a1-a575-8463f24d1e33,2025-11-28,present
c4c9bdfc-2ce5-4152-a9c0-329a94adf10b,b3021e68-8115-4c09-b933-9feea9235067,d34fceaf-38df-45a1-a575-8463f24d1e33,2025-11-28,present
6e5ff277-b3d0-4efd-8281-60ad0d0cca32,bfd2f89c-b66c-4b89-936f-3a1ce4eb999b,d34fceaf-38df-45a1-a575-8463f24d1e33,2025-11-28,present
40e66dab-f210-4967-b8ec-ba2119762c30,49b01f1a-1e63-430c-8715-cb4dfbd0ec11,d34fceaf-38df-45a1-a575-8463f24d1e33,2025-11-28,present
c1218cb2-1612-4949-a449-ac9523bf8b20,857a8490-6efc-4e67-a76e-aea99e164f84,d34fceaf-38df-45a1-a575-8463f24d1e33,2025-11-28,present
56dc1c10-835b-42c9-b0af-0840473dffd0,b99043c3-9793-4b00-8770-f4cd44f5ac67,d34fceaf-38df-45a1-a575-8463f24d1e33,2025-11-28,present
af3bbf3b-3d16-453f-b6ee-f945b4ee6c62,e0585cac-e56e-4f70-9539-7d01165beadb,d34fceaf-38df-45a1-a575-8463f24d1e33,2025-11-28,present
b63b63a0-1f2a-415f-b157-407c1adb3adf,8b83f039-a299-4ce8-b615-a2c38b29a48b,d34fceaf-38df-45a1-a575-8463f24d1e33,2025-11-28,present
af8d4903-a538-4eb4-bccd-183a937599a1,1167922c-702e-4176-b443-93f0ce691344,d34fceaf-38df-45a1-a575-8463f24d1e33,2025-11-28,present
befb9598-d56f-459c-8533-addcbd1a0159,bec51d17-bf41-40cf-96e9-e98169bd85f2,d34fceaf-38df-45a1-a575-8463f24d1e33,2025-11-28,present
df2959ea-f3ae-41d0-b170-6769adebf6f7,d3108eb4-8eef-4249-8cfe-052d104883ed,d34fceaf-38df-45a1-a575-8463f24d1e33,2025-11-28,present
c2596e9e-d47e-430f-9a41-9e429d801f46,d0f07cb6-6acf-49b9-aa97-e9386f3778fb,d34fceaf-38df-45a1-a575-8463f24d1e33,2025-11-28,present
0dea0c59-b69c-4ee6-800c-008b33ab7571,f41ea448-4587-42d5-a070-27b90b2e7539,d34fceaf-38df-45a1-a575-8463f24d1e33,2025-11-28,absent
ae26d970-1c8f-4ed0-aaa2-160b65ad169c,69df908c-4c1b-45ae-adcd-d4c58d10d6c4,d34fceaf-38df-45a1-a575-8463f24d1e33,2025-11-28,present
e851c2ab-2fa8-460d-96a3-3597644268cd,84bd9b12-8599-40f0-8298-25ea6dd042a4,d34fceaf-38df-45a1-a575-8463f24d1e33,2025-11-28,present
29df83c1-8d17-403d-b949-191379697d3c,c83cfe93-b7ec-4482-a1fc-51edea6f7d49,d34fceaf-38df-45a1-a575-8463f24d1e33,2025-11-28,present
f0c97994-812c-44e8-997b-01d385b442bc,29d8e7bf-1f31-4228-8a23-97b7469722f4,d34fceaf-38df-45a1-a575-8463f24d1e33,2025-11-28,present
d6824bad-485b-44b3-9c6a-b8fc37cce4bf,8da87cee-c880-4669-9b9e-31fd705f254b,d34fceaf-38df-45a1-a575-8463f24d1e33,2025-11-28,present
948f7d25-211a-42fc-b40c-bc8fe85e2f4c,b962d360-6dd2-4795-8c79-a2e48eb227fb,d34fceaf-38df-45a1-a575-8463f24d1e33,2025-11-28,present
8ec7b083-4794-4688-95bb-06bb0165bea6,9c0c9f61-99ee-4aa6-ad14-10d86e5d4929,d34fceaf-38df-45a1-a575-8463f24d1e33,2025-11-28,present
6cb837ab-1693-45ac-8c8c-4376e3cf25c8,6d50d1f7-5039-4212-a9ec-f74495b253e2,d34fceaf-38df-45a1-a575-8463f24d1e33,2025-11-28,present
8af09eda-f969-4172-addb-8453720c1d09,70fc65f4-cf68-409b-8e8e-4cef58cc58d3,d34fceaf-38df-45a1-a575-8463f24d1e33,2025-11-28,present
d88fcf3a-cd8e-43e3-a4f5-7e46d5fa30db,243d369c-203c-4275-afc5-1c3c427223ba,d34fceaf-38df-45a1-a575-8463f24d1e33,2025-11-28,present
bfb6d113-0a62-47e2-8772-185c090c0cb2,0f90dd49-e576-4d49-8718-c0518a130483,d34fceaf-38df-45a1-a575-8463f24d1e33,2025-11-28,present
8735b244-5b06-4b9e-ae8b-26f6fb1218fb,323e3036-7de8-4d69-9fc3-e95cbfc36ec5,d34fceaf-38df-45a1-a575-8463f24d1e33,2025-11-28,present
79bfd03e-cc59-47ac-a2c1-c8dfc4c6c9a4,f411f380-e9bb-465f-a4da-72349d27f541,d34fceaf-38df-45a1-a575-8463f24d1e33,2025-11-28,present
b1152971-1d4b-40f5-b9c3-1cbef5592cf7,4f4f87ab-36b9-4d69-b9d9-01bc1e0a4b08,d34fceaf-38df-45a1-a575-8463f24d1e33,2025-11-28,absent
12e1c665-f07e-4bf7-9959-88fa03fa3676,01cd9ddb-59df-4c67-b6bb-15bafb31276c,d34fceaf-38df-45a1-a575-8463f24d1e33,2025-11-28,present
154bd42b-dafe-4f53-9736-ea5a4b7012cb,d7ba9f5e-048b-4485-b7be-00415dac059a,d34fceaf-38df-45a1-a575-8463f24d1e33,2025-11-28,present
647113bc-194c-465a-a3e3-18e105203435,a070dc31-2236-430a-bb11-12257d7e1ba4,d34fceaf-38df-45a1-a575-8463f24d1e33,2025-11-28,present
964db7d0-ef50-4ce5-9972-a6cd49b4d1b9,c4296cf4-4491-41ee-8c15-579aeb136b8d,d34fceaf-38df-45a1-a575-8463f24d1e33,2025-11-28,present
4cac087e-2b53-497c-a2a5-c7914be3a824,05a1c14a-69f5-4269-8a05-a41607f8bca7,d34fceaf-38df-45a1-a575-8463f24d1e33,2025-11-28,present
c56ed2d4-cf84-4389-a1ad-2d5c25121c95,083c8c37-a988-4550-9313-5980447d5d5a,d34fceaf-38df-45a1-a575-8463f24d1e33,2025-11-28,present
3f0b9f78-f2af-4300-8142-c47aa6a48eb7,f8c54d14-869e-4d54-ac6a-cfae1e673b44,d34fceaf-38df-45a1-a575-8463f24d1e33,2025-11-28,absent
544e4868-27d0-49e9-a4f4-7edcbd6055c3,45c0844a-6fc6-484d-8e11-8ad39416e1fb,d34fceaf-38df-45a1-a575-8463f24d1e33,2025-11-28,present
217b06d2-2d67-4ea5-a6eb-35210aeaa357,5e76bc6b-2c56-4b78-b15f-7bf41251f81f,d34fceaf-38df-45a1-a575-8463f24d1e33,2025-11-28,present
f518d36c-ae03-4a64-9aef-9d3f9463aeb7,2080e131-8a0b-4c7c-9587-c75cbd4f6e64,d34fceaf-38df-45a1-a575-8463f24d1e33,2025-11-28,present
410432d3-044d-4011-a96f-03942d8878e0,58dbd79a-3f70-4fdc-801a-7adc29d3fe7f,d34fceaf-38df-45a1-a575-8463f24d1e33,2025-11-28,absent
14946aab-e9e0-4e36-8009-35928a36e3c7,c4f5b24b-2837-4f3a-a4c1-3bca43ee1b5f,d34fceaf-38df-45a1-a575-8463f24d1e33,2025-11-28,present
efac14fc-c36f-4410-80d4-0004d3538343,fec357e6-d871-4367-92ec-349d0d31dcaa,d34fceaf-38df-45a1-a575-8463f24d1e33,2025-11-28,present
62e1a1e0-e32e-4156-bc4f-82566965436c,485e92f6-7bfd-4e76-b383-f48920e8c5ae,d34fceaf-38df-45a1-a575-8463f24d1e33,2025-11-28,present
70a4a02d-ea9f-4a0e-9392-ba463c910a07,420c3003-6144-4a96-8b98-3bdac26eb1b9,d34fceaf-38df-45a1-a575-8463f24d1e33,2025-11-28,present
763d847f-4e5b-41d1-a234-130012d70a1a,ee9052a1-c0e4-4d5d-9eb2-9f62d17e8406,d34fceaf-38df-45a1-a575-8463f24d1e33,2025-11-28,present
d434ccbb-995c-465c-b887-1301bdc52ef2,5c95d21d-35d3-4a11-9c37-094126a73de1,d34fceaf-38df-45a1-a575-8463f24d1e33,2025-11-28,present
8e11f0fe-342c-4455-8870-de7b7a790d20,c31deb89-fe97-4131-9aab-918f19ee25a3,d34fceaf-38df-45a1-a575-8463f24d1e33,2025-11-28,present
a26bc455-87b4-4181-8e69-3b783b5a7838,f6b445fa-298b-44cb-8408-a75c6f19410e,d34fceaf-38df-45a1-a575-8463f24d1e33,2025-11-28,present
29a61007-dcd1-4501-bf59-7c0b3b33ab4c,9bff3d80-b7e7-40e4-880c-40638e5e188c,d34fceaf-38df-45a1-a575-8463f24d1e33,2025-11-28,present
b97f694c-23df-40ef-88e8-c199f8130319,bf764238-4d08-41a9-bee8-9244a999e34e,d34fceaf-38df-45a1-a575-8463f24d1e33,2025-11-28,present
24db037f-3e2e-419b-9c7a-8afb24617b75,6698ef03-279e-46cf-8479-fd45abe06f5e,d34fceaf-38df-45a1-a575-8463f24d1e33,2025-11-28,present
0d0ad411-8e4a-41dd-b0b6-68232cadfe7f,96d8c1ec-4594-42bf-a1ba-45e569166720,d34fceaf-38df-45a1-a575-8463f24d1e33,2025-11-28,present
996147c6-c225-428a-8ade-7432395c2888,8e005b90-de8d-4e43-8f67-72b9bab23c77,d34fceaf-38df-45a1-a575-8463f24d1e33,2025-11-28,present
430c3bf2-d67b-424e-9466-b64752c19e93,50dcef60-0a45-43c7-8299-16af6d0c99de,d34fceaf-38df-45a1-a575-8463f24d1e33,2025-11-28,present
5d77d96b-cceb-402c-8ef3-754777976016,66235cea-18c7-410d-860f-2dc03cfbeb62,d34fceaf-38df-45a1-a575-8463f24d1e33,2025-11-28,present
2ce78602-2095-4bd9-bf2d-f321f3174409,bc2c7e1e-182d-404b-bf31-e1ae391098da,d34fceaf-38df-45a1-a575-8463f24d1e33,2025-11-28,present
4cc635be-4e41-4e20-b226-49bfd0a98e92,00164a99-a70c-464a-b90b-d3574ae9dba0,d34fceaf-38df-45a1-a575-8463f24d1e33,2025-11-28,present
0201e1d6-d657-4dbf-ba4e-4c375a812568,2ba51843-412b-460c-90ca-2063ac3accf7,d34fceaf-38df-45a1-a575-8463f24d1e33,2025-11-28,present
660946f1-ca30-477a-8053-2a8560b63a3b,804c467b-e491-43a5-8eea-07771f187c41,d34fceaf-38df-45a1-a575-8463f24d1e33,2025-11-28,present
35a10300-6cc9-4650-91b2-e3de2421d981,7c7c4ada-cd37-465d-8b01-6e9880fef9d9,d34fceaf-38df-45a1-a575-8463f24d1e33,2025-11-28,present
97030935-5bec-4bcb-9df5-af38163a4d93,9c64aae4-96d4-4cf3-8d84-25a83ed45d99,d34fceaf-38df-45a1-a575-8463f24d1e33,2025-11-28,present
db980b80-e33f-4d63-a541-543ecc69c48b,bed0ca9c-97dd-4ed5-8170-b74ee34e6930,d34fceaf-38df-45a1-a575-8463f24d1e33,2025-11-28,present
a49f6096-a478-41d0-9a29-d7500b029898,8c3e83fb-b7b9-4e5c-83d1-3d8a0a877941,d34fceaf-38df-45a1-a575-8463f24d1e33,2025-11-28,present
04953647-8728-4d99-9cbc-76904da270e4,17be69cc-776e-48cb-8129-cbc4c9161d46,d34fceaf-38df-45a1-a575-8463f24d1e33,2025-11-28,present
8754316c-b919-414e-a0da-98576c4d52e5,1077aa26-9309-43ee-a138-43b0f2806b12,d34fceaf-38df-45a1-a575-8463f24d1e33,2025-11-28,present
39623cc1-602f-40f0-8ac3-73f2e9a235cb,7fdab6c5-c00e-42d3-b5dc-9a964a047ea4,d34fceaf-38df-45a1-a575-8463f24d1e33,2025-11-28,present
6dc5e564-2f9f-4dfa-9952-40dd23d9fa55,dc95017e-fe6e-4c4e-9e27-5a2ec00017fe,d34fceaf-38df-45a1-a575-8463f24d1e33,2025-11-28,present
cd271fb5-496f-4abc-aefc-16fc38b24ced,31abe3b9-ded9-43c1-8df8-bfc5ca928656,d34fceaf-38df-45a1-a575-8463f24d1e33,2025-11-28,present
b1c89476-2491-41c0-b583-717224c2cb55,7f099bb6-f6f6-41df-8bcb-f20bb05e42dc,d34fceaf-38df-45a1-a575-8463f24d1e33,2025-11-28,present
ee26f183-caae-48c9-8449-eb0eecf02499,98368190-3b2a-4bce-8d0f-203ff32f68c0,d34fceaf-38df-45a1-a575-8463f24d1e33,2025-11-28,present
6c16c3cc-4315-4acd-a86d-8a85a1f115f8,f67b1037-6bbf-4475-b1aa-c1ec71e3c380,d34fceaf-38df-45a1-a575-8463f24d1e33,2025-11-28,present
b482b94c-3455-4966-aeb9-b7fbc48328ea,7baf3a6c-f8e1-4dd6-a20b-37c737595083,d34fceaf-38df-45a1-a575-8463f24d1e33,2025-11-28,present
781947eb-895d-4f74-b2f6-8b5cc4546466,ccef44cd-2a74-4a2b-98ac-aefbe22d4f17,d34fceaf-38df-45a1-a575-8463f24d1e33,2025-11-28,present
34c7e767-9e99-4ace-a6df-ebe5a2c5ba16,7fd8fca2-3fbe-4cc9-8006-89b7b2e12b3c,d34fceaf-38df-45a1-a575-8463f24d1e33,2025-11-28,present
121ef171-4968-40c6-9c79-44e4e497cbc9,5a50bbae-98c6-4ad7-a278-9b3fc1b5cee5,d34fceaf-38df-45a1-a575-8463f24d1e33,2025-11-28,present
47ae8437-6e4f-4e9a-aa53-5cfeff411429,22b672de-8765-47d0-81fe-33dd48735bd2,d34fceaf-38df-45a1-a575-8463f24d1e33,2025-11-28,present
f0c8a09b-6919-46b0-808d-e6310ee84cf7,d0189023-bb24-4020-b142-5ed3c6137bdb,d34fceaf-38df-45a1-a575-8463f24d1e33,2025-11-28,present
b5d91c66-8860-486a-a982-e20301319f36,c3761e16-70aa-4a34-9e94-630e43f2b68f,d34fceaf-38df-45a1-a575-8463f24d1e33,2025-11-28,present
fb0dd5c7-fe27-4a0d-989a-86596fc1a1c7,ea43975d-c1f5-4bbc-aa88-a47831ad6eb3,d34fceaf-38df-45a1-a575-8463f24d1e33,2025-11-28,present
cc482b60-1c6f-4194-b704-dd5edcc19f48,958efc12-80ce-491d-937e-5b7515604cdf,d34fceaf-38df-45a1-a575-8463f24d1e33,2025-11-28,present
dec9284d-bc63-4e57-9bd2-fb3aee723dbd,ee3324f4-87b2-4523-80cc-97efa1c542c0,d34fceaf-38df-45a1-a575-8463f24d1e33,2025-11-28,present
bbf88d7d-940c-4331-beeb-916eee125dc3,ca87113c-7ea1-4f5c-b858-8a9bdd27a5e6,d34fceaf-38df-45a1-a575-8463f24d1e33,2025-11-28,present
9f4d17be-935c-4741-90c0-31123cdecc5f,fb0f41ba-0e86-4a23-9a58-64aeecb17b2e,d34fceaf-38df-45a1-a575-8463f24d1e33,2025-11-28,present
858fc52a-fb22-4414-9900-1c9430cddff6,95560399-4ff9-447f-9d7a-b6ced221d39f,d34fceaf-38df-45a1-a575-8463f24d1e33,2025-11-28,present
c3b3a8f1-b74b-44fe-9ccc-45d11ac22b7b,fedea8eb-31a0-4877-9d72-75b45c0db35d,d34fceaf-38df-45a1-a575-8463f24d1e33,2025-11-28,present
5e57369a-7129-4f30-9c23-cde7c7d09281,8af05ba4-50de-483a-b7cb-ae345187de5b,d34fceaf-38df-45a1-a575-8463f24d1e33,2025-11-28,present
59326481-87c1-4726-b3b5-a3d1487b0b89,9749dea1-cdb2-40ae-b261-71baa0b53fa9,de797278-3744-48d5-8c24-1ac261bb9c49,2025-11-28,present
bd649d9d-d469-492c-830a-d599e661c4e5,fcc6595b-19c4-4904-800c-01f152fffeaf,de797278-3744-48d5-8c24-1ac261bb9c49,2025-11-28,present
5d989809-e6f8-4219-9f78-24b18853dfbb,264980b0-374d-4809-868c-95d84435f5b8,de797278-3744-48d5-8c24-1ac261bb9c49,2025-11-28,present
985e8240-6088-4a79-b0cd-63616ce99564,18609ac4-2061-4f4b-9500-48b1b7f576d7,de797278-3744-48d5-8c24-1ac261bb9c49,2025-11-28,present
b14bc64f-f8f2-4005-a993-eb07991b8778,e0e93515-47fc-4588-981c-1474c1d76ab8,de797278-3744-48d5-8c24-1ac261bb9c49,2025-11-28,present
ef60937a-4095-495f-9566-fd2a4dea3224,1268d57d-d1ce-499d-8aba-8c74a8bfd12d,de797278-3744-48d5-8c24-1ac261bb9c49,2025-11-28,present
d248e42f-fb2a-4091-b929-dbb35aed9da8,e3dd03c7-0fad-454f-a4aa-851d7ecb4f39,de797278-3744-48d5-8c24-1ac261bb9c49,2025-11-28,present
da88fd71-6a78-4989-84d4-d7eacc661976,e0b4e09a-7202-4041-958f-a49723f02289,de797278-3744-48d5-8c24-1ac261bb9c49,2025-11-28,late
9c6314ad-4060-4048-9ae4-8a48db4e3619,b0dd6910-03fa-4b3c-8461-e44ae950906a,de797278-3744-48d5-8c24-1ac261bb9c49,2025-11-28,present
21d23f46-ba20-4fe9-8e9c-9128bfba3639,5f3babed-773e-4d14-8bba-6ae33811f1e1,de797278-3744-48d5-8c24-1ac261bb9c49,2025-11-28,present
aa481f3f-3e3e-4209-8d05-c89e8eff63e4,ddf9961f-fe89-44bd-b2aa-7359b7cb5dff,de797278-3744-48d5-8c24-1ac261bb9c49,2025-11-28,present
c1328c40-94e6-45cb-8a3a-38a42132d80a,a4352dd5-f5f7-47d9-bcf0-8c87e3fb9044,de797278-3744-48d5-8c24-1ac261bb9c49,2025-11-28,present
79d304e3-a9c1-4f2c-806b-1a5f55e4b9c7,5ffc15de-1e39-4d9f-bdd9-c50d9c36f940,de797278-3744-48d5-8c24-1ac261bb9c49,2025-11-28,present
d518bc92-f869-4ceb-be7b-b62dc8e122f5,bb4cad68-eacc-4911-aa26-5a6895cdb1ee,de797278-3744-48d5-8c24-1ac261bb9c49,2025-11-28,present
ae0b7dac-9c77-44b8-bf71-5c6f07fb84b3,b2c6db82-0dc3-40c9-828d-a20cad952690,de797278-3744-48d5-8c24-1ac261bb9c49,2025-11-28,present
8f98bf71-852e-4f9c-b4bb-b5d1fc830f22,fa9ba255-579e-4ce1-86fa-6a80012d9a3c,de797278-3744-48d5-8c24-1ac261bb9c49,2025-11-28,present
32525654-7b14-4ec5-9bd2-a5aaa0503615,066d4e04-f598-4508-aa83-88dea41c7ba3,de797278-3744-48d5-8c24-1ac261bb9c49,2025-11-28,present
6cfc7cf4-3e6f-45ea-80f2-d8e0deb08cd0,9fb85139-86ed-4985-82f5-2ffef84da203,de797278-3744-48d5-8c24-1ac261bb9c49,2025-11-28,present
34566c31-c09d-44b1-830c-14f6349e47be,d2c4b956-577f-4a55-adc3-d84f5a9f5934,de797278-3744-48d5-8c24-1ac261bb9c49,2025-11-28,present
a61b5104-8c88-4df5-accb-e455eb20e0a7,e92dcebd-595a-4593-927e-787504499347,de797278-3744-48d5-8c24-1ac261bb9c49,2025-11-28,present
8bab7a2e-f5ec-4636-a6cb-51369bedee7d,0fbfbaef-f563-47a4-bf79-352c417a906c,de797278-3744-48d5-8c24-1ac261bb9c49,2025-11-28,present
9495424b-ffe4-4d41-b8bf-35e0c7f79ca5,46020511-826b-40c3-8daa-b22873d925ea,de797278-3744-48d5-8c24-1ac261bb9c49,2025-11-28,present
56be19da-e63b-406b-8324-60912f623d60,476ab8e5-f656-4c9e-955b-039a9e2a07bc,de797278-3744-48d5-8c24-1ac261bb9c49,2025-11-28,present
88137b84-914a-44a1-a2b7-0f01f0619097,128561d5-4e44-42ad-8283-25a0cd84acea,de797278-3744-48d5-8c24-1ac261bb9c49,2025-11-28,present
f056233e-5a6c-42a5-a969-b4cde5942be0,70747bcb-c9f1-47da-bd23-9d6b98cf6339,de797278-3744-48d5-8c24-1ac261bb9c49,2025-11-28,present
57cb6794-80d1-496b-bb66-624d21504428,fc0dd2c8-d221-4e00-a4ff-18baac6012d9,de797278-3744-48d5-8c24-1ac261bb9c49,2025-11-28,present
3128df49-3c8e-47c7-8831-b9c58154a1da,fba79e19-6998-47b7-b13a-a53f8cf30059,de797278-3744-48d5-8c24-1ac261bb9c49,2025-11-28,present
0b2ad38e-55d2-457d-952d-731c38d47a64,85c2b3ab-f6bc-4272-9728-3771277e8b76,de797278-3744-48d5-8c24-1ac261bb9c49,2025-11-28,absent
1ea5785c-321b-44d4-a245-3f9b87d693c4,f48cba60-a3c9-4531-883d-f28684c2f698,de797278-3744-48d5-8c24-1ac261bb9c49,2025-11-28,present
5718f3c3-9928-4da2-b7a8-5e84641c8bb7,3cf1729d-88f1-453b-a6ab-dbd0f6ad69f2,de797278-3744-48d5-8c24-1ac261bb9c49,2025-11-28,present
73769ba8-3a38-4719-922a-b980c6f7af42,d92662d3-56ed-43d0-b5e9-673ee75e4578,de797278-3744-48d5-8c24-1ac261bb9c49,2025-11-28,absent
9f4435ce-408c-4247-b2c6-272d09582c43,d23cbda0-478b-42f8-b8c1-2a34fa624b0a,de797278-3744-48d5-8c24-1ac261bb9c49,2025-11-28,present
007d3e63-7b99-4d8b-b63b-d923c7009acc,da0c56bf-f5ca-4cf5-8114-c73084c1a507,de797278-3744-48d5-8c24-1ac261bb9c49,2025-11-28,present
370d74f9-1a58-4334-9a0e-aa9447a11751,c59a3c2a-5b71-4b04-a482-d79c40c802e2,de797278-3744-48d5-8c24-1ac261bb9c49,2025-11-28,present
c0040575-f059-4982-947f-1972360c5cdd,4fddf8e6-d8fd-4650-8ed4-a7b0897c0422,de797278-3744-48d5-8c24-1ac261bb9c49,2025-11-28,present
fd14e7c6-912f-47ee-84fa-84c1070f9e7a,67ce79bf-79ee-45b5-963d-2ae7c4ad4963,de797278-3744-48d5-8c24-1ac261bb9c49,2025-11-28,absent
02068b40-00a3-4979-9f6d-10328ce8d1e6,17b1f9ac-4286-4b0e-9922-badcc30d550d,de797278-3744-48d5-8c24-1ac261bb9c49,2025-11-28,present
5bc031c0-c9ab-4179-bef5-4278702a106e,c7d966f9-1349-4412-ac47-1fa5f3dc262c,de797278-3744-48d5-8c24-1ac261bb9c49,2025-11-28,present
bd5f3dab-db3c-437f-9523-b778b08a0624,3ad278d6-3f2b-49f2-b03f-ac28962cf353,de797278-3744-48d5-8c24-1ac261bb9c49,2025-11-28,present
05660bc0-76c3-4b8e-9f69-b4c8cda84464,9eea7266-5f7e-4593-b105-728bee569230,de797278-3744-48d5-8c24-1ac261bb9c49,2025-11-28,present
598337dd-ae82-4900-9dbd-184a58df817c,5b61949a-32d9-417c-88f2-8a7e6b484573,de797278-3744-48d5-8c24-1ac261bb9c49,2025-11-28,present
d9aedd3f-9383-46c0-a478-86a71053d465,0a8a2f3b-e546-40a4-a880-cb89aaccc3ca,de797278-3744-48d5-8c24-1ac261bb9c49,2025-11-28,present
46eaebfc-1462-4c3d-8e48-de607cd8b24d,3d682d74-2437-4748-8dd4-f92e1344d4d0,de797278-3744-48d5-8c24-1ac261bb9c49,2025-11-28,present
85c6f0bf-3a18-422a-9890-196b250ad46d,9d9374bf-948e-4a10-bd74-83a22975d1cc,de797278-3744-48d5-8c24-1ac261bb9c49,2025-11-28,present
00288d81-16c1-480e-af9a-be1504805f3b,83f8ca96-fe91-469d-9f7b-a3359e371358,de797278-3744-48d5-8c24-1ac261bb9c49,2025-11-28,present
5b7e6603-9923-43e3-844b-1c5f47b49708,9cfee2b3-7a20-4773-895e-137361e3afdf,de797278-3744-48d5-8c24-1ac261bb9c49,2025-11-28,present
7375e147-59b4-4657-8f5c-0756a4073327,32b4efb7-51ce-45ff-bc14-7cadedb93e92,de797278-3744-48d5-8c24-1ac261bb9c49,2025-11-28,present
68dd1d94-7078-487c-ad9e-84af6cace79c,959c7497-88a0-4ca4-9766-41f322fcca17,de797278-3744-48d5-8c24-1ac261bb9c49,2025-11-28,present
6ce37e49-2914-47c4-83af-ee4d1724213e,69b7c627-3027-40e1-9ece-cdcb7a3b056d,de797278-3744-48d5-8c24-1ac261bb9c49,2025-11-28,present
446a9cad-8fd9-442d-84ea-29754a5a23a2,8e3f2671-0307-4ec0-b691-cf5ea09f31ac,de797278-3744-48d5-8c24-1ac261bb9c49,2025-11-28,present
5e4df527-f8a8-42da-ae87-916b3e1f6759,80bcc0f5-ede9-4f30-b948-25c7e8cc91c8,de797278-3744-48d5-8c24-1ac261bb9c49,2025-11-28,late
59b30063-cb94-45fa-b1bc-0114e93c47db,22b837bf-4c3a-4e85-a5d9-1a1b9be64394,de797278-3744-48d5-8c24-1ac261bb9c49,2025-11-28,present
c791fbd6-e4cd-40d4-a886-f4fd45333203,cec8696d-6201-4f13-8fd9-812add71aff1,de797278-3744-48d5-8c24-1ac261bb9c49,2025-11-28,present
c547646e-79b5-4741-b2ce-0e806984268c,fa7f3d1f-1b45-4704-a1a1-aa773b2f0a73,de797278-3744-48d5-8c24-1ac261bb9c49,2025-11-28,present
1184ca14-d7a1-41c7-b676-7c1a3324b420,8a44d8a4-f274-4ccc-ac13-440a40858650,de797278-3744-48d5-8c24-1ac261bb9c49,2025-11-28,present
e712286f-4bec-46ae-a849-486aed51bdb3,232b9c03-8117-4f46-8aa8-71eb9248abf5,de797278-3744-48d5-8c24-1ac261bb9c49,2025-11-28,present
bb3c83df-1557-459e-b21f-0e32bedef744,522c4436-c3e2-4c12-983c-8db33ff0bde2,de797278-3744-48d5-8c24-1ac261bb9c49,2025-11-28,present
42f0bd54-71dc-4d56-bc3c-094c793eab04,d3ac1568-9b7f-446f-9086-f461f76bbb5d,de797278-3744-48d5-8c24-1ac261bb9c49,2025-11-28,present
77a3ef79-a9d1-486e-97da-d7ea02692a24,b3b73401-0b3f-4318-ab99-7f2194d65760,de797278-3744-48d5-8c24-1ac261bb9c49,2025-11-28,present
1aff4d83-38b7-4789-b3ba-4256875d789b,2f41cfa7-dd92-43b4-a34f-4c775b84122b,de797278-3744-48d5-8c24-1ac261bb9c49,2025-11-28,absent
d92f7274-1a59-42aa-945a-30bf749a99bb,48bb5879-7851-4758-b860-b5ee8882e0da,de797278-3744-48d5-8c24-1ac261bb9c49,2025-11-28,present
7e182b82-e8ef-450f-b2e9-98acbf830027,444e68fa-2872-4dbc-b650-67eccd0bde1c,de797278-3744-48d5-8c24-1ac261bb9c49,2025-11-28,present
e697f67e-4353-4197-9c6a-c788ad7a8d1d,ef125f22-8298-477b-bb7b-57d85648256c,de797278-3744-48d5-8c24-1ac261bb9c49,2025-11-28,present
7c6ce301-eb39-465e-ac31-8683dce5f74a,8b8328d5-aa77-497a-af4f-e038866e5303,de797278-3744-48d5-8c24-1ac261bb9c49,2025-11-28,present
53eca333-e7c1-463a-b918-314ef6217a77,faed31b7-4176-4210-b198-bda4e2bda78b,de797278-3744-48d5-8c24-1ac261bb9c49,2025-11-28,present
cc9df59b-919a-425e-894e-60cc4c938c62,6e568ab6-751b-4fbe-8914-6eb9586a7df3,de797278-3744-48d5-8c24-1ac261bb9c49,2025-11-28,present
171d28e3-a34e-44c6-83f3-3d7fab79ca30,21673246-671e-40f8-84ed-54bbaa213477,de797278-3744-48d5-8c24-1ac261bb9c49,2025-11-28,present
a419ccf6-7b4c-4183-88ac-e17d77276d93,57aa2b47-aa29-471e-9f11-89a8413f1325,de797278-3744-48d5-8c24-1ac261bb9c49,2025-11-28,present
2dea48a3-e564-4340-a6c6-e52bbdc80367,5faf2a95-f2ad-4f6a-a6f4-74c2f595304b,de797278-3744-48d5-8c24-1ac261bb9c49,2025-11-28,present
bc2f9b36-6e81-420f-bf7d-b13406c380d8,0ce0dd35-408c-4af4-b31f-58d94bb11bda,de797278-3744-48d5-8c24-1ac261bb9c49,2025-11-28,present
e57d19c1-3290-4868-8929-fda811abfa04,dd3d2a7d-5ec3-4fcc-a6aa-cc840ab27274,de797278-3744-48d5-8c24-1ac261bb9c49,2025-11-28,present
92ae1460-cc89-4e26-b572-4fe52e2d3c9e,ec4c07aa-3012-44ea-89a2-1ca53403da7f,de797278-3744-48d5-8c24-1ac261bb9c49,2025-11-28,present
be5eea67-aa4c-4ac5-93d7-1bf7eab6c4f8,c1ce561b-592d-47a8-a02a-4dc5c8b96b46,de797278-3744-48d5-8c24-1ac261bb9c49,2025-11-28,late
8eb5be51-72a9-407f-810f-123ad9ce87b9,23101779-dfb1-4b16-91c5-b8a7118b7c25,de797278-3744-48d5-8c24-1ac261bb9c49,2025-11-28,present
822eb044-f384-4b81-bd55-ca05a4ac8653,a8ce932d-992f-4a92-9755-e7eb20374d2f,de797278-3744-48d5-8c24-1ac261bb9c49,2025-11-28,present
ed5e278d-bb32-43ef-975b-7fc902a93bf8,6ea1d3f0-e436-4382-a733-f40214bf09a1,de797278-3744-48d5-8c24-1ac261bb9c49,2025-11-28,present
6ea72240-975d-4ebc-93df-99646930f667,61862f62-649f-464b-b240-d0f66eb608ba,de797278-3744-48d5-8c24-1ac261bb9c49,2025-11-28,present
e8694486-b046-4fe7-8538-4791acfc8d8c,67634b4e-a129-4fc4-8bc1-f4a47ef9d6f2,de797278-3744-48d5-8c24-1ac261bb9c49,2025-11-28,present
660cab49-8963-4495-b58a-ffced974d892,93824d5f-5413-4456-8e83-fa5fb081bf0b,de797278-3744-48d5-8c24-1ac261bb9c49,2025-11-28,present
6caabd30-514a-4ea9-8300-8a4040076ae8,b11ccc49-683c-472e-b727-66ff1207eb06,de797278-3744-48d5-8c24-1ac261bb9c49,2025-11-28,late
2c195939-53e5-4c10-bacc-86c56d856464,9bfeffb9-d159-48f6-91a6-ab8dc6342bde,de797278-3744-48d5-8c24-1ac261bb9c49,2025-11-28,present
ca22480c-f2c3-4394-8cca-bd02d805c8fb,58e430b0-b8fa-49c8-a300-0c9871f0ad72,3ffe6e2d-380a-43c4-8f20-8d7757763dc7,2025-11-27,present
c6449ef0-201b-4741-b344-ebd7ebcced04,d9c20128-ead3-4f71-9b6e-88da1dbb74f4,3ffe6e2d-380a-43c4-8f20-8d7757763dc7,2025-11-27,present
fedf41ce-db48-4d49-b526-a28735036215,22be9735-3b3b-469d-8dc4-f7609afb4265,3ffe6e2d-380a-43c4-8f20-8d7757763dc7,2025-11-27,present
88be5b28-8f85-44e3-a5cd-7565e937054c,9f58618a-79ab-463c-a251-48d9c2e3ea11,3ffe6e2d-380a-43c4-8f20-8d7757763dc7,2025-11-27,present
db353117-ff5e-4103-9a05-51843766b99a,d5db9f17-dbdb-4774-ab52-05c1e0995707,3ffe6e2d-380a-43c4-8f20-8d7757763dc7,2025-11-27,present
dd03e4b2-c577-4d4c-92f0-62d36f9ee20c,6ffa3178-5f9a-444d-8571-05d05b782f92,3ffe6e2d-380a-43c4-8f20-8d7757763dc7,2025-11-27,present
7bbd9cd2-7c9f-4979-a891-ed6608be4bbc,c1a854a4-a76d-4df5-86da-511daf39f9ef,3ffe6e2d-380a-43c4-8f20-8d7757763dc7,2025-11-27,present
40c69352-6367-409d-83a8-8f9143b05c1d,6dd16490-cacb-4e51-9dc3-42de7b5509ab,3ffe6e2d-380a-43c4-8f20-8d7757763dc7,2025-11-27,present
01f82539-adb0-4525-8506-9ad416c03fd0,64721f16-5633-4f33-b396-4c31f5717fee,3ffe6e2d-380a-43c4-8f20-8d7757763dc7,2025-11-27,present
915af5b0-c497-4cd9-be05-02e68b9b54ae,4c7b1601-4f91-406a-8776-765f3fc8f8f7,3ffe6e2d-380a-43c4-8f20-8d7757763dc7,2025-11-27,present
a8d5741c-8ad1-4be6-9d94-89fbea336047,74ddda73-0835-490f-a9c9-db4b10e6b00e,3ffe6e2d-380a-43c4-8f20-8d7757763dc7,2025-11-27,present
411acc8e-faa7-4cbb-b5a0-a48235b36027,4944dd8e-2cc7-489c-adb5-5178bb542d53,3ffe6e2d-380a-43c4-8f20-8d7757763dc7,2025-11-27,present
51c1baca-cccb-4032-a8d2-782806a08023,38c4d102-791b-494f-9539-e7cbcdf2f36f,3ffe6e2d-380a-43c4-8f20-8d7757763dc7,2025-11-27,present
3bb749cc-a282-4b8a-a577-d7a05e381b67,5513f636-701f-4516-b5b5-f1d073a8254c,3ffe6e2d-380a-43c4-8f20-8d7757763dc7,2025-11-27,present
9f43d568-7953-44a7-8d15-70f30774950f,f97adbb0-11eb-4128-9a23-29bcc256f912,3ffe6e2d-380a-43c4-8f20-8d7757763dc7,2025-11-27,present
3c8ced0f-a56f-4584-bd6d-3060d1f6c0fd,eb89cca3-263e-40fa-999c-c9d867ffd923,3ffe6e2d-380a-43c4-8f20-8d7757763dc7,2025-11-27,present
4402e930-c30a-48c6-a79d-417ee30d4dee,8afec5f9-f465-413c-9ce0-8ae9dd3a42f3,3ffe6e2d-380a-43c4-8f20-8d7757763dc7,2025-11-27,present
9241e908-2cac-41ec-986c-5c100ba43043,c1b1105d-bdfd-4a8a-9c2e-a11bc76849c3,3ffe6e2d-380a-43c4-8f20-8d7757763dc7,2025-11-27,absent
dce4113a-dabc-485d-8065-8e051e800ed2,e9836826-fe2a-4bd7-bdf6-4bfff677e55b,3ffe6e2d-380a-43c4-8f20-8d7757763dc7,2025-11-27,present
f1ae742a-7a20-4ffa-8320-cb3a6333f879,6b2ab9b7-ed56-463c-a7d6-c65c42315527,3ffe6e2d-380a-43c4-8f20-8d7757763dc7,2025-11-27,present
97922456-4712-497d-89f5-f0be1cf6528e,26edfa66-de7d-4cf6-be3c-c25a47076290,3ffe6e2d-380a-43c4-8f20-8d7757763dc7,2025-11-27,present
7748f1f9-bf02-40d4-988e-4d8ea97d1bc5,d3815f89-e9cc-4b6c-8c70-4398a9ca73b2,3ffe6e2d-380a-43c4-8f20-8d7757763dc7,2025-11-27,present
dd88074b-5d0d-4aa5-b12a-1f561d466833,45383cfb-356d-4308-895b-cb384912d1a2,3ffe6e2d-380a-43c4-8f20-8d7757763dc7,2025-11-27,present
db9fa06a-7e2b-407a-b355-32c33fbd6fa3,a28497a3-45cc-461c-807b-d947b9c45a15,3ffe6e2d-380a-43c4-8f20-8d7757763dc7,2025-11-27,present
c02f137b-94c3-4608-a63c-a08c5e8c3cc0,0050e547-3b18-428d-a4f9-ad2eb56622bf,3ffe6e2d-380a-43c4-8f20-8d7757763dc7,2025-11-27,present
310012eb-810e-49da-bd79-0a7cb6a73109,85cc13a3-9f1d-4fb3-98d1-ecd6ee6287cd,3ffe6e2d-380a-43c4-8f20-8d7757763dc7,2025-11-27,present
53c1848a-a598-4f41-9b03-71a18aa16469,2879f448-1bac-43ad-842a-c84a9e1da1bf,3ffe6e2d-380a-43c4-8f20-8d7757763dc7,2025-11-27,present
e8ea8862-5c81-4a5e-9489-38cfdbebddb1,8f4aa36a-5e67-47d4-89cb-ce70435de895,3ffe6e2d-380a-43c4-8f20-8d7757763dc7,2025-11-27,present
3a57074d-0e2c-42f1-9f25-7ecf08e66ac7,103e57a6-d65c-4c9c-a7f4-4b3ec093a6ba,3ffe6e2d-380a-43c4-8f20-8d7757763dc7,2025-11-27,present
6adb6683-8dc3-4c45-b79f-95cf4b9c27b1,fbdc8ced-6fad-4589-8ed5-dd2936af79fb,3ffe6e2d-380a-43c4-8f20-8d7757763dc7,2025-11-27,present
be627049-3965-461a-9257-331b102fe8b6,623a4ba9-9363-477f-89a0-bfeff7a9edef,3ffe6e2d-380a-43c4-8f20-8d7757763dc7,2025-11-27,absent
bb6512f9-9564-4d9a-b32c-c22329da4f29,4d96f59c-c71b-4ff3-9c87-1bbedf68a670,3ffe6e2d-380a-43c4-8f20-8d7757763dc7,2025-11-27,present
2e56604a-bca7-4ddb-840b-8b7fc0907506,391aad6a-78dc-499e-93ae-0d6d43ab9708,3ffe6e2d-380a-43c4-8f20-8d7757763dc7,2025-11-27,present
c5136310-a85e-41e9-8608-d4871fd29725,11ffae73-8883-4ea5-a7a8-4b5979caf522,3ffe6e2d-380a-43c4-8f20-8d7757763dc7,2025-11-27,late
6e3d029c-db8d-4a86-9a0c-ab2d8d8b682e,192568e9-53ea-4f7d-8433-7914a06e4e25,3ffe6e2d-380a-43c4-8f20-8d7757763dc7,2025-11-27,present
fb8cbc44-363f-45cf-b0d1-87199c8d0893,54fde65f-e67d-4ea9-948f-4ab8a73b2339,3ffe6e2d-380a-43c4-8f20-8d7757763dc7,2025-11-27,present
dde9f810-cb6e-4328-91a5-274e1ba119d9,a214cae6-84a5-462d-ad6a-64ef2a56f14a,3ffe6e2d-380a-43c4-8f20-8d7757763dc7,2025-11-27,present
59f877cf-6e56-4beb-bf0f-1e31e7631f49,77c32418-b511-4c59-87da-d8e4abfed70e,3ffe6e2d-380a-43c4-8f20-8d7757763dc7,2025-11-27,present
73e3676e-b432-422b-aff3-101cee4a57a2,3d1b5421-88dd-4b34-aa86-32d95ee0d4fc,3ffe6e2d-380a-43c4-8f20-8d7757763dc7,2025-11-27,present
2ac9b23e-91d7-44f4-9e98-54491fce550e,f894d49d-d852-42e7-8984-1947b24af0bc,3ffe6e2d-380a-43c4-8f20-8d7757763dc7,2025-11-27,present
149a1af4-9213-4e54-92f3-e2a5570ac145,792bc74f-e7bc-438d-ba09-f7be2c2f83eb,3ffe6e2d-380a-43c4-8f20-8d7757763dc7,2025-11-27,present
1d6019e8-acac-4272-aa85-e2fd67a8ca33,e4ef615e-d10a-4017-900c-2d8777206729,3ffe6e2d-380a-43c4-8f20-8d7757763dc7,2025-11-27,present
9bc79dd3-86e9-4feb-8775-2abe87fd64bd,c8434989-f165-4f74-b724-28837c9a6b88,3ffe6e2d-380a-43c4-8f20-8d7757763dc7,2025-11-27,present
d7c9503b-3b2a-486b-8d17-942c9888bd7a,37eb654c-40d3-4ee8-ad4a-a33d3e6a8fd0,3ffe6e2d-380a-43c4-8f20-8d7757763dc7,2025-11-27,present
c5e40b5d-70a6-484a-adc1-3086f06227ce,7b6c3223-bc9c-4816-8ab6-20d96f8f6a99,3ffe6e2d-380a-43c4-8f20-8d7757763dc7,2025-11-27,present
d3564e8f-7bff-4f2f-99e8-0b3adf9f9517,7b7ef03f-1807-4d00-90dd-d167d5c5cc69,3ffe6e2d-380a-43c4-8f20-8d7757763dc7,2025-11-27,present
0d97980d-c0b1-438c-a188-227b72de1615,1f481dc9-e951-4868-8f02-4e230b2ca869,3ffe6e2d-380a-43c4-8f20-8d7757763dc7,2025-11-27,present
da1bef05-a876-4aa7-80cc-ab68bb951349,fa78c0fe-d300-4279-923e-c32ed908040f,3ffe6e2d-380a-43c4-8f20-8d7757763dc7,2025-11-27,present
f798d42b-7a36-46f8-a14e-bf575a0bd1dc,eeeff74e-c046-4edd-acb1-63147437806e,3ffe6e2d-380a-43c4-8f20-8d7757763dc7,2025-11-27,present
688d1f00-0aaf-4e3f-8809-647a66d89696,53a3a11d-7b96-480d-a48d-20c65725e6ff,3ffe6e2d-380a-43c4-8f20-8d7757763dc7,2025-11-27,present
0b7edcc2-deb3-499b-8364-2a529201d2cc,c1ec9fc5-4aad-42a0-86f3-ebd4ffbc9398,3ffe6e2d-380a-43c4-8f20-8d7757763dc7,2025-11-27,present
07994a99-8c0d-4b0d-a8ff-0de7ce0e0991,cbcf373f-0b5b-4a64-9f36-91525bdd414b,3ffe6e2d-380a-43c4-8f20-8d7757763dc7,2025-11-27,present
2314221c-d627-4b37-9e34-9e4d0c9b1dce,d515b8ca-fbe6-4742-babd-9925fc655c81,3ffe6e2d-380a-43c4-8f20-8d7757763dc7,2025-11-27,present
3ebabe5f-2846-4a9c-9fc4-c476c70fea74,d8cc8863-688f-440c-9d6c-0663747e92fb,3ffe6e2d-380a-43c4-8f20-8d7757763dc7,2025-11-27,present
0db7ca5a-7321-46df-920b-f508bb5ba92c,8a9a25dd-781a-4508-8165-727146179167,3ffe6e2d-380a-43c4-8f20-8d7757763dc7,2025-11-27,present
0c001948-8aed-484f-91f4-cdbe5e1dcbbc,2e202d3e-17f1-4c4a-a51a-8f6dbf4069c6,3ffe6e2d-380a-43c4-8f20-8d7757763dc7,2025-11-27,present
dbb803f5-ab08-485a-a2b6-0482e6932362,a548cb5a-5252-4df2-8660-eac99f67d9ba,3ffe6e2d-380a-43c4-8f20-8d7757763dc7,2025-11-27,present
14cdd0b9-5afc-49ea-ac56-6964de3de19a,9108efce-bc3c-4c69-b0bd-e9f71dc4e6f7,3ffe6e2d-380a-43c4-8f20-8d7757763dc7,2025-11-27,present
5c347f34-83c0-4c45-a673-df106fa8d788,7be7cddd-6592-4c83-9207-818b04a8bdb8,3ffe6e2d-380a-43c4-8f20-8d7757763dc7,2025-11-27,present
5b7029f5-0210-4b36-a95f-c2cfcee897ed,4d2b4d6a-d85f-47eb-b660-c5db9e359f17,3ffe6e2d-380a-43c4-8f20-8d7757763dc7,2025-11-27,present
f70f404b-3a48-4d5f-8899-d1aa47af63f3,43d391dc-eb20-4dea-859b-66fa95ace717,3ffe6e2d-380a-43c4-8f20-8d7757763dc7,2025-11-27,present
8792f2a3-d8b8-4ec3-9251-1ffc2fa51fd4,a401d17b-f1cb-45e0-ad36-bf1ef7d8c682,3ffe6e2d-380a-43c4-8f20-8d7757763dc7,2025-11-27,late
6bf8f26a-a7dc-43a2-a6c0-574a8c907d5d,4cd4c213-b8b2-43fd-ab03-ead9805307ea,3ffe6e2d-380a-43c4-8f20-8d7757763dc7,2025-11-27,present
28613540-6f02-44e3-887b-86d8cfe64730,28546b29-a8a3-4d50-9f31-082714188a14,3ffe6e2d-380a-43c4-8f20-8d7757763dc7,2025-11-27,present
8f0382e2-9561-4e28-94c2-89ab0b0d0fb1,24c1eb6c-b81d-48b3-aeca-7f5c9c66cef3,3ffe6e2d-380a-43c4-8f20-8d7757763dc7,2025-11-27,present
feb7aade-d240-48d2-8611-398696977df2,ec5b5fea-0075-4b6c-abe0-854748c9ca37,3ffe6e2d-380a-43c4-8f20-8d7757763dc7,2025-11-27,present
3e54abff-42f4-41b3-9fd6-da275b4a040d,225feea0-bd2a-4ece-a0cd-8609ffab3c55,3ffe6e2d-380a-43c4-8f20-8d7757763dc7,2025-11-27,present
3ea8a58b-0dff-461b-9699-99327137da44,c52a2878-6e59-4ab1-9d91-3650c7900699,3ffe6e2d-380a-43c4-8f20-8d7757763dc7,2025-11-27,present
7fa47d6e-62eb-4e19-b891-0a240c6fb514,ab23f747-bc0a-4ee9-b2b9-5bb4676f3754,3ffe6e2d-380a-43c4-8f20-8d7757763dc7,2025-11-27,present
9b2efdce-998d-498b-8298-235a458f622b,7cf6495e-5bce-4d0d-86b4-b0dc1b2f332e,3ffe6e2d-380a-43c4-8f20-8d7757763dc7,2025-11-27,present
60283dff-dff2-4373-a83d-2b9d7627cc5f,be993157-d13f-465a-ac83-152d3b0c2723,3ffe6e2d-380a-43c4-8f20-8d7757763dc7,2025-11-27,present
44c16559-e69f-41de-96ab-285c8e257fcd,417c1251-e534-4f94-8a2b-62dc5f796788,3ffe6e2d-380a-43c4-8f20-8d7757763dc7,2025-11-27,present
abf4278c-4f57-462d-bb74-139220202526,b4a4eb9e-dd75-401e-9e4e-dd9e04042385,3ffe6e2d-380a-43c4-8f20-8d7757763dc7,2025-11-27,present
5cbbd7ec-4096-4938-bb09-d896ead4c588,0cd8a6f4-f71c-4452-84e9-d18b8205aeca,3ffe6e2d-380a-43c4-8f20-8d7757763dc7,2025-11-27,present
5ea2160c-696c-46db-8807-b5c6633920dd,3038a96e-7983-44f3-8207-977817648579,3ffe6e2d-380a-43c4-8f20-8d7757763dc7,2025-11-27,present
af200ba0-8cd9-4e43-8a1b-bbd85f6a1ae6,9f519db7-451d-4cd2-adac-9cc81ee2fc5d,3ffe6e2d-380a-43c4-8f20-8d7757763dc7,2025-11-27,present
ea25e8af-b00b-4814-bc1f-3dbb8866a3e2,ffbf34f5-d92d-430f-a8d8-054490b094ad,3ffe6e2d-380a-43c4-8f20-8d7757763dc7,2025-11-27,present
82fcf9ff-7757-4fba-ba89-7cccc8a82674,8d1a51cb-38a0-40ff-82ac-1398248f2680,3ffe6e2d-380a-43c4-8f20-8d7757763dc7,2025-11-27,present
a73e5487-efcd-4463-8107-3bf7ff83c2c1,362513f3-a9ac-48fd-ba95-be6ec8b43755,3ffe6e2d-380a-43c4-8f20-8d7757763dc7,2025-11-27,present
ca573df5-8a9c-4e0f-96db-ac905d50ecd4,8d2b089a-7b95-4b37-ac53-70f03d102b51,3ffe6e2d-380a-43c4-8f20-8d7757763dc7,2025-11-27,present
7c489940-353f-4e9a-b1e9-525fccdbcb0f,ad0a8aeb-fe64-48c8-b8b5-5e9bdf63b475,3ffe6e2d-380a-43c4-8f20-8d7757763dc7,2025-11-27,present
efe60735-105a-4e79-8d6f-1fe0507eda61,a1a0a5dd-067d-4d01-a88c-568cfd66cb16,3ffe6e2d-380a-43c4-8f20-8d7757763dc7,2025-11-27,present
9c4a155b-79b2-4589-a90b-62c222cb9125,72b4533d-14b6-4bfa-822e-feb6cdc89e8f,3ffe6e2d-380a-43c4-8f20-8d7757763dc7,2025-11-27,present
d4088c83-221a-44e5-b5e5-2e5e533312c1,cf1e8dc7-466e-4cb0-9379-b7c0c7ffef63,3ffe6e2d-380a-43c4-8f20-8d7757763dc7,2025-11-27,present
e64c58e8-2d0e-407e-bf67-cee06b027bca,622119a1-9948-4162-9037-5d4411e992de,3ffe6e2d-380a-43c4-8f20-8d7757763dc7,2025-11-27,present
a9ec997a-8988-4bf8-851b-4d06f8d72961,aa3e9454-63b3-48c1-8035-55dac82ee9e5,3ffe6e2d-380a-43c4-8f20-8d7757763dc7,2025-11-27,present
e8aa70bb-99f7-43e4-9459-4fe478d47cf7,20166787-a389-4e26-910b-cc93c7345dcf,3ffe6e2d-380a-43c4-8f20-8d7757763dc7,2025-11-27,present
cbcfbea2-9e8e-42fc-bfed-76e5a5614e18,7b6a248b-bd34-4490-a65c-28336138c989,3ffe6e2d-380a-43c4-8f20-8d7757763dc7,2025-11-27,absent
166440be-5a69-42eb-9e6d-175675d4b068,f0b9cc7a-baf3-41de-9e74-f12d65035d49,3ffe6e2d-380a-43c4-8f20-8d7757763dc7,2025-11-27,absent
ee4e26bc-7ff5-4321-a86d-9b0937333595,f9b0f8e7-6631-4ecd-8114-04a800b2d715,3ffe6e2d-380a-43c4-8f20-8d7757763dc7,2025-11-27,present
8d67d8b6-320c-4569-9a64-e1c8c35ebfc6,e416e58d-d2df-4fcd-93eb-c5ec03483d58,3ffe6e2d-380a-43c4-8f20-8d7757763dc7,2025-11-27,present
61f3c186-ac93-41c8-b8bb-54ae267cfe95,494278ec-58e4-41cc-9b09-fe72b3a39336,3ffe6e2d-380a-43c4-8f20-8d7757763dc7,2025-11-27,present
c458981f-95ca-4ef8-846c-5252abf012c7,29a4fcab-4414-4ed5-95c6-e9f7bfdad29f,c4a6615b-4d9d-43d6-844d-30ef547e2713,2025-11-27,present
0c5ce238-4034-455d-a4b1-0ff95b49519c,fa64e9eb-fbcc-46d9-9399-1360224f70a5,c4a6615b-4d9d-43d6-844d-30ef547e2713,2025-11-27,present
3081583c-e5db-4efa-8bb7-bdb80c074d99,a7713d8b-e71c-43a1-866e-599109b20500,c4a6615b-4d9d-43d6-844d-30ef547e2713,2025-11-27,present
b1f3b5b6-d718-4626-8594-9bd61a71bc4e,2e364849-a955-4380-98f3-e292fb9f9ea7,c4a6615b-4d9d-43d6-844d-30ef547e2713,2025-11-27,present
25f970b5-2a95-47ce-8fcc-4d8659cc309a,b3021e68-8115-4c09-b933-9feea9235067,c4a6615b-4d9d-43d6-844d-30ef547e2713,2025-11-27,present
ba6b14d8-f299-4920-b96e-b66173d9575d,857a8490-6efc-4e67-a76e-aea99e164f84,c4a6615b-4d9d-43d6-844d-30ef547e2713,2025-11-27,present
b076eb0d-a999-4df6-8e61-05b792a0c5eb,b67ddae5-f744-4e38-b93f-ff25672f7743,c4a6615b-4d9d-43d6-844d-30ef547e2713,2025-11-27,present
f57c92b3-0b27-403a-aada-1f1967068f92,a6f7a0f5-38af-47ee-bc15-bd604866db7f,c4a6615b-4d9d-43d6-844d-30ef547e2713,2025-11-27,present
dcd637c0-f591-469a-b137-59612f5677db,8b83f039-a299-4ce8-b615-a2c38b29a48b,c4a6615b-4d9d-43d6-844d-30ef547e2713,2025-11-27,present
6aa9f0ec-9892-4a88-8165-0640c664fcf4,1167922c-702e-4176-b443-93f0ce691344,c4a6615b-4d9d-43d6-844d-30ef547e2713,2025-11-27,present
3acb932b-bced-4b28-8a24-088051016267,4658197d-e38c-43c5-9bba-fa55aaa929f8,c4a6615b-4d9d-43d6-844d-30ef547e2713,2025-11-27,present
b7c30a3e-9019-4a84-ba90-d6dd0adeb686,bec51d17-bf41-40cf-96e9-e98169bd85f2,c4a6615b-4d9d-43d6-844d-30ef547e2713,2025-11-27,present
ad486502-8757-480a-8ce7-06d049f0d2d5,3aa849f7-41b0-4c54-a338-312f161bf277,c4a6615b-4d9d-43d6-844d-30ef547e2713,2025-11-27,present
7097bb18-00a7-44d0-8724-3250549730c3,54a26a00-0d05-45c3-9ea5-365e2eb98194,c4a6615b-4d9d-43d6-844d-30ef547e2713,2025-11-27,present
c9c3a5da-0301-4c0a-b8a0-d26ce5ce2869,4cf0ffc8-72e3-41e2-bee7-b6299faa1b67,c4a6615b-4d9d-43d6-844d-30ef547e2713,2025-11-27,present
98fb4fbe-3760-4daa-a82f-f26aefc84fad,f24b2bd4-ce76-4b77-b10b-9408d636d559,c4a6615b-4d9d-43d6-844d-30ef547e2713,2025-11-27,absent
3a33dca9-9a3d-4700-ae1b-ab4b4d860727,92ac6ec4-f383-4857-8a9c-985ebe493802,c4a6615b-4d9d-43d6-844d-30ef547e2713,2025-11-27,present
6b46beb0-ee71-47d4-81d6-9adb0ac8ceeb,b68be1f0-383c-4241-ac1d-d603dff923e5,c4a6615b-4d9d-43d6-844d-30ef547e2713,2025-11-27,present
b3877e65-a433-4a6b-802d-3eb570d597cc,84bd9b12-8599-40f0-8298-25ea6dd042a4,c4a6615b-4d9d-43d6-844d-30ef547e2713,2025-11-27,present
630d0638-cd07-4fe7-9093-1ecda72a9746,29d8e7bf-1f31-4228-8a23-97b7469722f4,c4a6615b-4d9d-43d6-844d-30ef547e2713,2025-11-27,present
8f41543c-c249-454f-aae7-81c1619cae7e,ecbd474f-c58e-4936-8dd0-59aa28f1c654,c4a6615b-4d9d-43d6-844d-30ef547e2713,2025-11-27,present
7d80b789-beef-44fd-b096-5def8e423870,f90a1b93-d8dc-415a-8f7f-24310fa11bba,c4a6615b-4d9d-43d6-844d-30ef547e2713,2025-11-27,present
02aa661e-e95c-4b41-b6c6-02a399c9b6b1,60f7e0e1-6a69-4a41-9f94-d7dde73da6f1,c4a6615b-4d9d-43d6-844d-30ef547e2713,2025-11-27,present
304d0ca8-f56a-45ae-99a9-21a2a9fd744e,6fb1d403-acaa-4838-baef-32c60707a143,c4a6615b-4d9d-43d6-844d-30ef547e2713,2025-11-27,present
991bcad5-9dff-45e4-b324-289e15811c67,9c0c9f61-99ee-4aa6-ad14-10d86e5d4929,c4a6615b-4d9d-43d6-844d-30ef547e2713,2025-11-27,present
eb0c2f91-f2f8-43b3-b410-12fce57526f7,6d50d1f7-5039-4212-a9ec-f74495b253e2,c4a6615b-4d9d-43d6-844d-30ef547e2713,2025-11-27,present
f18d07f0-2991-438a-9be3-8e91fe497462,4604414a-2a41-457a-8766-dc3cabb41db8,c4a6615b-4d9d-43d6-844d-30ef547e2713,2025-11-27,present
b902dfd0-9791-4f29-a978-9469cf674e41,243d369c-203c-4275-afc5-1c3c427223ba,c4a6615b-4d9d-43d6-844d-30ef547e2713,2025-11-27,present
1d3519ea-3baf-4158-bd84-a96b2bfb6b99,f36ae0b4-54b2-438e-8518-2881b74949e1,c4a6615b-4d9d-43d6-844d-30ef547e2713,2025-11-27,present
e9aec0a9-7d8f-4215-8f0d-4f2532e0aa37,ce612154-54eb-4f7e-9546-caf80ed483b4,c4a6615b-4d9d-43d6-844d-30ef547e2713,2025-11-27,present
d9e67467-ed3a-4d5c-8eae-c16e1d5435ae,a96902f2-1ade-44a7-9a30-71b4f8abf251,c4a6615b-4d9d-43d6-844d-30ef547e2713,2025-11-27,present
2c53a33d-96d7-44a1-8938-8be9ddfc238c,01cd9ddb-59df-4c67-b6bb-15bafb31276c,c4a6615b-4d9d-43d6-844d-30ef547e2713,2025-11-27,present
a8dc1bcf-6262-4311-b03b-c182122cf889,7d4ae9d5-7490-4e55-876c-fba8d406d1d1,c4a6615b-4d9d-43d6-844d-30ef547e2713,2025-11-27,present
5caad174-dcd8-488c-ba07-f8214d242b8f,c4296cf4-4491-41ee-8c15-579aeb136b8d,c4a6615b-4d9d-43d6-844d-30ef547e2713,2025-11-27,present
7f20309d-c7d2-447d-bef9-1227e14c1a08,f8c54d14-869e-4d54-ac6a-cfae1e673b44,c4a6615b-4d9d-43d6-844d-30ef547e2713,2025-11-27,present
78d31619-6814-408d-9bf1-cd5b7c6ad280,45c0844a-6fc6-484d-8e11-8ad39416e1fb,c4a6615b-4d9d-43d6-844d-30ef547e2713,2025-11-27,absent
96252c9c-361b-46ff-b326-f58367fe058d,5e5963f9-9fd4-4f26-93fd-796e11b5b872,c4a6615b-4d9d-43d6-844d-30ef547e2713,2025-11-27,late
96e8a180-6ce2-4f67-b0bf-3746848f59d5,73988708-c3f0-4eb5-bdda-6223be7aaea1,c4a6615b-4d9d-43d6-844d-30ef547e2713,2025-11-27,present
4c146e10-4afc-4e93-b48c-2b704d8fd02d,ac21a79b-7936-4d61-a541-b873d7876724,c4a6615b-4d9d-43d6-844d-30ef547e2713,2025-11-27,present
f57c48ce-69fa-4164-bd6a-3ce99be84712,8fa93d81-e098-44d3-8bab-8b11440c4c67,c4a6615b-4d9d-43d6-844d-30ef547e2713,2025-11-27,present
14471dd9-2cd1-4918-ad8b-f0c2d7991442,c4f5b24b-2837-4f3a-a4c1-3bca43ee1b5f,c4a6615b-4d9d-43d6-844d-30ef547e2713,2025-11-27,present
91cbbd76-72d3-4ff3-b082-03b179200ad5,fec357e6-d871-4367-92ec-349d0d31dcaa,c4a6615b-4d9d-43d6-844d-30ef547e2713,2025-11-27,present
43b90393-eba5-4de4-b399-64d1db305593,e08d85f4-987a-424a-b74f-b6517b65bcb9,c4a6615b-4d9d-43d6-844d-30ef547e2713,2025-11-27,present
4f538205-63fe-4454-8f9b-4a1fb8b8c5a2,778e642c-0b8d-4614-b5ef-9725a3dde407,c4a6615b-4d9d-43d6-844d-30ef547e2713,2025-11-27,present
141c8eab-27ae-48b1-a55a-79676f15a9aa,22b46d7e-cc69-4876-9db6-384241ccb701,c4a6615b-4d9d-43d6-844d-30ef547e2713,2025-11-27,present
eb79bedd-a913-4256-b984-e6697a164cbd,90d1d426-28eb-48e3-9c89-197ad0af07a5,c4a6615b-4d9d-43d6-844d-30ef547e2713,2025-11-27,late
159e71f9-04fd-4752-b737-7d85a61a62ac,465bf71b-8888-4a1a-a033-830b28da5721,c4a6615b-4d9d-43d6-844d-30ef547e2713,2025-11-27,present
41455634-ee1d-48c0-ae41-19975e699fc7,1b051efe-110c-4e9a-8548-24e7e2e8de54,c4a6615b-4d9d-43d6-844d-30ef547e2713,2025-11-27,present
6348e94f-6bc2-42a4-a67a-6c453d17020b,5c95d21d-35d3-4a11-9c37-094126a73de1,c4a6615b-4d9d-43d6-844d-30ef547e2713,2025-11-27,present
7e441305-e2dd-4860-82c0-dc64b33f8d50,7637fb26-fa5c-43ed-83cd-0aa7568e79b7,c4a6615b-4d9d-43d6-844d-30ef547e2713,2025-11-27,present
96e9be19-72d0-4b84-bdc2-a1f8ce1ee159,91299e77-c3eb-4bce-99bc-da71b49b99ce,c4a6615b-4d9d-43d6-844d-30ef547e2713,2025-11-27,present
b5b7c2a9-05fd-4d93-8208-64111e35ae12,9d61a9c3-c0e4-4443-8d74-fca4a1742a06,c4a6615b-4d9d-43d6-844d-30ef547e2713,2025-11-27,present
0a4173a3-8bd7-4466-a1ef-06286f3d62ad,c31deb89-fe97-4131-9aab-918f19ee25a3,c4a6615b-4d9d-43d6-844d-30ef547e2713,2025-11-27,present
518623b6-98ed-4212-b7cc-94bcc615381f,43f3070d-707b-479e-9a65-92708c0a2228,c4a6615b-4d9d-43d6-844d-30ef547e2713,2025-11-27,present
a7130206-3177-4222-a2f2-fbb6a9c2cb40,ebb07f54-7f28-4b63-ab44-abde56d446ff,c4a6615b-4d9d-43d6-844d-30ef547e2713,2025-11-27,present
59da539d-aeac-4d3b-b16c-b29b732642b5,34bd2d25-f17a-4844-9241-749e9d0d68a5,c4a6615b-4d9d-43d6-844d-30ef547e2713,2025-11-27,present
6a3810be-71fb-43ad-9135-fac70bbecd46,da7d4136-b32e-411c-9eb7-b0f6bddfed2d,c4a6615b-4d9d-43d6-844d-30ef547e2713,2025-11-27,present
0cf714c5-b28a-4489-a0e2-fd602aab6ee0,be9490c8-9a64-4ce5-af38-646ddf2ac3c4,c4a6615b-4d9d-43d6-844d-30ef547e2713,2025-11-27,present
40df74d1-d56a-49bd-b843-86d525d73836,03b2baf6-abb3-4fef-8ca7-3892333eb96e,c4a6615b-4d9d-43d6-844d-30ef547e2713,2025-11-27,present
48f3cf8e-74e2-415e-9cf7-328c2d7d1305,6698ef03-279e-46cf-8479-fd45abe06f5e,c4a6615b-4d9d-43d6-844d-30ef547e2713,2025-11-27,present
1dee0943-0c4b-4f89-b489-632eb72d4e91,60a0fc24-7fc4-4fc8-94d7-8f2ae26b9de6,c4a6615b-4d9d-43d6-844d-30ef547e2713,2025-11-27,present
a261cd11-00b6-4293-a721-b9d1da1ad56e,50dcef60-0a45-43c7-8299-16af6d0c99de,c4a6615b-4d9d-43d6-844d-30ef547e2713,2025-11-27,late
0fd530b7-9aaf-47db-874f-3ccf15de17f9,2d4ff954-c4f4-4372-a5a2-86f4de0882ce,c4a6615b-4d9d-43d6-844d-30ef547e2713,2025-11-27,absent
6d2a880b-c3e3-4557-95f6-a663c99d3e52,839b5124-9211-4d19-a58a-b6b8b37939b5,c4a6615b-4d9d-43d6-844d-30ef547e2713,2025-11-27,present
24024715-c6c9-48fe-b4e4-967a9267449f,3372723d-9633-4a66-9f02-3bc53565211c,c4a6615b-4d9d-43d6-844d-30ef547e2713,2025-11-27,present
c0f023be-7d34-4c37-8839-625856e89bf2,66235cea-18c7-410d-860f-2dc03cfbeb62,c4a6615b-4d9d-43d6-844d-30ef547e2713,2025-11-27,present
000e4deb-b430-45e7-a275-06e0b941b3d6,bc2c7e1e-182d-404b-bf31-e1ae391098da,c4a6615b-4d9d-43d6-844d-30ef547e2713,2025-11-27,present
61001364-ba99-421a-b5b3-4f6143a3b5fe,7edda8ac-bde4-4fa4-8756-0fbdca00e09b,c4a6615b-4d9d-43d6-844d-30ef547e2713,2025-11-27,present
e79e1cc2-d824-4647-b004-389a53894c7f,a7ce2836-8e16-406a-9d65-0d576f2dd3db,c4a6615b-4d9d-43d6-844d-30ef547e2713,2025-11-27,present
acc0f017-2d3f-4cce-acf3-4a30ddd3a487,7c7c4ada-cd37-465d-8b01-6e9880fef9d9,c4a6615b-4d9d-43d6-844d-30ef547e2713,2025-11-27,present
fa5b4011-59aa-4397-9b12-c7f9651de8d6,9c64aae4-96d4-4cf3-8d84-25a83ed45d99,c4a6615b-4d9d-43d6-844d-30ef547e2713,2025-11-27,present
9e627903-6374-4cd1-a730-615b4dc823d5,f86e1df6-923c-4737-b340-17c34a7e6163,c4a6615b-4d9d-43d6-844d-30ef547e2713,2025-11-27,present
62c8ca15-e9be-4b56-9c5b-4885171e599a,bed0ca9c-97dd-4ed5-8170-b74ee34e6930,c4a6615b-4d9d-43d6-844d-30ef547e2713,2025-11-27,present
c6c0a218-149a-4c0d-b3a8-90d86bd41a1e,34fd1c9d-dcce-4506-a0ee-55206572e870,c4a6615b-4d9d-43d6-844d-30ef547e2713,2025-11-27,present
57e6c957-6c5f-47f8-b1b7-b4892c7ba9b0,240c9602-71c7-4a4a-9bff-7e95b50dfed8,c4a6615b-4d9d-43d6-844d-30ef547e2713,2025-11-27,present
12bfc296-d5cf-436e-a3ac-f9a449191b24,c38e4b16-1826-439a-adc2-1a1d4cd90dbf,c4a6615b-4d9d-43d6-844d-30ef547e2713,2025-11-27,present
f9c93d64-b62d-4935-b6b6-0cb6f48bea2a,10c16016-3be2-486b-9a68-e2b6bb1b6314,c4a6615b-4d9d-43d6-844d-30ef547e2713,2025-11-27,present
aa266b3d-92e8-47b8-aa28-6b76ea3c25c5,c3687098-d044-4482-8c10-c89831d4f05e,c4a6615b-4d9d-43d6-844d-30ef547e2713,2025-11-27,present
ab471d58-6a87-47f3-8699-38e6dcd64d90,8deded09-518f-4ea5-878d-288296651651,c4a6615b-4d9d-43d6-844d-30ef547e2713,2025-11-27,present
11e7725d-6700-4e23-bb9b-7681f6df24db,9ffa46a7-15be-4a6b-bf4d-5794b78afbbd,c4a6615b-4d9d-43d6-844d-30ef547e2713,2025-11-27,present
f0a0a843-c385-4e90-9658-95488e210835,6a28b269-5db5-45c1-a836-602f6fd311d3,c4a6615b-4d9d-43d6-844d-30ef547e2713,2025-11-27,present
bfb6e0de-839d-4f3b-86e8-b56578acc6e6,585dcfc6-038f-495d-98f7-ac5afa4754bb,c4a6615b-4d9d-43d6-844d-30ef547e2713,2025-11-27,present
d0115692-34a0-4c22-aca4-02bc15e9094e,cbae3d14-b332-4d31-83b4-b8ea6de21b4b,c4a6615b-4d9d-43d6-844d-30ef547e2713,2025-11-27,present
7c97dfee-b4a3-4259-8034-59c6a5f60655,7fdab6c5-c00e-42d3-b5dc-9a964a047ea4,c4a6615b-4d9d-43d6-844d-30ef547e2713,2025-11-27,present
61519cb6-abe7-44fe-9efd-767384ab266d,b4bc91ba-7b2e-4c40-ba6d-9dab0c28ad21,c4a6615b-4d9d-43d6-844d-30ef547e2713,2025-11-27,present
e75eb831-13a9-434a-9cc0-33778fe4f7ea,31abe3b9-ded9-43c1-8df8-bfc5ca928656,c4a6615b-4d9d-43d6-844d-30ef547e2713,2025-11-27,late
dc24a0a5-8ab1-4262-8f60-27fff73abe2b,7f099bb6-f6f6-41df-8bcb-f20bb05e42dc,c4a6615b-4d9d-43d6-844d-30ef547e2713,2025-11-27,late
951f882e-da51-44e8-accb-62de9479eef3,843ae92e-8c6c-483d-8397-0bc8ef8151f5,c4a6615b-4d9d-43d6-844d-30ef547e2713,2025-11-27,present
736970b9-12e9-4f82-aa1d-57eab168d1a8,98368190-3b2a-4bce-8d0f-203ff32f68c0,c4a6615b-4d9d-43d6-844d-30ef547e2713,2025-11-27,present
eb20dcaa-eeb4-49d2-923f-2ecfb8957659,c5e41799-1632-49dd-9590-b33ee1f0dcfc,c4a6615b-4d9d-43d6-844d-30ef547e2713,2025-11-27,present
18587697-3d4b-49cc-86db-6f97fa97a363,36736320-7ce3-455f-b126-4491f930a8f8,c4a6615b-4d9d-43d6-844d-30ef547e2713,2025-11-27,present
e9ef49c3-955e-4775-8ba8-b7dcbbd364e0,a8dde461-dd0f-4d40-95da-4eb16818cc24,c4a6615b-4d9d-43d6-844d-30ef547e2713,2025-11-27,present
392b0c4c-6e93-48f2-8509-30be598711c5,035bddca-8ee8-47a0-a337-80bc489d6642,c4a6615b-4d9d-43d6-844d-30ef547e2713,2025-11-27,absent
9638726d-f721-4606-86b5-d344379ae4ed,cf64bd60-c10f-43f1-bfc3-89010cbd69bc,c4a6615b-4d9d-43d6-844d-30ef547e2713,2025-11-27,present
c23deb7a-8fd2-488e-9f60-2be034c69333,a13a4590-5bf0-4929-a530-afd08faa80da,c4a6615b-4d9d-43d6-844d-30ef547e2713,2025-11-27,present
81a1a147-f26b-460f-8efd-707c3f332e14,ce14e730-2def-49bc-8c92-f6cbe40001c8,c4a6615b-4d9d-43d6-844d-30ef547e2713,2025-11-27,present
cf985722-2ff6-4dc4-86de-9e4837d2a38a,42ddbd51-a1c4-4bb1-8d68-5a810074800c,c4a6615b-4d9d-43d6-844d-30ef547e2713,2025-11-27,present
9295ff54-8f1e-4127-af3c-3e710309e7ef,b384c181-33b6-4d3b-a72c-cd97ce5a609b,c4a6615b-4d9d-43d6-844d-30ef547e2713,2025-11-27,present
c5190a5d-8635-431d-893f-7aed13fbc2af,7320768a-6482-4fca-be1f-7e447893702a,c4a6615b-4d9d-43d6-844d-30ef547e2713,2025-11-27,present
7f382d85-7262-4d04-a3eb-74877ec76d09,22b672de-8765-47d0-81fe-33dd48735bd2,c4a6615b-4d9d-43d6-844d-30ef547e2713,2025-11-27,present
a54a88ec-7c0b-4c12-afcc-e03623e7e3de,8d1e534f-74db-4618-9bf6-ff2f182d58a2,c4a6615b-4d9d-43d6-844d-30ef547e2713,2025-11-27,present
bddc5ce5-f2cf-499e-aa31-161df532cae1,247cc5ff-5da1-4a6f-9821-590dc9ebf1cb,c4a6615b-4d9d-43d6-844d-30ef547e2713,2025-11-27,present
8e44143b-a869-42df-be2e-2cd1b1f408da,ecfd41c6-9034-4530-abf8-beeb257f6dce,c4a6615b-4d9d-43d6-844d-30ef547e2713,2025-11-27,present
ff763aad-2cac-423a-a8a4-b5974ca51a1e,b146480e-a5db-4acc-af94-51e40a2cd1c0,c4a6615b-4d9d-43d6-844d-30ef547e2713,2025-11-27,present
453c87c9-d7d1-4d01-91d1-d4d1e9775cc8,c3761e16-70aa-4a34-9e94-630e43f2b68f,c4a6615b-4d9d-43d6-844d-30ef547e2713,2025-11-27,present
96999846-e2a0-425f-ae3f-4dc119691cbe,2ae76cfe-a2cf-4747-8197-65f609e99f5c,c4a6615b-4d9d-43d6-844d-30ef547e2713,2025-11-27,late
a0dcb2bf-80dd-4d1e-952b-1190aa7d1437,939ad88f-56bc-4c19-a15d-61477520d090,c4a6615b-4d9d-43d6-844d-30ef547e2713,2025-11-27,present
d9593184-bb32-4be8-994f-97435b1577e6,e00e4e01-4785-414d-bae1-3f70fc472100,c4a6615b-4d9d-43d6-844d-30ef547e2713,2025-11-27,present
1b9d2aa1-817a-42c2-988c-db96b2f9eb73,13b90a11-a131-4def-8f20-14442cb09511,c4a6615b-4d9d-43d6-844d-30ef547e2713,2025-11-27,absent
8d7d80d3-e370-43bc-a14c-029ba8042979,cdb071c7-2227-4296-85c1-b79a716231b9,c4a6615b-4d9d-43d6-844d-30ef547e2713,2025-11-27,present
d10dd847-0257-46d9-bb7c-7aa2f7ff576b,958efc12-80ce-491d-937e-5b7515604cdf,c4a6615b-4d9d-43d6-844d-30ef547e2713,2025-11-27,present
a5623627-5136-4421-aa53-b66c0a8f2f98,ee3324f4-87b2-4523-80cc-97efa1c542c0,c4a6615b-4d9d-43d6-844d-30ef547e2713,2025-11-27,present
46f86648-af66-4dee-bc3d-d5296f4ff7bb,fedea8eb-31a0-4877-9d72-75b45c0db35d,c4a6615b-4d9d-43d6-844d-30ef547e2713,2025-11-27,present
d948c736-4458-4233-bedd-8d85123da5d0,d6bd96ff-48c5-4328-9d30-9554e81d96e3,c4a6615b-4d9d-43d6-844d-30ef547e2713,2025-11-27,present
312be981-f41a-48e4-b9c7-cf8c77f48e63,c582077c-a862-4dfa-a9d7-8004557883aa,c4a6615b-4d9d-43d6-844d-30ef547e2713,2025-11-27,present
12e22e5c-556c-43c1-9b31-1f4326347d80,533c404a-cd16-4139-be97-243d53116bad,c4a6615b-4d9d-43d6-844d-30ef547e2713,2025-11-27,present
f2278b5f-64ec-4bea-93c0-c2a31c7bff36,0678be7a-adcb-4bae-b743-3ffbcb06a82c,ee7df926-1893-4cd7-ad1e-e4ec75d250ce,2025-11-27,present
d5dd5193-a730-4bc8-9eef-598cd3a5cea8,409af852-6bf6-4499-ae24-e0c9212249f2,ee7df926-1893-4cd7-ad1e-e4ec75d250ce,2025-11-27,present
e147be6a-2db9-47a3-a0cb-c12237b1c775,3b98a576-f515-4d7c-aec6-261da10e28cb,ee7df926-1893-4cd7-ad1e-e4ec75d250ce,2025-11-27,present
167e4d5d-15b2-44fa-b2b2-274f19e97bb1,e0b4e09a-7202-4041-958f-a49723f02289,ee7df926-1893-4cd7-ad1e-e4ec75d250ce,2025-11-27,present
f81ce41b-bf44-4126-b43b-3ef803fcf522,7243e950-76a9-4b29-932e-3877fcded76e,ee7df926-1893-4cd7-ad1e-e4ec75d250ce,2025-11-27,present
b8e85676-a432-43c5-8709-8448b8eb9a57,d4cc997c-e781-4ad9-a1bc-3db6bcf64977,ee7df926-1893-4cd7-ad1e-e4ec75d250ce,2025-11-27,present
b54b54a2-2658-4cd2-9423-f4b0b60283c1,35a44d8e-9ae4-4553-b47a-1d4d7a7732fa,ee7df926-1893-4cd7-ad1e-e4ec75d250ce,2025-11-27,present
16ccee84-911f-4e0a-abf0-a63b633170b2,39badfac-18c2-4e39-9f0d-995e71ab6f4b,ee7df926-1893-4cd7-ad1e-e4ec75d250ce,2025-11-27,present
6aa041d5-5f15-4fb3-8b1c-ef2b7c8eba14,9cf08b45-841b-46e3-89c5-7c345d832e39,ee7df926-1893-4cd7-ad1e-e4ec75d250ce,2025-11-27,present
f39cc1c8-bf83-4ad7-a62a-cbc4a60495f7,e9410b27-0034-4ba5-b14a-4c35993ce91e,ee7df926-1893-4cd7-ad1e-e4ec75d250ce,2025-11-27,present
a75010ee-13b3-484a-9e62-77aa85b0bf56,bb4cad68-eacc-4911-aa26-5a6895cdb1ee,ee7df926-1893-4cd7-ad1e-e4ec75d250ce,2025-11-27,present
291e044d-ab6d-41a4-b4ba-526ad2cddc80,1e9f4936-34a0-4482-b94e-0e1033964df4,ee7df926-1893-4cd7-ad1e-e4ec75d250ce,2025-11-27,present
a5bfa4f7-59d0-41af-8e7d-7c9a95f2b7be,89ae8983-1411-4e0d-b54f-84f7e310338d,ee7df926-1893-4cd7-ad1e-e4ec75d250ce,2025-11-27,present
1d836047-27d0-4970-998f-144659773f4c,fa9ba255-579e-4ce1-86fa-6a80012d9a3c,ee7df926-1893-4cd7-ad1e-e4ec75d250ce,2025-11-27,present
25582ab5-c50e-4174-93f1-4131e449824a,066d4e04-f598-4508-aa83-88dea41c7ba3,ee7df926-1893-4cd7-ad1e-e4ec75d250ce,2025-11-27,present
078df5a3-2800-4752-a99b-b6c40fe97899,12cd699b-29b7-4c1b-b2de-8a810b53bfb8,ee7df926-1893-4cd7-ad1e-e4ec75d250ce,2025-11-27,present
21b313ad-9e8d-4e42-9f3e-1237a168c034,f6cac17c-08ab-4e1b-83f9-98352d40bbfc,ee7df926-1893-4cd7-ad1e-e4ec75d250ce,2025-11-27,present
4b90855e-fb3f-44ad-a4c2-4faa53d514b8,0d0ae77d-7741-4464-9b32-bed03d543028,ee7df926-1893-4cd7-ad1e-e4ec75d250ce,2025-11-27,present
016a6b19-8e6f-4500-b713-dffa312423ca,e92dcebd-595a-4593-927e-787504499347,ee7df926-1893-4cd7-ad1e-e4ec75d250ce,2025-11-27,present
0c03a636-f003-47bb-9e4f-9e8bf58397d0,0fbfbaef-f563-47a4-bf79-352c417a906c,ee7df926-1893-4cd7-ad1e-e4ec75d250ce,2025-11-27,present
21c0f401-7eda-4f0f-8090-e5b12e2fafd1,86dd5976-96d2-42d4-89e7-373a56bbd9cb,ee7df926-1893-4cd7-ad1e-e4ec75d250ce,2025-11-27,present
66012735-e99c-4086-8d2e-186feb93bab5,665adb35-5d2c-4491-8e4d-ec7aafe7d08d,ee7df926-1893-4cd7-ad1e-e4ec75d250ce,2025-11-27,present
6edd945d-4ef0-4d84-a7bf-2c316b0a613a,476ab8e5-f656-4c9e-955b-039a9e2a07bc,ee7df926-1893-4cd7-ad1e-e4ec75d250ce,2025-11-27,present
b87fe2b3-e898-4501-9b94-0da48ea9dd3c,3445db33-7c1d-445e-8e6b-0af92d18b526,ee7df926-1893-4cd7-ad1e-e4ec75d250ce,2025-11-27,present
1a53e96b-d87c-486b-8873-41f1c8f217b8,cda2e925-014a-4b6a-8d02-cff478eeeea5,ee7df926-1893-4cd7-ad1e-e4ec75d250ce,2025-11-27,present
3171fe46-b2a7-436a-9158-33d902b19d36,128561d5-4e44-42ad-8283-25a0cd84acea,ee7df926-1893-4cd7-ad1e-e4ec75d250ce,2025-11-27,present
8b221b97-37ee-4ab1-b9b5-6c7b75b92ce6,260ab532-e738-4a3b-8739-aef67ea4dc66,ee7df926-1893-4cd7-ad1e-e4ec75d250ce,2025-11-27,present
e7c04ea3-314e-4991-813a-6cf6bff726d7,0abcdfa0-ccc1-4cf1-92df-7cc950ac6370,ee7df926-1893-4cd7-ad1e-e4ec75d250ce,2025-11-27,present
69e957b2-b604-4cf6-8165-514e30d323a9,97521e13-031d-4f63-aeda-b28d961e8dc4,ee7df926-1893-4cd7-ad1e-e4ec75d250ce,2025-11-27,present
aeacefee-f572-4a55-bb4d-83da00ea60ac,70747bcb-c9f1-47da-bd23-9d6b98cf6339,ee7df926-1893-4cd7-ad1e-e4ec75d250ce,2025-11-27,present
14e5a649-9326-4daa-8223-2d55d321d50d,80095a5e-1f3b-4f47-a423-d572b7f7361f,ee7df926-1893-4cd7-ad1e-e4ec75d250ce,2025-11-27,present
add1a2d6-b4e5-419a-b50d-b51047c13a27,fc0dd2c8-d221-4e00-a4ff-18baac6012d9,ee7df926-1893-4cd7-ad1e-e4ec75d250ce,2025-11-27,present
686f2872-83da-4218-8de0-106538e6575d,89a1b8c2-6394-493e-a5c6-88f1c06ef3af,ee7df926-1893-4cd7-ad1e-e4ec75d250ce,2025-11-27,present
39e83bd3-14db-4ef2-b962-1be3ece63f47,fba79e19-6998-47b7-b13a-a53f8cf30059,ee7df926-1893-4cd7-ad1e-e4ec75d250ce,2025-11-27,present
32c43590-9849-4b0a-9082-9d1028a19949,85c2b3ab-f6bc-4272-9728-3771277e8b76,ee7df926-1893-4cd7-ad1e-e4ec75d250ce,2025-11-27,late
29a0cdb3-3082-4eaa-a894-088414b17fb6,f4ddb493-feb8-43c6-9c8f-16ca59fb7ebd,ee7df926-1893-4cd7-ad1e-e4ec75d250ce,2025-11-27,present
5510e912-bb15-4690-8183-60d82f30ea1f,4b37e843-dc76-49cc-b383-99769040699d,ee7df926-1893-4cd7-ad1e-e4ec75d250ce,2025-11-27,present
4a846c2f-ad6d-4972-8b9a-1fbd40fc4d6a,836aa600-e1f6-46f7-b068-870bb7e9487c,ee7df926-1893-4cd7-ad1e-e4ec75d250ce,2025-11-27,present
a6617ff8-46a0-41cc-82f3-2dc89209ee36,3cf1729d-88f1-453b-a6ab-dbd0f6ad69f2,ee7df926-1893-4cd7-ad1e-e4ec75d250ce,2025-11-27,present
bad4653a-5561-49df-b97a-523536d0edbd,60d651e2-2705-4933-aca5-f6c07bbbc98a,ee7df926-1893-4cd7-ad1e-e4ec75d250ce,2025-11-27,present
8a104301-d3d7-42ca-b522-d60334ee80ae,aa417ffa-ba7b-4721-9980-cc9f5628cf34,ee7df926-1893-4cd7-ad1e-e4ec75d250ce,2025-11-27,present
04700e6f-bc79-42b1-bbcb-6d816e363e7d,abc59420-b3bf-4ef2-9283-62de849b8b28,ee7df926-1893-4cd7-ad1e-e4ec75d250ce,2025-11-27,present
71fb3de8-4bf2-46fe-97c5-685da76baf51,35348d74-6454-45ae-ae27-ea04eda5e464,ee7df926-1893-4cd7-ad1e-e4ec75d250ce,2025-11-27,present
04009eaa-3a7c-4df6-bfea-5f1e999673f2,497b6941-546a-43d1-aebb-a2344d3fdce9,ee7df926-1893-4cd7-ad1e-e4ec75d250ce,2025-11-27,present
086c44d7-c26f-41f5-b9bc-1b5787d56117,c59a3c2a-5b71-4b04-a482-d79c40c802e2,ee7df926-1893-4cd7-ad1e-e4ec75d250ce,2025-11-27,present
9a468c84-4096-4a8b-b47c-29bd94881d92,378db48c-5b38-4fc1-ad00-d20be445debd,ee7df926-1893-4cd7-ad1e-e4ec75d250ce,2025-11-27,present
ddc960df-56c2-4a7e-bdb4-a34b51538793,e81c1566-91e0-49a3-b932-6409adb6d75c,ee7df926-1893-4cd7-ad1e-e4ec75d250ce,2025-11-27,present
2341ee19-324f-462e-a2f3-3c35b8159c4a,4fddf8e6-d8fd-4650-8ed4-a7b0897c0422,ee7df926-1893-4cd7-ad1e-e4ec75d250ce,2025-11-27,present
7a7cfd5e-e764-4eca-b302-eceb6c5f92aa,17b1f9ac-4286-4b0e-9922-badcc30d550d,ee7df926-1893-4cd7-ad1e-e4ec75d250ce,2025-11-27,present
4d67ecb9-5fdc-4f07-a223-ecdfe8bdb3c7,348f0be6-8e95-4b15-a7e7-85d26132db10,ee7df926-1893-4cd7-ad1e-e4ec75d250ce,2025-11-27,present
626d4c39-ff29-40ba-9bff-fc67153f7523,d78eb5e0-fab9-41f2-ba40-9e8b2a20c8cc,ee7df926-1893-4cd7-ad1e-e4ec75d250ce,2025-11-27,present
1cde3158-9e32-4fe4-8f65-09d45a37a370,3ad278d6-3f2b-49f2-b03f-ac28962cf353,ee7df926-1893-4cd7-ad1e-e4ec75d250ce,2025-11-27,present
e1882dc4-b32d-4835-bd93-590752af0692,c1675799-4067-4779-b548-b8458a03a754,ee7df926-1893-4cd7-ad1e-e4ec75d250ce,2025-11-27,present
6d701f82-a461-42cb-b414-315f0667b9ff,93d6ccaa-fb54-4bce-bba1-373a31fd98eb,ee7df926-1893-4cd7-ad1e-e4ec75d250ce,2025-11-27,late
67fdf5f1-d18c-4885-b8a4-d0ccce789d4d,8ff80219-45a8-4813-a0ee-faf0a70472f7,ee7df926-1893-4cd7-ad1e-e4ec75d250ce,2025-11-27,present
cbbb2538-3840-4428-bf44-1b0fb88c1fab,1e83abaf-ffbc-40de-8caa-2e4c3672d200,ee7df926-1893-4cd7-ad1e-e4ec75d250ce,2025-11-27,present
4c665f51-55a8-4ac9-a939-2e24e9d70ad0,3d682d74-2437-4748-8dd4-f92e1344d4d0,ee7df926-1893-4cd7-ad1e-e4ec75d250ce,2025-11-27,present
451c4cfc-5006-4609-9f3d-d19ef5c90c3c,1a712bc3-44b4-4ced-8a57-afa9afed812c,ee7df926-1893-4cd7-ad1e-e4ec75d250ce,2025-11-27,late
a3b2642b-03a0-41ac-a7a1-efb83c22982d,9cfee2b3-7a20-4773-895e-137361e3afdf,ee7df926-1893-4cd7-ad1e-e4ec75d250ce,2025-11-27,present
327ac276-1b48-4c7f-a57d-b809ffe1bc7b,a79429d2-94d5-468f-ad84-ad82748356a1,ee7df926-1893-4cd7-ad1e-e4ec75d250ce,2025-11-27,present
4564aae7-0b9b-465a-af36-41169bcaf545,a0ec5113-285c-4839-9a78-9dc2b66aa88b,ee7df926-1893-4cd7-ad1e-e4ec75d250ce,2025-11-27,present
725cea31-5b3c-4c01-8896-4cdaef62b814,6ff9f11b-3be7-42cc-8329-d9837a7861a8,ee7df926-1893-4cd7-ad1e-e4ec75d250ce,2025-11-27,present
4c404876-e90c-4524-bfe6-a8ee86ce4c43,9821db12-c4c3-46a5-a355-fac82a8d43c5,ee7df926-1893-4cd7-ad1e-e4ec75d250ce,2025-11-27,present
0e0d0081-7223-4f70-ad0a-26ae5c1431c2,d1b95595-5946-4bd4-84b4-9017a8ebd631,ee7df926-1893-4cd7-ad1e-e4ec75d250ce,2025-11-27,present
6d784d84-bd3d-43d2-aa16-f84f8c1c21b8,52176f2b-630c-42d4-862c-03abe1ad2f4f,ee7df926-1893-4cd7-ad1e-e4ec75d250ce,2025-11-27,present
c7e8b84a-1dca-4eae-8fdd-d0c7f97c7cef,efa227bf-5620-4f38-a2be-8d7e514c526a,ee7df926-1893-4cd7-ad1e-e4ec75d250ce,2025-11-27,present
ba3725ef-46cd-4041-bb40-93124c99ecff,08df9c72-feb0-4ec1-acca-4b600db5ac0f,ee7df926-1893-4cd7-ad1e-e4ec75d250ce,2025-11-27,present
dd827afb-dcfd-4de5-aea9-c69c49b06b53,f8f46d16-b3b2-4706-b380-1ff63a2e927f,ee7df926-1893-4cd7-ad1e-e4ec75d250ce,2025-11-27,present
5af1c212-132e-48a6-8b3a-e9ec1712bfba,28108196-dae5-4fc5-ae57-4a58d12c32b4,ee7df926-1893-4cd7-ad1e-e4ec75d250ce,2025-11-27,present
c00a9a20-c617-4618-913c-c813e7796d4b,9c528a9a-2c70-4b80-887f-c2df847db842,ee7df926-1893-4cd7-ad1e-e4ec75d250ce,2025-11-27,present
44ea69da-9cf6-4b4f-aa0f-5749898c5f91,82df1d1d-b8ae-4ba3-9baf-395548055153,ee7df926-1893-4cd7-ad1e-e4ec75d250ce,2025-11-27,present
d642f596-f0e2-4d1f-bc43-05dbaa992ed8,2b82b8e7-fb96-425f-9213-3be278546629,ee7df926-1893-4cd7-ad1e-e4ec75d250ce,2025-11-27,present
90851e94-726a-498a-9b2b-3663553991af,5367ed44-0da2-40ac-a5b2-275b11419b76,ee7df926-1893-4cd7-ad1e-e4ec75d250ce,2025-11-27,present
ce6c0976-e7cc-4040-aaa5-a0b3a9a7a841,a8e1464c-a341-4fb5-accf-3b641fbf5b76,ee7df926-1893-4cd7-ad1e-e4ec75d250ce,2025-11-27,present
94849145-9abd-4b30-bb78-0cd53ac49dae,48bb5879-7851-4758-b860-b5ee8882e0da,ee7df926-1893-4cd7-ad1e-e4ec75d250ce,2025-11-27,present
6d2591c8-7d88-4f13-8d6a-26192e6737db,444e68fa-2872-4dbc-b650-67eccd0bde1c,ee7df926-1893-4cd7-ad1e-e4ec75d250ce,2025-11-27,present
55c776ed-771a-4d78-9085-94c4ef178b08,f46cc870-32ed-4ef7-b3aa-cad9e6f50aae,ee7df926-1893-4cd7-ad1e-e4ec75d250ce,2025-11-27,late
e915cd53-9a11-4714-9149-9d4a10a1d7c1,d98e137a-ca01-4cbf-b05d-89f242d73e93,ee7df926-1893-4cd7-ad1e-e4ec75d250ce,2025-11-27,present
9cff364d-e6b4-49ad-9602-e7cb6fa53e4d,1910f05a-4dec-4c13-9cb7-894bb3a24fce,ee7df926-1893-4cd7-ad1e-e4ec75d250ce,2025-11-27,present
bd6f164b-7ed1-4fba-be2c-5c9024dcf939,2dcf22ff-5864-4110-be2a-b66d44435e95,ee7df926-1893-4cd7-ad1e-e4ec75d250ce,2025-11-27,present
b3f15b6f-09a2-4189-ab92-707a81be3bb4,22dd2813-2556-456a-81ba-80e0d586f06e,ee7df926-1893-4cd7-ad1e-e4ec75d250ce,2025-11-27,present
ba6fc2e8-2a0c-4d89-90e4-603f056af823,dd3a2b38-b78d-4738-bb6c-8a9c6a340b70,ee7df926-1893-4cd7-ad1e-e4ec75d250ce,2025-11-27,absent
a8d58d62-4f33-4802-8148-a0b50947ea19,faed31b7-4176-4210-b198-bda4e2bda78b,ee7df926-1893-4cd7-ad1e-e4ec75d250ce,2025-11-27,present
053afbab-2ee0-4f92-b869-d3f42d966b93,7775db12-2a7e-4bf6-97f9-4280ab778039,ee7df926-1893-4cd7-ad1e-e4ec75d250ce,2025-11-27,present
46e6a41a-b2a7-4df7-a5e5-877351fc370e,6e568ab6-751b-4fbe-8914-6eb9586a7df3,ee7df926-1893-4cd7-ad1e-e4ec75d250ce,2025-11-27,present
8a922c08-c06d-48c8-ac2c-a1c1c515a675,2edc3161-cb68-4384-a701-be3da5194e6b,ee7df926-1893-4cd7-ad1e-e4ec75d250ce,2025-11-27,present
4a98b4b9-32c1-4723-a3a9-717fafec25ef,86289b20-9f98-44c0-bd30-23fcd49b7eba,ee7df926-1893-4cd7-ad1e-e4ec75d250ce,2025-11-27,present
af8bba36-6b49-405a-9fed-82625c7ce9b2,f1791d0c-b6fa-4e36-802e-e9dae8bff030,ee7df926-1893-4cd7-ad1e-e4ec75d250ce,2025-11-27,present
34e8d0bd-78b8-4670-94c2-d70e785ce269,b2e4bfa0-a569-414b-97e8-2977992cef07,ee7df926-1893-4cd7-ad1e-e4ec75d250ce,2025-11-27,present
cba4eaaf-fbd7-4256-b741-20fb74a3dfe2,0ce0dd35-408c-4af4-b31f-58d94bb11bda,ee7df926-1893-4cd7-ad1e-e4ec75d250ce,2025-11-27,present
39dead5f-950a-411c-bd44-70628828bf36,ec4c07aa-3012-44ea-89a2-1ca53403da7f,ee7df926-1893-4cd7-ad1e-e4ec75d250ce,2025-11-27,present
75a56c42-af61-428b-b599-1cf6a3ba8831,4c1d6d3d-f405-4372-903c-9361aef8fdef,ee7df926-1893-4cd7-ad1e-e4ec75d250ce,2025-11-27,present
68368d03-b37c-4401-823e-fc5fe0a511eb,14326f07-45ab-48d8-ad56-3bfb8ed25e0f,ee7df926-1893-4cd7-ad1e-e4ec75d250ce,2025-11-27,present
f4e244df-fa4f-4bad-aeb8-983a428ea1b5,24fa1aed-4b64-4140-9bcd-3e9ba701d22c,ee7df926-1893-4cd7-ad1e-e4ec75d250ce,2025-11-27,present
d4454a35-3d24-4a97-b80a-4eb7ecbce85f,32c9cfe1-c60f-4bc8-b4b4-cb180f1b9242,ee7df926-1893-4cd7-ad1e-e4ec75d250ce,2025-11-27,present
683f92e7-362c-4791-9eb8-466a2222b5a4,a8ce932d-992f-4a92-9755-e7eb20374d2f,ee7df926-1893-4cd7-ad1e-e4ec75d250ce,2025-11-27,present
fa619436-2c3a-42b9-885a-d8998c2b0956,3e76c81f-618c-429d-bfc6-6e9c8cb271d8,ee7df926-1893-4cd7-ad1e-e4ec75d250ce,2025-11-27,present
1fe69cbf-c08b-4aaf-8433-a949c67a468c,90075d7a-0051-4623-a0f8-548875476cad,ee7df926-1893-4cd7-ad1e-e4ec75d250ce,2025-11-27,present
9ba6dd22-2eaf-4bfd-b80b-3c57fdfb5a00,f7603bb1-7e9c-4dc5-8266-f05f72715b62,ee7df926-1893-4cd7-ad1e-e4ec75d250ce,2025-11-27,present
001d6b0a-a52b-4d61-99a8-323f944c40cd,0b238d18-91b0-4f0e-89e3-f15d160cc629,ee7df926-1893-4cd7-ad1e-e4ec75d250ce,2025-11-27,late
fdcc62ca-b90d-469c-bd09-e224f68dad46,16412f99-afdb-4b94-a96f-835e889421c9,ee7df926-1893-4cd7-ad1e-e4ec75d250ce,2025-11-27,present
9a8d2d9e-44a2-416b-81ca-bd9952aef949,6ea1d3f0-e436-4382-a733-f40214bf09a1,ee7df926-1893-4cd7-ad1e-e4ec75d250ce,2025-11-27,present
a5a0f930-29c1-498c-b79d-3aeab22c3889,b92ab969-cf9e-47eb-9a96-d564089adf92,ee7df926-1893-4cd7-ad1e-e4ec75d250ce,2025-11-27,present
dc3e0487-7eb4-4a87-a4a7-f99214901c32,56f6fe42-f90b-4ca8-b264-98e6a7ba25f8,ee7df926-1893-4cd7-ad1e-e4ec75d250ce,2025-11-27,present
edec3324-655f-4423-bdb0-b0c1885a88fd,4c0b92cc-e2dd-4a32-9d14-9383264e6ece,ee7df926-1893-4cd7-ad1e-e4ec75d250ce,2025-11-27,present
89da0bb8-d345-46aa-9160-008b879f85f1,b5c32612-b0c1-4ae2-9040-d0f18821018c,ee7df926-1893-4cd7-ad1e-e4ec75d250ce,2025-11-27,present
f59cf13b-ae97-4689-9902-58e22fa6a3d0,87578fdf-d7c1-4b6e-8e21-41efa143369c,ee7df926-1893-4cd7-ad1e-e4ec75d250ce,2025-11-27,late
3d22a0fd-cd68-4d40-afe0-bcafe67f95b3,a9fb4bd6-dfb5-4466-82d5-7a3a533c7aa1,ee7df926-1893-4cd7-ad1e-e4ec75d250ce,2025-11-27,absent
c2414589-ca92-4305-abfa-05838a824cca,2dd68460-20f4-41da-98d6-e03cde916da4,ee7df926-1893-4cd7-ad1e-e4ec75d250ce,2025-11-27,present
ae52ab21-720c-43c3-9889-5527c78a9b15,9bfeffb9-d159-48f6-91a6-ab8dc6342bde,ee7df926-1893-4cd7-ad1e-e4ec75d250ce,2025-11-27,present
a12a7564-980a-47c0-8f3b-e29be74bcd45,b2a4465b-4171-40f8-84bf-3823c288eaeb,b95cf4cc-ff2e-4823-89ff-1fa49907526b,2025-11-26,present
4d6703ee-cbb1-4bfd-a3b4-ab4afb81df72,e6598944-8a9c-4e86-9ab2-abf8934dd52d,b95cf4cc-ff2e-4823-89ff-1fa49907526b,2025-11-26,present
9f301176-d9ee-47cf-865a-9414a0737f31,4e5f93d9-4097-4778-a042-e4b1478e1d6a,b95cf4cc-ff2e-4823-89ff-1fa49907526b,2025-11-26,present
4de32396-5938-4426-9a72-1bc5db3953a3,89e5e760-8205-4b37-aa57-9e84196b2ebc,b95cf4cc-ff2e-4823-89ff-1fa49907526b,2025-11-26,present
0ed39d3c-b6ea-41cb-8f03-02d76e2cf00d,a58c390c-655e-40f5-bf6b-c77e56d0f722,b95cf4cc-ff2e-4823-89ff-1fa49907526b,2025-11-26,present
db87c384-b2b9-4899-91ff-c7bf308c9dfe,2aca9039-4fbe-40d2-8d57-2f6a0821c203,b95cf4cc-ff2e-4823-89ff-1fa49907526b,2025-11-26,present
2ef446da-5c4d-4a7e-b22e-10f0626cacac,acb854f8-aba5-4023-bf1d-449013cb3448,b95cf4cc-ff2e-4823-89ff-1fa49907526b,2025-11-26,late
a2e6dcf6-a68e-4804-ac9a-257d4c617ad4,37d70e87-1953-4cda-ae45-29aef9a0af82,b95cf4cc-ff2e-4823-89ff-1fa49907526b,2025-11-26,present
13135850-1977-4e19-a7fe-7a334a498a00,17f1e371-0469-4158-88f6-c638655f6a6a,b95cf4cc-ff2e-4823-89ff-1fa49907526b,2025-11-26,present
1bd991ea-2e8e-4be9-9f4d-de1bb46e3cdb,f2a19665-2f75-4f5c-85ec-cc12ef6d8b82,b95cf4cc-ff2e-4823-89ff-1fa49907526b,2025-11-26,late
4fa8a0bc-ab28-4954-82ae-0aeac5ff3e5f,776a3ab5-df87-499b-b59c-490066d1bf16,b95cf4cc-ff2e-4823-89ff-1fa49907526b,2025-11-26,present
296c9562-1722-4e65-ab69-6eac1f3e2e7e,c91489f9-350e-4222-a384-330cca8e6aab,b95cf4cc-ff2e-4823-89ff-1fa49907526b,2025-11-26,present
0195b204-62dc-489e-b052-21d4ee82f183,6e9fd800-48bd-471c-b6a3-7afec9d9067f,b95cf4cc-ff2e-4823-89ff-1fa49907526b,2025-11-26,present
b5908856-ba74-466a-8fcb-a11abf8e50d9,59d8d95b-b564-4b34-89bf-9321a4d5408c,b95cf4cc-ff2e-4823-89ff-1fa49907526b,2025-11-26,present
8deec4bd-8ea2-410b-9d86-af3709b6ccaf,92d174ce-bac3-4614-b1a5-9f26acbe7fcc,b95cf4cc-ff2e-4823-89ff-1fa49907526b,2025-11-26,present
82c6ab15-8ded-4082-a5a8-c84efc138de8,63e0af7a-48db-4658-90dd-090fdb3a380e,b95cf4cc-ff2e-4823-89ff-1fa49907526b,2025-11-26,present
cc66f066-6246-4285-aa92-0121d36bfe44,2ff1973d-d4f4-4fda-a472-d5313ea74ffe,b95cf4cc-ff2e-4823-89ff-1fa49907526b,2025-11-26,present
413cb57a-a3a2-4b6a-a455-29decd52fff3,45303546-9902-4126-bfc1-9d2d7fb5c7f5,b95cf4cc-ff2e-4823-89ff-1fa49907526b,2025-11-26,present
8fabb3b8-b0cd-495b-9964-1b044ea11f8d,2b6404c0-5204-430d-9a48-01ea955f1434,b95cf4cc-ff2e-4823-89ff-1fa49907526b,2025-11-26,present
2a3c89d5-bbc4-400f-a395-1af909405f51,a4d80272-4a74-4883-83af-4193ed71a4d3,b95cf4cc-ff2e-4823-89ff-1fa49907526b,2025-11-26,present
1f39fab7-0219-4f1e-950a-37c82c11b513,21683407-a094-4656-9678-8a975e72eeb1,b95cf4cc-ff2e-4823-89ff-1fa49907526b,2025-11-26,present
a89eb7c4-64c7-4624-9459-7fb649e3ab6c,3417364e-15a1-43be-bc92-8396c381fe7f,b95cf4cc-ff2e-4823-89ff-1fa49907526b,2025-11-26,present
3b4c09d6-552a-4ef2-ad10-83c12c4aae7c,bd805704-abd4-4713-98ac-6c9e474e1073,b95cf4cc-ff2e-4823-89ff-1fa49907526b,2025-11-26,present
29e7bd84-1a50-41b7-9aa0-89411acb8a91,9b9ff424-0a26-4761-9de4-e8610799272a,b95cf4cc-ff2e-4823-89ff-1fa49907526b,2025-11-26,present
7f3ed398-518f-4141-baf5-7604e73c8eb3,4d34d01f-8214-4f4e-9e71-824bfa4d6feb,b95cf4cc-ff2e-4823-89ff-1fa49907526b,2025-11-26,present
1d0a2347-4f2b-4b4f-a5a9-cbc82a63ecc5,eb70f822-783c-4130-884b-c363dfd420c2,b95cf4cc-ff2e-4823-89ff-1fa49907526b,2025-11-26,present
8c6d4e00-3d44-4988-af8e-f073fd2b6918,9e3c3217-dbca-4c55-97cc-0a6da122aaf2,b95cf4cc-ff2e-4823-89ff-1fa49907526b,2025-11-26,present
a959ddd3-16f9-49fe-b4df-42074aeee2da,b56499d7-d8be-4423-8ffa-cb688ab86a77,b95cf4cc-ff2e-4823-89ff-1fa49907526b,2025-11-26,present
91105b4f-5596-4bb8-8dd3-e5af131c60fb,1cbc7444-026e-4910-b868-28a82f77222e,b95cf4cc-ff2e-4823-89ff-1fa49907526b,2025-11-26,present
2611a977-b68f-417f-8744-35659515a245,797ae689-bef8-447f-89b7-9530c0d2aac5,b95cf4cc-ff2e-4823-89ff-1fa49907526b,2025-11-26,present
0d2c55f9-263a-42c1-81f6-58480348f47e,e8ee8fe1-16a3-44af-9eba-75c32cfd4eb9,b95cf4cc-ff2e-4823-89ff-1fa49907526b,2025-11-26,present
321d6c50-019c-48f6-8441-171bb5af763c,79c5a94d-db1c-4235-9349-5666b50aba31,b95cf4cc-ff2e-4823-89ff-1fa49907526b,2025-11-26,present
1dfdc3fe-c5f3-434b-ab8d-6591fefc83fb,a84f0ef2-d388-4e8a-b25c-63666675ea1a,b95cf4cc-ff2e-4823-89ff-1fa49907526b,2025-11-26,present
28d812b3-1ab8-46b2-9959-af1d3788b6b0,32c26ab6-c641-4ef2-9d1f-94138ab1c28c,b95cf4cc-ff2e-4823-89ff-1fa49907526b,2025-11-26,present
9ddbe077-4a10-4312-adc8-4e73098cc095,eac86156-3f59-4c9b-b515-04a800a5e871,b95cf4cc-ff2e-4823-89ff-1fa49907526b,2025-11-26,late
e9f7ee3e-5f59-49d5-9e96-5e2ca296f93d,ab1ba33c-b232-4ae7-b280-6cbfdc8d0aa5,b95cf4cc-ff2e-4823-89ff-1fa49907526b,2025-11-26,present
b6ee8a5f-0591-4249-8c1f-444268c10ca3,8bb84a79-3207-4a7c-8274-1bd98098207f,b95cf4cc-ff2e-4823-89ff-1fa49907526b,2025-11-26,present
304172a6-d47e-432e-bea9-ddaa8336b7a9,098908ac-c7f7-4200-b315-fe32a5c0158f,b95cf4cc-ff2e-4823-89ff-1fa49907526b,2025-11-26,present
3e967319-61c8-4e67-93c7-1aa0d4f642e9,53230076-a4d4-4f63-9ad7-62ab5f78c122,b95cf4cc-ff2e-4823-89ff-1fa49907526b,2025-11-26,present
670cea26-11e3-4cbc-b6b4-5d85d4f3be52,b0939c39-88c6-426e-8cec-9781821fc5e6,b95cf4cc-ff2e-4823-89ff-1fa49907526b,2025-11-26,late
c3ae621a-7ed3-44a4-b37c-254a91dc7220,29763f2b-0555-4100-87ca-ef52c13eca5a,b95cf4cc-ff2e-4823-89ff-1fa49907526b,2025-11-26,present
a1bfd87c-95ee-436c-aea3-2b61246b60ec,528b9fc5-1ad7-4bdd-8960-6cd9fa4dffdd,b95cf4cc-ff2e-4823-89ff-1fa49907526b,2025-11-26,present
e2166e92-e6cb-40ef-959b-edb966e27607,57e26aa0-29f2-45e8-aa1c-4f2adf66ee7d,b95cf4cc-ff2e-4823-89ff-1fa49907526b,2025-11-26,present
61d0ae0b-8fee-4c6a-bbc6-7ac50138c0b4,76a9e6f1-b6e1-4032-beac-de12ac07542b,b95cf4cc-ff2e-4823-89ff-1fa49907526b,2025-11-26,present
b0b542c5-bd89-43f5-8b5e-66c04c73c058,8ce44813-1ae0-45c6-ac25-a07f0a61a66e,b95cf4cc-ff2e-4823-89ff-1fa49907526b,2025-11-26,present
ae8347c8-1ff7-44a6-a16f-60504e090052,9522f828-b3b6-4429-8d2e-ead149a5e80c,b95cf4cc-ff2e-4823-89ff-1fa49907526b,2025-11-26,present
b1fec3a0-5f2c-4632-a070-06a6ef8dd11e,75421033-1521-437f-a0b8-ac0428dd4487,b95cf4cc-ff2e-4823-89ff-1fa49907526b,2025-11-26,present
d04d41a8-abf8-4737-b05e-d1f9bf7313fa,49e313b7-0399-49d9-8e69-30b8226e7982,b95cf4cc-ff2e-4823-89ff-1fa49907526b,2025-11-26,present
e93ae8b9-c157-4c3c-a3bd-a861fa486831,4a5ec7e1-8600-4066-9f74-204dd55927d7,b95cf4cc-ff2e-4823-89ff-1fa49907526b,2025-11-26,present
8bcc4912-8cf1-4582-b502-e381ce74dfbe,c194041f-0151-46c9-969f-14891966dc03,b95cf4cc-ff2e-4823-89ff-1fa49907526b,2025-11-26,present
cc6b66a2-ec63-4869-a89f-cbf6d6529bcd,f65384ba-4ff0-49a6-afd5-9b6c7f83b17b,b95cf4cc-ff2e-4823-89ff-1fa49907526b,2025-11-26,present
99af8e77-922e-4474-a4d4-f049d03e23c1,6d53fc37-017a-4d84-996e-601250d0388b,b95cf4cc-ff2e-4823-89ff-1fa49907526b,2025-11-26,present
ab0cdf34-b9f0-4c6d-9ee6-cfd071395a86,f1bcd0f5-46ba-4ef7-9490-ddb55e3a759e,b95cf4cc-ff2e-4823-89ff-1fa49907526b,2025-11-26,present
92c9a81e-8809-4e48-9818-fe3e0a7af511,0d72c4fa-ecec-4fde-b064-9390d036fc93,b95cf4cc-ff2e-4823-89ff-1fa49907526b,2025-11-26,present
06f12443-341e-42d8-97aa-e71285fd5e0a,cf23b4eb-e18f-4bc1-bfca-8290c7ab1736,b95cf4cc-ff2e-4823-89ff-1fa49907526b,2025-11-26,present
c799422a-edaf-43f5-aee2-df29ddc9f138,8e3cae2f-c9ae-4d47-ad5e-f8090c298c2b,b95cf4cc-ff2e-4823-89ff-1fa49907526b,2025-11-26,present
08bc1ef3-1b65-48c9-863d-18ac6258ae60,36628342-5d26-4c13-8e37-98d0f155c059,b95cf4cc-ff2e-4823-89ff-1fa49907526b,2025-11-26,present
2a89fa01-1563-4b15-a6d9-5a67ec675073,5ffdaddc-1e91-49f4-a375-d1b83df8810d,b95cf4cc-ff2e-4823-89ff-1fa49907526b,2025-11-26,present
31551450-d3f3-42c5-9828-64ae80dbb001,fd925e5a-90d0-4036-94bc-ea8d00093a91,b95cf4cc-ff2e-4823-89ff-1fa49907526b,2025-11-26,present
6f17937c-ac1b-4ee9-b2ef-36fb5b40a003,d2561aa5-c62b-4de5-9b93-818b5eade392,b95cf4cc-ff2e-4823-89ff-1fa49907526b,2025-11-26,present
fd6bed4a-25d3-40f3-ac23-3914b12b3f40,c8f27bd0-ad33-4d73-9c3f-28a6d4ccdc3c,b95cf4cc-ff2e-4823-89ff-1fa49907526b,2025-11-26,present
fe6136e4-c010-4624-a6c6-8a16bae737df,dedb1456-d5ef-400b-873f-8ba74bf6a592,b95cf4cc-ff2e-4823-89ff-1fa49907526b,2025-11-26,late
8b453eb6-234b-40b4-af6d-4e16ece243c7,266aa967-02e7-4908-ac1d-2070f75edf33,b95cf4cc-ff2e-4823-89ff-1fa49907526b,2025-11-26,present
f7a43a47-0293-4da6-9f4d-61bc0869587c,e601e550-51c1-4f50-afeb-d140415f4790,b95cf4cc-ff2e-4823-89ff-1fa49907526b,2025-11-26,absent
5855ef40-1ed1-4c95-9614-f899ed97c4b7,69ec3f3a-220d-45a0-a1f4-40034bd81cbd,b95cf4cc-ff2e-4823-89ff-1fa49907526b,2025-11-26,present
20a4192f-b3a4-44af-a53b-fb503ac5815a,fd533946-3376-48a2-b262-3b8abe09f47b,b95cf4cc-ff2e-4823-89ff-1fa49907526b,2025-11-26,present
8c265855-a9a7-45f2-bebd-79bfd091abe6,a7968baa-491d-43a4-90a9-0cf3dcea4360,b95cf4cc-ff2e-4823-89ff-1fa49907526b,2025-11-26,present
e9d97a21-3d44-4ef8-8721-068114a59c60,fa522982-6412-402d-a16d-989f2e510279,b95cf4cc-ff2e-4823-89ff-1fa49907526b,2025-11-26,present
ffcdb65d-ae3f-400f-bb2f-6595cf8d7221,895b1cf3-b6b5-499b-8a84-8ad623fe963d,b95cf4cc-ff2e-4823-89ff-1fa49907526b,2025-11-26,present
a99041f6-17e9-4631-855f-9a8d31118dd9,dc89433f-c558-4caa-90ef-8fd8af298977,b95cf4cc-ff2e-4823-89ff-1fa49907526b,2025-11-26,present
9d5d3db6-1e8a-49a7-b9d4-c1e1f54d6f98,c8538d95-5aef-4c21-ae53-3d5529271562,b95cf4cc-ff2e-4823-89ff-1fa49907526b,2025-11-26,present
a1a4bb4d-7eed-4d2f-8f02-1a47c3be7ae9,8366e458-ec2b-44e7-a8fb-1e58bbba8da1,b95cf4cc-ff2e-4823-89ff-1fa49907526b,2025-11-26,late
7b53d8b0-a87a-40af-a834-e7ecabf70c6c,9c816423-6415-4a29-a00a-510f9582ce3c,b95cf4cc-ff2e-4823-89ff-1fa49907526b,2025-11-26,present
b898ad4a-f15c-4687-9769-d1f4a02bc316,5996d75b-31d8-43b4-88f9-cfe654e4b8e0,b95cf4cc-ff2e-4823-89ff-1fa49907526b,2025-11-26,present
8c78ea71-10f7-49a6-9857-84a1d5242337,f53a1dc0-a0ec-488a-ab39-465bc609782a,b95cf4cc-ff2e-4823-89ff-1fa49907526b,2025-11-26,present
cadc0d34-41db-42ad-a83f-ade680cfa2ca,f8d923fe-fc4f-466b-a765-aa96465e700a,b95cf4cc-ff2e-4823-89ff-1fa49907526b,2025-11-26,present
c7cb1060-e263-4b22-b311-94314969b827,fd03c88d-fb45-4a28-9192-afd81cedbe0d,b95cf4cc-ff2e-4823-89ff-1fa49907526b,2025-11-26,present
eb0a7e03-9289-4dff-985e-7471bde4c016,90dad0ea-56b0-4196-9acf-f8c7b6a96c55,b95cf4cc-ff2e-4823-89ff-1fa49907526b,2025-11-26,present
01e49f59-d039-46ef-ac2b-0a8abd2886f5,7af9774e-7728-4af1-b863-5d185ae67324,b95cf4cc-ff2e-4823-89ff-1fa49907526b,2025-11-26,present
1a8ce9dd-8938-4862-ae78-f4a7fc1aef81,81ce8925-2760-4065-b0a5-5989292f5316,b95cf4cc-ff2e-4823-89ff-1fa49907526b,2025-11-26,present
64417597-200b-4729-a563-3d082d53fe84,19fa9eac-862d-4630-888d-cb9863d23444,b95cf4cc-ff2e-4823-89ff-1fa49907526b,2025-11-26,present
0391ee67-7367-40e3-96e4-4a31ffe7a9a4,796b285d-0e89-438d-a41f-1fc7f8c148c9,b95cf4cc-ff2e-4823-89ff-1fa49907526b,2025-11-26,present
0f394c95-dd73-4073-b910-36a86d37580a,4d89c1b8-0ebf-4a51-8512-4d58fec979a3,b95cf4cc-ff2e-4823-89ff-1fa49907526b,2025-11-26,present
6cc620f2-1667-4b4f-aae7-7115a18d3fb8,86aea6b6-f430-4a1e-a8fc-81676bf654a5,b95cf4cc-ff2e-4823-89ff-1fa49907526b,2025-11-26,present
f373cb25-524e-4c4a-ae3b-29fb6ce2ce28,afa11c28-5d70-41b2-92cd-a9049723a802,b95cf4cc-ff2e-4823-89ff-1fa49907526b,2025-11-26,present
cb05b3c5-3b4b-4491-ba02-d413dbee555c,d74dddc6-6e52-4bb9-a9f1-1c184b45d437,b95cf4cc-ff2e-4823-89ff-1fa49907526b,2025-11-26,present
a2e483ab-a3d7-4933-a8b5-bc10ce3bf28a,c4bfe414-5d12-4be5-8f34-776e87c25a44,b95cf4cc-ff2e-4823-89ff-1fa49907526b,2025-11-26,present
e879d561-f1d3-48e0-8cee-2032854b55fb,9d54ed58-78cc-4415-a505-a8ceca4143af,b95cf4cc-ff2e-4823-89ff-1fa49907526b,2025-11-26,present
632a3711-97be-415a-9637-299afdc2be8a,312895c4-0eb9-498a-9132-0857593c6e75,b95cf4cc-ff2e-4823-89ff-1fa49907526b,2025-11-26,present
70974681-8dc6-4e88-966c-7035f76b412c,82d5cc83-30b9-4fab-8480-e9019e34499f,3aa5056b-006f-40bb-a5bd-cefbbedf66c4,2025-11-26,present
3f1f995f-5eae-4ee3-ab75-5bdc0bb7c3a7,498b503c-69b3-49a8-bd73-cae1e11bfeb7,3aa5056b-006f-40bb-a5bd-cefbbedf66c4,2025-11-26,present
d5fab24d-b082-4cf2-92ff-0956a7119857,27dc46a6-0317-4e06-b86a-06f57d41e835,3aa5056b-006f-40bb-a5bd-cefbbedf66c4,2025-11-26,present
995450ca-f821-4d9c-98c0-c20a34a3e7d3,c6384a38-811d-4ade-9ccc-0bbf7af2ebca,3aa5056b-006f-40bb-a5bd-cefbbedf66c4,2025-11-26,present
1f2b515c-e067-450b-acbb-adca8e133bd7,fa64e9eb-fbcc-46d9-9399-1360224f70a5,3aa5056b-006f-40bb-a5bd-cefbbedf66c4,2025-11-26,late
d3b89e24-59e8-43b7-914e-c0463ab827d1,49b01f1a-1e63-430c-8715-cb4dfbd0ec11,3aa5056b-006f-40bb-a5bd-cefbbedf66c4,2025-11-26,present
8b0f3478-75b8-49f3-a995-41be5f0a6fa9,ef3a6892-0ec5-461e-bfc5-799b0ff7ccd6,3aa5056b-006f-40bb-a5bd-cefbbedf66c4,2025-11-26,present
be42249f-f2c8-4742-87a0-4532387d7241,4658197d-e38c-43c5-9bba-fa55aaa929f8,3aa5056b-006f-40bb-a5bd-cefbbedf66c4,2025-11-26,present
66d8d65b-5429-406d-8d4c-d84f5744223d,3aa849f7-41b0-4c54-a338-312f161bf277,3aa5056b-006f-40bb-a5bd-cefbbedf66c4,2025-11-26,present
090c7349-eaf2-4278-a6b3-c3ca4aa72f24,4cf0ffc8-72e3-41e2-bee7-b6299faa1b67,3aa5056b-006f-40bb-a5bd-cefbbedf66c4,2025-11-26,present
c4d0b3f2-b4c1-4d1b-9f9f-f36783dcd90a,f24b2bd4-ce76-4b77-b10b-9408d636d559,3aa5056b-006f-40bb-a5bd-cefbbedf66c4,2025-11-26,present
7728d5c6-2530-4dee-8746-3df9cd264761,d0f07cb6-6acf-49b9-aa97-e9386f3778fb,3aa5056b-006f-40bb-a5bd-cefbbedf66c4,2025-11-26,present
52d018a4-0cf3-48c3-887d-f55643e12ade,69df908c-4c1b-45ae-adcd-d4c58d10d6c4,3aa5056b-006f-40bb-a5bd-cefbbedf66c4,2025-11-26,present
f437f6b6-9fb4-4246-ac4d-32be1e8d96c3,b68be1f0-383c-4241-ac1d-d603dff923e5,3aa5056b-006f-40bb-a5bd-cefbbedf66c4,2025-11-26,present
d87f29ed-becb-4e56-850d-877064d0b961,b0a21bb2-861b-4460-998c-55c69a283015,3aa5056b-006f-40bb-a5bd-cefbbedf66c4,2025-11-26,present
b3dfa39f-df02-42bd-bbc7-88df9c51adff,8da87cee-c880-4669-9b9e-31fd705f254b,3aa5056b-006f-40bb-a5bd-cefbbedf66c4,2025-11-26,present
14961d8c-cffb-47db-a3df-b6b13c7ba6b5,f90a1b93-d8dc-415a-8f7f-24310fa11bba,3aa5056b-006f-40bb-a5bd-cefbbedf66c4,2025-11-26,present
d5026e43-cc84-4954-86d6-c60a8a2989b7,b962d360-6dd2-4795-8c79-a2e48eb227fb,3aa5056b-006f-40bb-a5bd-cefbbedf66c4,2025-11-26,present
8b862674-deef-46f3-a7c5-7c899011615c,6fb1d403-acaa-4838-baef-32c60707a143,3aa5056b-006f-40bb-a5bd-cefbbedf66c4,2025-11-26,present
332209d7-95c6-4385-86b4-b0f5422588c0,4604414a-2a41-457a-8766-dc3cabb41db8,3aa5056b-006f-40bb-a5bd-cefbbedf66c4,2025-11-26,late
8b4b7a4d-93e5-437a-a342-ab5bb253cfe7,70fc65f4-cf68-409b-8e8e-4cef58cc58d3,3aa5056b-006f-40bb-a5bd-cefbbedf66c4,2025-11-26,present
80674ec8-aa9f-49fa-87ed-c6bf67e04004,0f90dd49-e576-4d49-8718-c0518a130483,3aa5056b-006f-40bb-a5bd-cefbbedf66c4,2025-11-26,present
48422b9c-ec1c-4437-a50f-671cd0f27c31,ce612154-54eb-4f7e-9546-caf80ed483b4,3aa5056b-006f-40bb-a5bd-cefbbedf66c4,2025-11-26,present
354d895f-272b-41cd-8185-05694669a364,a96902f2-1ade-44a7-9a30-71b4f8abf251,3aa5056b-006f-40bb-a5bd-cefbbedf66c4,2025-11-26,absent
3e88e277-792e-4428-8ca5-fae4f79b7102,4f4f87ab-36b9-4d69-b9d9-01bc1e0a4b08,3aa5056b-006f-40bb-a5bd-cefbbedf66c4,2025-11-26,present
ca3291d1-4882-4470-b352-f4dac1629797,5769dbbc-5881-4e4e-afce-eec0e14e7925,3aa5056b-006f-40bb-a5bd-cefbbedf66c4,2025-11-26,present
987cc1bf-796e-4a29-abbc-a405b427768b,ac21a79b-7936-4d61-a541-b873d7876724,3aa5056b-006f-40bb-a5bd-cefbbedf66c4,2025-11-26,present
854e38f7-8956-442d-8556-eec383cdd673,cd0ffb20-2ddc-4c4f-8372-d0e6bd278495,3aa5056b-006f-40bb-a5bd-cefbbedf66c4,2025-11-26,present
dcaaee24-31bb-4123-83c7-9921d9798a77,2080e131-8a0b-4c7c-9587-c75cbd4f6e64,3aa5056b-006f-40bb-a5bd-cefbbedf66c4,2025-11-26,present
2fdfd63a-beac-45bf-b9e3-eef229703482,8fa93d81-e098-44d3-8bab-8b11440c4c67,3aa5056b-006f-40bb-a5bd-cefbbedf66c4,2025-11-26,present
b8730df7-8a16-4094-9d20-a46d2af4331a,4afaabbb-100e-4b4d-b7a0-8bce8594f90c,3aa5056b-006f-40bb-a5bd-cefbbedf66c4,2025-11-26,present
050949a7-5265-436d-94b5-f3e26b22d438,58dbd79a-3f70-4fdc-801a-7adc29d3fe7f,3aa5056b-006f-40bb-a5bd-cefbbedf66c4,2025-11-26,present
5ed78c38-c851-4a20-ae34-e8a0d298151c,e08d85f4-987a-424a-b74f-b6517b65bcb9,3aa5056b-006f-40bb-a5bd-cefbbedf66c4,2025-11-26,present
c6f368c0-c2ec-4a35-8dcd-3bf49e417b5b,485e92f6-7bfd-4e76-b383-f48920e8c5ae,3aa5056b-006f-40bb-a5bd-cefbbedf66c4,2025-11-26,present
8451d32a-296d-4235-8e05-7b3d92b446c9,778e642c-0b8d-4614-b5ef-9725a3dde407,3aa5056b-006f-40bb-a5bd-cefbbedf66c4,2025-11-26,present
542de2e4-1594-49d7-bb31-b0cd0d9ae5ee,d8f10392-9e64-400a-a780-c3a033b8765a,3aa5056b-006f-40bb-a5bd-cefbbedf66c4,2025-11-26,present
5185262f-0865-4b28-a14a-99598f6f99f8,420c3003-6144-4a96-8b98-3bdac26eb1b9,3aa5056b-006f-40bb-a5bd-cefbbedf66c4,2025-11-26,present
c974162a-9c32-499e-a8d8-dd45551955df,3523e79a-67ae-4595-b839-cff8be6b1396,3aa5056b-006f-40bb-a5bd-cefbbedf66c4,2025-11-26,present
b2de1725-7fa6-48dd-acc1-6ece48fdfec1,90d1d426-28eb-48e3-9c89-197ad0af07a5,3aa5056b-006f-40bb-a5bd-cefbbedf66c4,2025-11-26,present
d30c19be-adc5-4cfb-9aaa-99860fd98e01,465bf71b-8888-4a1a-a033-830b28da5721,3aa5056b-006f-40bb-a5bd-cefbbedf66c4,2025-11-26,present
24937197-2b38-4c3d-88e6-87dea5e8ef1e,91299e77-c3eb-4bce-99bc-da71b49b99ce,3aa5056b-006f-40bb-a5bd-cefbbedf66c4,2025-11-26,present
d2672991-936c-4a55-a799-7e9a19b07e4d,d1a01156-ab84-42f8-9e7c-62e5c0f23b56,3aa5056b-006f-40bb-a5bd-cefbbedf66c4,2025-11-26,present
2ab9fd2c-d504-45f2-be7f-7b70d6c5f5a0,43f3070d-707b-479e-9a65-92708c0a2228,3aa5056b-006f-40bb-a5bd-cefbbedf66c4,2025-11-26,present
cf8acad1-11b1-42f8-b600-30464845a340,9573152c-b78d-4845-b7c8-49090f745568,3aa5056b-006f-40bb-a5bd-cefbbedf66c4,2025-11-26,present
18b9494f-b07d-4e09-8d0a-dc2cb3d24b59,ebb07f54-7f28-4b63-ab44-abde56d446ff,3aa5056b-006f-40bb-a5bd-cefbbedf66c4,2025-11-26,present
9bd3287c-0deb-4eb0-8971-5b752e8830e1,f6b445fa-298b-44cb-8408-a75c6f19410e,3aa5056b-006f-40bb-a5bd-cefbbedf66c4,2025-11-26,present
9c8c2ee6-2f35-410a-b171-c9a7d2f8dc87,9bff3d80-b7e7-40e4-880c-40638e5e188c,3aa5056b-006f-40bb-a5bd-cefbbedf66c4,2025-11-26,present
4c36a585-02d6-4190-b01e-9a8b5d42cfdb,34bd2d25-f17a-4844-9241-749e9d0d68a5,3aa5056b-006f-40bb-a5bd-cefbbedf66c4,2025-11-26,present
35679ead-ae85-42c9-8349-c158ce7fd32e,bf764238-4d08-41a9-bee8-9244a999e34e,3aa5056b-006f-40bb-a5bd-cefbbedf66c4,2025-11-26,present
84942d6d-d4c8-48d4-a675-dbde6edd560d,da7d4136-b32e-411c-9eb7-b0f6bddfed2d,3aa5056b-006f-40bb-a5bd-cefbbedf66c4,2025-11-26,present
a3b88afe-fe0f-4137-a3d2-55e779d5dd03,772c402f-11f8-486a-a298-56c60bf08721,3aa5056b-006f-40bb-a5bd-cefbbedf66c4,2025-11-26,present
4e08a3b7-6a97-4400-97db-574bb993eb9a,60a0fc24-7fc4-4fc8-94d7-8f2ae26b9de6,3aa5056b-006f-40bb-a5bd-cefbbedf66c4,2025-11-26,present
b7211efa-69e9-4b2e-9c17-e17917dc3e7e,2d4ff954-c4f4-4372-a5a2-86f4de0882ce,3aa5056b-006f-40bb-a5bd-cefbbedf66c4,2025-11-26,present
b2607b03-6ce5-4f0b-9df9-d8d947506972,a4cc9867-745c-49ab-82c5-b220bb70ab9e,3aa5056b-006f-40bb-a5bd-cefbbedf66c4,2025-11-26,present
0ce811be-7e54-4235-a58a-3c7726c5ae9b,839b5124-9211-4d19-a58a-b6b8b37939b5,3aa5056b-006f-40bb-a5bd-cefbbedf66c4,2025-11-26,present
64fd15d5-46ed-460b-b88b-9a1f2771b613,3372723d-9633-4a66-9f02-3bc53565211c,3aa5056b-006f-40bb-a5bd-cefbbedf66c4,2025-11-26,present
c716bfce-5221-4e81-ad8b-c1094e02d274,7edda8ac-bde4-4fa4-8756-0fbdca00e09b,3aa5056b-006f-40bb-a5bd-cefbbedf66c4,2025-11-26,present
68415331-8f1f-4b25-8899-58f25c1fd12e,2ba51843-412b-460c-90ca-2063ac3accf7,3aa5056b-006f-40bb-a5bd-cefbbedf66c4,2025-11-26,late
22c8320c-e72f-43d4-bec3-2bbee80cc95a,a7ce2836-8e16-406a-9d65-0d576f2dd3db,3aa5056b-006f-40bb-a5bd-cefbbedf66c4,2025-11-26,absent
f79c97e7-826f-41e8-867d-323ed1a057dd,5d387db6-beac-4690-ab7e-d827835620bd,3aa5056b-006f-40bb-a5bd-cefbbedf66c4,2025-11-26,present
8e651042-a156-43f4-ac77-25079b426390,240c9602-71c7-4a4a-9bff-7e95b50dfed8,3aa5056b-006f-40bb-a5bd-cefbbedf66c4,2025-11-26,present
c925c490-5c03-4f9b-b09f-714e36e9233d,c38e4b16-1826-439a-adc2-1a1d4cd90dbf,3aa5056b-006f-40bb-a5bd-cefbbedf66c4,2025-11-26,present
8b2e1bb0-d363-4a89-9bf3-ad7b4ccbb1dc,10c16016-3be2-486b-9a68-e2b6bb1b6314,3aa5056b-006f-40bb-a5bd-cefbbedf66c4,2025-11-26,present
275ced39-b46f-4ffe-8f3d-89b784aed901,17be69cc-776e-48cb-8129-cbc4c9161d46,3aa5056b-006f-40bb-a5bd-cefbbedf66c4,2025-11-26,present
3349512d-b893-4d9d-877d-aee77c4cd178,8deded09-518f-4ea5-878d-288296651651,3aa5056b-006f-40bb-a5bd-cefbbedf66c4,2025-11-26,present
8297c616-7815-460a-9a95-4645cfaeaf69,1077aa26-9309-43ee-a138-43b0f2806b12,3aa5056b-006f-40bb-a5bd-cefbbedf66c4,2025-11-26,late
306ad84d-e3b2-496f-a25b-b6e012fa5019,6a28b269-5db5-45c1-a836-602f6fd311d3,3aa5056b-006f-40bb-a5bd-cefbbedf66c4,2025-11-26,present
a7de3bda-3322-4384-83ee-33f153c451bd,585dcfc6-038f-495d-98f7-ac5afa4754bb,3aa5056b-006f-40bb-a5bd-cefbbedf66c4,2025-11-26,present
178dab86-f8d0-4d4a-9df7-c6591854c7d9,95cc81eb-0e86-4c9e-be3e-fe3fc1f0ac3f,3aa5056b-006f-40bb-a5bd-cefbbedf66c4,2025-11-26,present
a367b6c6-eb12-476f-8c47-2de7d6ffe908,e83fd51a-5233-405e-b975-efc6518f892c,3aa5056b-006f-40bb-a5bd-cefbbedf66c4,2025-11-26,present
04f25352-2d2a-4a73-8f31-350caba45124,b4bc91ba-7b2e-4c40-ba6d-9dab0c28ad21,3aa5056b-006f-40bb-a5bd-cefbbedf66c4,2025-11-26,late
522d04a5-7f4b-4e55-a402-f4369d657d35,b9eb8e8d-d34b-49fd-81c6-b6b0aed88887,3aa5056b-006f-40bb-a5bd-cefbbedf66c4,2025-11-26,present
a66ab158-0daa-4b1a-8247-3fdaf6ee6c04,843ae92e-8c6c-483d-8397-0bc8ef8151f5,3aa5056b-006f-40bb-a5bd-cefbbedf66c4,2025-11-26,present
81ef1e5b-3344-409e-88cd-6a0527583a93,c5e41799-1632-49dd-9590-b33ee1f0dcfc,3aa5056b-006f-40bb-a5bd-cefbbedf66c4,2025-11-26,late
ef8447fa-54c6-47bc-bb6e-bdf54aabfb66,36736320-7ce3-455f-b126-4491f930a8f8,3aa5056b-006f-40bb-a5bd-cefbbedf66c4,2025-11-26,present
94235686-f58f-4eef-923c-ca6e0bda3898,035bddca-8ee8-47a0-a337-80bc489d6642,3aa5056b-006f-40bb-a5bd-cefbbedf66c4,2025-11-26,present
29aaf225-fdff-4809-9e6b-5bd7a3b459f2,7baf3a6c-f8e1-4dd6-a20b-37c737595083,3aa5056b-006f-40bb-a5bd-cefbbedf66c4,2025-11-26,present
65f81d4d-52b5-413a-bf55-50828f4664ae,fbe412fd-75de-4b44-997c-95bbffcbfe91,3aa5056b-006f-40bb-a5bd-cefbbedf66c4,2025-11-26,present
8abf3dd5-3149-4591-b6a6-8212b1666a07,2ebe057f-2eef-4522-97e4-119c290da007,3aa5056b-006f-40bb-a5bd-cefbbedf66c4,2025-11-26,present
4efd1e96-219a-46ac-b87b-c33f822b4194,cf64bd60-c10f-43f1-bfc3-89010cbd69bc,3aa5056b-006f-40bb-a5bd-cefbbedf66c4,2025-11-26,present
299c77d8-af2b-437a-bec5-27b38b2eb512,a13a4590-5bf0-4929-a530-afd08faa80da,3aa5056b-006f-40bb-a5bd-cefbbedf66c4,2025-11-26,present
9ca281eb-b27f-4f96-a944-f73dc9f9bd9f,ccef44cd-2a74-4a2b-98ac-aefbe22d4f17,3aa5056b-006f-40bb-a5bd-cefbbedf66c4,2025-11-26,present
231ea3a6-6857-46b6-89f3-8e0b7ea53b55,7e9f1636-23ec-4ef3-9208-8fbdae1fcc31,3aa5056b-006f-40bb-a5bd-cefbbedf66c4,2025-11-26,late
4f916013-e085-49ae-9dda-28684cad8215,449fbc07-a3b6-4dff-bebf-8602ff58538a,3aa5056b-006f-40bb-a5bd-cefbbedf66c4,2025-11-26,late
a87b128f-6c50-44cf-b32d-b273022abb93,ce14e730-2def-49bc-8c92-f6cbe40001c8,3aa5056b-006f-40bb-a5bd-cefbbedf66c4,2025-11-26,present
d62e090c-784f-4d90-82c7-7fa8b57be269,61ff6b72-4ed8-4579-b6eb-951048f440a8,3aa5056b-006f-40bb-a5bd-cefbbedf66c4,2025-11-26,present
39987c82-6fe5-4ac2-a147-59a4f6d9f9c4,d99c9370-0313-4923-aeab-391f345da81d,3aa5056b-006f-40bb-a5bd-cefbbedf66c4,2025-11-26,present
562b73ed-b0ca-4994-a2be-ddc3da41c598,5a50bbae-98c6-4ad7-a278-9b3fc1b5cee5,3aa5056b-006f-40bb-a5bd-cefbbedf66c4,2025-11-26,present
7449acdd-81a3-45fa-9584-b87856f849fc,c0d6875a-3d80-4546-8f50-7c4eafcd0f28,3aa5056b-006f-40bb-a5bd-cefbbedf66c4,2025-11-26,present
478e0893-c83b-4ca7-ae03-fabcc7c3be26,247cc5ff-5da1-4a6f-9821-590dc9ebf1cb,3aa5056b-006f-40bb-a5bd-cefbbedf66c4,2025-11-26,present
ed404c41-d613-4c0f-a14e-9464861cb7d6,ecfd41c6-9034-4530-abf8-beeb257f6dce,3aa5056b-006f-40bb-a5bd-cefbbedf66c4,2025-11-26,absent
351458dc-8743-4685-9cfe-32da53820d18,4df6eba8-a1f9-4824-8e11-604d48e2122b,3aa5056b-006f-40bb-a5bd-cefbbedf66c4,2025-11-26,present
6d8ba737-b09e-4f6e-9f1f-4979e9f951d0,6b3a5972-64ba-4d5b-960e-ae2d96c87f55,3aa5056b-006f-40bb-a5bd-cefbbedf66c4,2025-11-26,present
747ac966-59d3-47a4-934e-3dda48bbaacd,2ae76cfe-a2cf-4747-8197-65f609e99f5c,3aa5056b-006f-40bb-a5bd-cefbbedf66c4,2025-11-26,present
92294c5f-3f3d-4e56-a793-3f5b6c622a4f,6d19c567-6871-4b81-9023-801101d960c7,3aa5056b-006f-40bb-a5bd-cefbbedf66c4,2025-11-26,present
d479feb3-3545-4dd1-90a4-156da0c85ea3,79b14cb3-0d0c-4440-ba46-2ae841e60dfa,3aa5056b-006f-40bb-a5bd-cefbbedf66c4,2025-11-26,absent
447f5e82-2216-45c9-b3a7-6686f51f8632,ea43975d-c1f5-4bbc-aa88-a47831ad6eb3,3aa5056b-006f-40bb-a5bd-cefbbedf66c4,2025-11-26,present
47b5b71d-8431-46a0-9f24-bb859a9140b5,939ad88f-56bc-4c19-a15d-61477520d090,3aa5056b-006f-40bb-a5bd-cefbbedf66c4,2025-11-26,present
4d112afe-0efb-4975-9941-892ef81e1539,c93ca0b7-baa3-406f-831f-0225d1ab3f8a,3aa5056b-006f-40bb-a5bd-cefbbedf66c4,2025-11-26,present
96a22d5b-3d85-44bf-b8be-6e21f5f28c31,fb0f41ba-0e86-4a23-9a58-64aeecb17b2e,3aa5056b-006f-40bb-a5bd-cefbbedf66c4,2025-11-26,present
cbbdc8a8-2f2a-44fb-8178-a8252805e709,a59ee7e4-f195-4ff1-b0d7-f2e2ac68dc45,3aa5056b-006f-40bb-a5bd-cefbbedf66c4,2025-11-26,present
0c8cf49f-a849-4163-a431-272a69d357c9,c582077c-a862-4dfa-a9d7-8004557883aa,3aa5056b-006f-40bb-a5bd-cefbbedf66c4,2025-11-26,present
6cfc0676-2bbf-4537-b1b6-47bc60eb6b3d,533c404a-cd16-4139-be97-243d53116bad,3aa5056b-006f-40bb-a5bd-cefbbedf66c4,2025-11-26,present
90f156e1-ea35-4042-933c-7b0dbe5ae4db,e6598944-8a9c-4e86-9ab2-abf8934dd52d,91f7269c-0fa7-463e-841c-3b20a8854577,2025-11-25,present
f451c0b1-665a-4233-8cb3-dcc6dbc45b54,f65d6a60-3d1f-4458-8ee7-9f4fb4ce006b,91f7269c-0fa7-463e-841c-3b20a8854577,2025-11-25,present
9dfb247f-bb3f-4cea-b71c-9bb05be0264b,91b03cc1-8b57-4f24-aed2-88cfc7448add,91f7269c-0fa7-463e-841c-3b20a8854577,2025-11-25,present
56b1717b-5dfe-4790-aec4-f8c4dd947648,89e5e760-8205-4b37-aa57-9e84196b2ebc,91f7269c-0fa7-463e-841c-3b20a8854577,2025-11-25,absent
a0f187be-d389-4e61-8d23-4c74978369f4,a21e67a1-d192-49a7-b58c-efc4f2b0cd40,91f7269c-0fa7-463e-841c-3b20a8854577,2025-11-25,late
bdee3ebb-787c-4c9f-903f-b162205a682f,a58c390c-655e-40f5-bf6b-c77e56d0f722,91f7269c-0fa7-463e-841c-3b20a8854577,2025-11-25,present
4db7c7a4-1dce-43b2-bc37-e8ec257307ee,f01d5a72-4f6c-4665-81d2-9ab4ed885485,91f7269c-0fa7-463e-841c-3b20a8854577,2025-11-25,present
f72626e5-88ab-4a34-a8da-540c415a74dc,5029ca7d-14d1-4a95-ba62-82b52935c35c,91f7269c-0fa7-463e-841c-3b20a8854577,2025-11-25,present
388d2ae3-96d3-4624-b595-de26e8b49cfb,2aca9039-4fbe-40d2-8d57-2f6a0821c203,91f7269c-0fa7-463e-841c-3b20a8854577,2025-11-25,present
256285a3-b190-4b3c-ba02-c3f872ce6431,79d54205-289e-4bca-bea5-f90692cb5f0c,91f7269c-0fa7-463e-841c-3b20a8854577,2025-11-25,present
8bf6457f-fe2a-4434-b0cc-307d677d161b,acb854f8-aba5-4023-bf1d-449013cb3448,91f7269c-0fa7-463e-841c-3b20a8854577,2025-11-25,present
d9d35e83-b3ef-4ac5-a4bf-19d17a7d1375,d8cd30e1-60e4-4182-84c3-9eae933739a0,91f7269c-0fa7-463e-841c-3b20a8854577,2025-11-25,present
23bc38b0-a681-4e9a-a029-66116cf7b47a,37d70e87-1953-4cda-ae45-29aef9a0af82,91f7269c-0fa7-463e-841c-3b20a8854577,2025-11-25,absent
de42f299-863a-491f-8ad7-e95369342d98,3e1b877a-ae26-4d23-a0ee-ac8e408245f9,91f7269c-0fa7-463e-841c-3b20a8854577,2025-11-25,present
074746a8-5dc4-4dc2-9a63-74bfef77658b,401828ff-98fe-4bcc-9447-f4b1ca9d8959,91f7269c-0fa7-463e-841c-3b20a8854577,2025-11-25,present
0ee21c5d-daa7-4d42-8461-501c2910ad15,f2a19665-2f75-4f5c-85ec-cc12ef6d8b82,91f7269c-0fa7-463e-841c-3b20a8854577,2025-11-25,present
9a1a577f-5667-4901-9c19-309e266c6581,776a3ab5-df87-499b-b59c-490066d1bf16,91f7269c-0fa7-463e-841c-3b20a8854577,2025-11-25,present
a10d1c17-a16d-4d76-9f01-3b79a4be6a9e,26929bcf-6c9f-4995-ad08-c185e6ed9dc9,91f7269c-0fa7-463e-841c-3b20a8854577,2025-11-25,present
9d03a44b-7131-4642-9e0f-68fbc2edba08,60238837-b652-45ee-8084-57b958365ccf,91f7269c-0fa7-463e-841c-3b20a8854577,2025-11-25,present
6445c290-f421-448b-b34a-f91de3ec78ad,c91489f9-350e-4222-a384-330cca8e6aab,91f7269c-0fa7-463e-841c-3b20a8854577,2025-11-25,present
6b3be727-cd43-418a-9454-4bbfc760bde3,6003c120-863c-4905-9067-5fd00ed1cb8a,91f7269c-0fa7-463e-841c-3b20a8854577,2025-11-25,present
8dbf4dd3-6bd4-4469-92e7-e210ece54395,569754b8-acb2-4e27-a330-3234d1dd7e63,91f7269c-0fa7-463e-841c-3b20a8854577,2025-11-25,present
77b6dbfc-379f-4055-9c07-8281a914e241,c8704661-ea4f-4259-a4fb-920b2a98e0c5,91f7269c-0fa7-463e-841c-3b20a8854577,2025-11-25,present
f8a8c614-3714-40c1-9456-f1c4921762f7,110a5e96-2ca4-4d15-9770-3ea3b9c54736,91f7269c-0fa7-463e-841c-3b20a8854577,2025-11-25,present
da8e0768-c164-49d5-b3b7-094a3ae30ee1,a77d469c-b240-49d1-9511-2f292d31d5ff,91f7269c-0fa7-463e-841c-3b20a8854577,2025-11-25,present
86d26b5a-e010-47fd-aed6-ad677925ea71,7f0b64de-9566-46e5-ad8f-45f53350347a,91f7269c-0fa7-463e-841c-3b20a8854577,2025-11-25,present
9bd3ff7b-a65e-4a9e-b582-a220910ba3c1,45303546-9902-4126-bfc1-9d2d7fb5c7f5,91f7269c-0fa7-463e-841c-3b20a8854577,2025-11-25,present
677d85eb-c4b5-4998-8001-3aa309d9c22c,a4d80272-4a74-4883-83af-4193ed71a4d3,91f7269c-0fa7-463e-841c-3b20a8854577,2025-11-25,present
a9bb557e-6400-491e-af93-1a7b55de59e9,21683407-a094-4656-9678-8a975e72eeb1,91f7269c-0fa7-463e-841c-3b20a8854577,2025-11-25,present
dfdceddc-4e7c-419f-8988-69baee769d3a,8a4bcb07-f85f-4553-ac24-55a326b18502,91f7269c-0fa7-463e-841c-3b20a8854577,2025-11-25,present
ed2f37b4-c1de-42ea-9ddf-6b38087ab7ef,9b9ff424-0a26-4761-9de4-e8610799272a,91f7269c-0fa7-463e-841c-3b20a8854577,2025-11-25,present
82c64f97-4b05-4ea6-b5fd-578593253233,69ac85c6-7831-432c-9f66-f41637994744,91f7269c-0fa7-463e-841c-3b20a8854577,2025-11-25,present
3ed7fe41-85bd-4241-bd15-c4048076c9a6,eb70f822-783c-4130-884b-c363dfd420c2,91f7269c-0fa7-463e-841c-3b20a8854577,2025-11-25,present
51596730-9812-4a1f-860f-4b8b703878a9,5b81bad7-c488-405a-88ad-e97db3cc95f9,91f7269c-0fa7-463e-841c-3b20a8854577,2025-11-25,present
970d7c6f-f828-4844-b0c1-f1bc198f23e2,4612f03b-2086-491a-897a-5ef87d5e743c,91f7269c-0fa7-463e-841c-3b20a8854577,2025-11-25,present
3c2c28b0-fab0-42d6-8d30-7f2256c0ae15,fec264ce-289a-46d2-ae6a-775534c865a6,91f7269c-0fa7-463e-841c-3b20a8854577,2025-11-25,present
e2c716f9-b31b-4e61-848c-d3148e7555d5,de4b262c-e3f7-4bc6-aa9f-234668dab835,91f7269c-0fa7-463e-841c-3b20a8854577,2025-11-25,present
f410e09d-47b9-48c8-9e57-faba246cdb1c,1cbc7444-026e-4910-b868-28a82f77222e,91f7269c-0fa7-463e-841c-3b20a8854577,2025-11-25,present
052d4144-39a5-4d64-bc0c-8038ac0e444a,c6d91a39-a900-4d1b-bb8a-f5bf8bef07cb,91f7269c-0fa7-463e-841c-3b20a8854577,2025-11-25,present
a39e7ae3-88eb-4d46-9d7e-8e8974ee7a2b,64b1e9a9-b776-4f47-a3be-70bc2ea10c1d,91f7269c-0fa7-463e-841c-3b20a8854577,2025-11-25,present
6b9eb584-223c-453e-ae86-7a2015bcfc4e,efa422ce-a7d0-4e9e-8510-be05dc7e3f3f,91f7269c-0fa7-463e-841c-3b20a8854577,2025-11-25,late
a85916f2-3bfd-4b06-a301-b8edede0e42c,1473c578-7954-489f-bdff-d8ef3e11b39d,91f7269c-0fa7-463e-841c-3b20a8854577,2025-11-25,present
0a454396-13a4-4f68-abf3-99ff0485c973,58d9a040-0f4d-4fba-a3c7-de428b4afbc9,91f7269c-0fa7-463e-841c-3b20a8854577,2025-11-25,present
edff8dae-dbce-4321-a149-3ae7490925a6,3d913445-4ae5-401b-b60f-32e6a0c2e6ac,91f7269c-0fa7-463e-841c-3b20a8854577,2025-11-25,present
75809acb-446d-4a58-ae72-e106a4d8c619,ab7d22d2-fb92-4cd5-9c64-c886b0e8a831,91f7269c-0fa7-463e-841c-3b20a8854577,2025-11-25,present
91b50502-7b02-437d-b53d-bd70d85c4786,16b3321a-d195-456a-9492-345689c2792e,91f7269c-0fa7-463e-841c-3b20a8854577,2025-11-25,present
77e56c64-bcb8-45b9-a22e-65c5ae9852bf,98576c69-2546-4f42-b668-d7549ec733a9,91f7269c-0fa7-463e-841c-3b20a8854577,2025-11-25,present
836960c1-4871-45b2-b62d-1776455b3cc2,648b60fb-47a6-4c23-8dd6-80ccb0961d86,91f7269c-0fa7-463e-841c-3b20a8854577,2025-11-25,absent
da31a75b-ac96-4ccc-9aff-82b8016ebcf8,b0939c39-88c6-426e-8cec-9781821fc5e6,91f7269c-0fa7-463e-841c-3b20a8854577,2025-11-25,present
7f48463f-b11e-457a-9a9c-01465d7aa89d,80e6c402-b1a2-4450-b92e-6dd04ef057ef,91f7269c-0fa7-463e-841c-3b20a8854577,2025-11-25,present
5661e24e-f7c1-4777-ba9f-0386fcf79472,76a9e6f1-b6e1-4032-beac-de12ac07542b,91f7269c-0fa7-463e-841c-3b20a8854577,2025-11-25,present
168c0f82-f629-4137-93e5-e31e10c6e9cf,2598f9ab-f396-48ff-be98-93c9cd5898a9,91f7269c-0fa7-463e-841c-3b20a8854577,2025-11-25,present
b53eea91-3720-4299-9a25-0749d0e2c8dd,68269809-1f23-4198-bf3b-6d72744c8054,91f7269c-0fa7-463e-841c-3b20a8854577,2025-11-25,absent
989cec7d-d527-47e0-a6b3-f15ff04805c9,75421033-1521-437f-a0b8-ac0428dd4487,91f7269c-0fa7-463e-841c-3b20a8854577,2025-11-25,present
28676a21-d792-4c0d-8f8a-43ffb87de567,49e313b7-0399-49d9-8e69-30b8226e7982,91f7269c-0fa7-463e-841c-3b20a8854577,2025-11-25,present
e7153333-9cc4-4d95-81d1-d1b1de8990f1,4a5ec7e1-8600-4066-9f74-204dd55927d7,91f7269c-0fa7-463e-841c-3b20a8854577,2025-11-25,present
d7f65842-d653-40b4-9fb9-4f2aae071a4c,c194041f-0151-46c9-969f-14891966dc03,91f7269c-0fa7-463e-841c-3b20a8854577,2025-11-25,present
e41a2b7d-0905-462e-85ce-4ac3c97b59c0,65b5e20e-03f2-4ac9-a7e8-931744142f6c,91f7269c-0fa7-463e-841c-3b20a8854577,2025-11-25,present
71f1c65b-a4f1-48c0-a43c-d8e653e3465d,d3c69972-38fa-4b75-8c0f-fa8f0718d45f,91f7269c-0fa7-463e-841c-3b20a8854577,2025-11-25,present
fa9b9e36-9e86-479c-864a-9dd6a9c6df48,ff38e41e-8f7c-4e55-a864-d4592ece0dd4,91f7269c-0fa7-463e-841c-3b20a8854577,2025-11-25,present
91c4720e-28d3-49da-9007-7c485e7c9328,0d72c4fa-ecec-4fde-b064-9390d036fc93,91f7269c-0fa7-463e-841c-3b20a8854577,2025-11-25,present
aa5868c1-a88c-40f3-8054-9041fbee5223,eb094394-0c18-464a-940e-3f3a59f8d07f,91f7269c-0fa7-463e-841c-3b20a8854577,2025-11-25,present
ef880455-b43f-4a04-9fcc-f87863b7f638,a73ab2b8-15be-462d-b7bb-ef1b47b1f5d6,91f7269c-0fa7-463e-841c-3b20a8854577,2025-11-25,present
897f5719-f7b3-4068-8251-1c33f526bdd8,d719165f-11a9-4680-8f02-2c44f6aa53a3,91f7269c-0fa7-463e-841c-3b20a8854577,2025-11-25,present
af30be86-16d1-41f6-b6c7-9f28745491ad,ba2a934f-1ea9-4846-8f4c-8d385ebe9d33,91f7269c-0fa7-463e-841c-3b20a8854577,2025-11-25,absent
127b68f5-a28f-4117-a579-0c6dca3f6da1,d4cb308a-1dd4-488f-991b-46a97437b130,91f7269c-0fa7-463e-841c-3b20a8854577,2025-11-25,present
5088998b-5916-426f-9131-529ef52efc7a,9f5f1671-ad86-47b9-bbf8-f8c847302cae,91f7269c-0fa7-463e-841c-3b20a8854577,2025-11-25,late
f742fd55-7884-48b8-984d-13b791dc3da3,835954fd-9314-4a68-b0a9-757d91860e83,91f7269c-0fa7-463e-841c-3b20a8854577,2025-11-25,present
0c276240-644c-4651-b7e4-53ec15783eed,a6e237fc-7749-41df-ae61-850b56e9f022,91f7269c-0fa7-463e-841c-3b20a8854577,2025-11-25,present
d868f2df-466d-4f8b-9694-b56798b72ece,c8f27bd0-ad33-4d73-9c3f-28a6d4ccdc3c,91f7269c-0fa7-463e-841c-3b20a8854577,2025-11-25,present
2f1ced60-b842-48ca-a676-2317422af83e,bc6bbcf8-11f3-477d-9ab0-b9c074bca9b2,91f7269c-0fa7-463e-841c-3b20a8854577,2025-11-25,present
b89afa6c-9d69-4f3a-a124-e4c0c3ffbee6,bd74966a-3598-4827-b29d-f1a73422034a,91f7269c-0fa7-463e-841c-3b20a8854577,2025-11-25,present
8fc5bcbc-ed21-48a8-b721-fc66578aad3c,8709a7ef-a978-498b-bdda-bc572500936c,91f7269c-0fa7-463e-841c-3b20a8854577,2025-11-25,present
43024140-9246-435c-9079-62b0f6038040,69ec3f3a-220d-45a0-a1f4-40034bd81cbd,91f7269c-0fa7-463e-841c-3b20a8854577,2025-11-25,present
b9ea2761-eaeb-4ff1-aecf-e1e792fcc667,14211399-627d-4d2b-a801-6c2f773e8155,91f7269c-0fa7-463e-841c-3b20a8854577,2025-11-25,absent
a2adfb90-f051-4bc3-9fac-dc8ff9cd0783,fa522982-6412-402d-a16d-989f2e510279,91f7269c-0fa7-463e-841c-3b20a8854577,2025-11-25,late
f7d1b404-0516-4715-9af5-a46cd3bc21c2,2f4f941e-db89-497e-bc1e-2878c42b1600,91f7269c-0fa7-463e-841c-3b20a8854577,2025-11-25,present
670bb8ee-d616-43af-b01f-b3d69acb4a1c,3aad3dd9-d06b-4dd7-b08f-c783b5104dec,91f7269c-0fa7-463e-841c-3b20a8854577,2025-11-25,present
ca7ec934-7687-4b17-ba93-9bf2fc345af1,a7df3abd-528b-4f8c-a9f0-3c288130efce,91f7269c-0fa7-463e-841c-3b20a8854577,2025-11-25,present
925b60f5-ecc1-4b2a-91d1-13c6f17fe93e,a90eafb9-e396-4697-9a33-1e5fcb63a63c,91f7269c-0fa7-463e-841c-3b20a8854577,2025-11-25,present
82e0a8d9-1cf6-4109-bba6-003f3f2f3e57,9480dc48-6b4d-4d64-bd66-03a4e5467ef5,91f7269c-0fa7-463e-841c-3b20a8854577,2025-11-25,present
739534f3-df5c-4aad-a918-442103272ef4,3dcf7823-21e2-4348-ba5b-3a28555124bd,91f7269c-0fa7-463e-841c-3b20a8854577,2025-11-25,present
26774301-5fec-410a-94f6-5baa635f2652,3afd6393-ad0c-42c9-8b43-a3b3677a2839,91f7269c-0fa7-463e-841c-3b20a8854577,2025-11-25,present
a81b4c66-5757-4430-b194-79028b382f4e,fa7b47dc-a084-4c98-97b0-7e711d3a45f8,91f7269c-0fa7-463e-841c-3b20a8854577,2025-11-25,present
359153d5-5931-43aa-80d8-36c528d07d2b,a2d25af3-ad74-4263-88fa-bac6e0134469,91f7269c-0fa7-463e-841c-3b20a8854577,2025-11-25,present
0946fa65-0922-42b2-8b9e-b9cb57221775,e668663b-8813-4b30-bc4a-aeb09de453b0,91f7269c-0fa7-463e-841c-3b20a8854577,2025-11-25,present
a0173c90-5fb9-4386-a4d8-83e94681d064,f49835b6-6198-483f-947d-e6d755d827ed,91f7269c-0fa7-463e-841c-3b20a8854577,2025-11-25,present
0446f20f-f3aa-43ab-a698-16c48504d889,fd03c88d-fb45-4a28-9192-afd81cedbe0d,91f7269c-0fa7-463e-841c-3b20a8854577,2025-11-25,present
53bd2ee9-b656-4a40-9ea3-074d6750c923,c71c2fba-b413-420d-9926-f66b50185c12,91f7269c-0fa7-463e-841c-3b20a8854577,2025-11-25,present
28e2849b-a7c6-4698-a500-34167d53a62f,239c48c1-3b0e-42ae-bfff-8f4b887b802f,91f7269c-0fa7-463e-841c-3b20a8854577,2025-11-25,present
08003220-4da9-4ce2-816d-13557b568d4b,2100a65a-4e14-46b7-b3c8-79e3ee2e760e,91f7269c-0fa7-463e-841c-3b20a8854577,2025-11-25,present
04ab5fc8-de2f-4c2f-80a6-93cc71e08b18,0149a44b-de0d-4c81-b1fd-788cec68f742,91f7269c-0fa7-463e-841c-3b20a8854577,2025-11-25,present
a71d5eff-230c-4e50-82aa-3ed9cf084a80,4f967b70-1b4c-4cf5-9135-05454160636c,91f7269c-0fa7-463e-841c-3b20a8854577,2025-11-25,absent
6900f629-7f92-45a9-a8e3-ff000cc18d5b,86aea6b6-f430-4a1e-a8fc-81676bf654a5,91f7269c-0fa7-463e-841c-3b20a8854577,2025-11-25,present
24d8c2cd-81f0-4f04-ae00-b889d6608da5,afa11c28-5d70-41b2-92cd-a9049723a802,91f7269c-0fa7-463e-841c-3b20a8854577,2025-11-25,present
7393f9db-e801-4fa8-871c-483bd1a4fd1e,17a7878a-e32c-4c71-84ec-25cad69277a2,91f7269c-0fa7-463e-841c-3b20a8854577,2025-11-25,present
089762fb-6fc0-4e18-bd08-b151f370d6e9,cf610d93-50ed-416c-b763-7af9304ec101,91f7269c-0fa7-463e-841c-3b20a8854577,2025-11-25,present
21402a24-c726-45e4-83e0-1825cdcb3c74,9d54ed58-78cc-4415-a505-a8ceca4143af,91f7269c-0fa7-463e-841c-3b20a8854577,2025-11-25,present
95d9ef34-26e4-45ef-bf9d-92c4e6112e6f,4c5cfbe5-8bbd-4ee9-a5f6-4cc91fef100d,61603fd2-53a1-437d-8f3a-35641cbc767f,2025-11-25,late
2e3b7794-e805-4a82-be5c-5c2b01a76aa4,77db77f2-99af-48df-8692-ac176ec2b653,61603fd2-53a1-437d-8f3a-35641cbc767f,2025-11-25,present
69c935fd-e8a9-4c88-8eff-93260bd1d6e9,11091381-64fb-4762-b766-7c3f53e6b0c7,61603fd2-53a1-437d-8f3a-35641cbc767f,2025-11-25,present
131294e0-cc1e-45b8-87fd-6ba765031b35,bf8b6c8a-297f-41d9-ab50-3ed6f491d492,61603fd2-53a1-437d-8f3a-35641cbc767f,2025-11-25,absent
e6f3f129-5621-460b-91da-decbd8c8f3da,d9c20128-ead3-4f71-9b6e-88da1dbb74f4,61603fd2-53a1-437d-8f3a-35641cbc767f,2025-11-25,present
85de030f-8ec8-4d1d-9b75-b8d30eb303cf,bfc6f425-25fa-49c6-a59b-242972e66158,61603fd2-53a1-437d-8f3a-35641cbc767f,2025-11-25,present
d1c40b05-9d99-4e09-8359-28a692e38a66,1893c2e2-71f0-4d36-a465-170e5384cfb0,61603fd2-53a1-437d-8f3a-35641cbc767f,2025-11-25,present
8798ddb0-4bb8-4e66-a0bc-f8e9a08f6e37,e51616c1-7344-4631-8c1a-5f2dbdfaa847,61603fd2-53a1-437d-8f3a-35641cbc767f,2025-11-25,present
26433bb0-4e17-42ac-accb-a96246eb44db,14ef30e8-b3d9-4414-8c90-6dcc67e82083,61603fd2-53a1-437d-8f3a-35641cbc767f,2025-11-25,present
b55fc9f7-103b-4f30-844a-67c8807c2301,48aac26d-c3d2-4911-9dfa-4fee387a672a,61603fd2-53a1-437d-8f3a-35641cbc767f,2025-11-25,present
226f619f-08f8-42ca-8bd4-61727351c04c,623363a3-a637-4ceb-8cb8-9b47069b71fc,61603fd2-53a1-437d-8f3a-35641cbc767f,2025-11-25,present
8f679826-42cd-4724-a738-1d5ffa86c305,747e6156-2096-4d0c-9070-9edd57ec0547,61603fd2-53a1-437d-8f3a-35641cbc767f,2025-11-25,present
6f66bc8a-50d3-45b2-b961-534d76b68c20,9bf72241-ec58-4152-b152-bbb24f24a1fd,61603fd2-53a1-437d-8f3a-35641cbc767f,2025-11-25,present
c8b2a766-aee5-4fae-a0e5-56c9f87fecb2,306ee3da-c62c-4db6-993c-703625383e83,61603fd2-53a1-437d-8f3a-35641cbc767f,2025-11-25,present
31b153fd-88c2-45bc-92c5-a4a3c8db4fca,4c7b1601-4f91-406a-8776-765f3fc8f8f7,61603fd2-53a1-437d-8f3a-35641cbc767f,2025-11-25,present
6a3b30b7-a077-4617-a5df-4fa1727cddbf,dd90c02b-56b0-4ab3-9bf6-12fc8ff8c9f7,61603fd2-53a1-437d-8f3a-35641cbc767f,2025-11-25,absent
83ac8a64-fbb1-4dd8-9067-039929b0d3a9,38c4d102-791b-494f-9539-e7cbcdf2f36f,61603fd2-53a1-437d-8f3a-35641cbc767f,2025-11-25,present
a6657d5a-881d-4dcd-b7d5-175be975f2c0,dea5a081-75e1-45eb-8de3-1b5ea65ac0c4,61603fd2-53a1-437d-8f3a-35641cbc767f,2025-11-25,present
1d9bf155-d27e-4868-bd99-81be4600dee6,37e25409-9c68-449b-9014-8cad94439880,61603fd2-53a1-437d-8f3a-35641cbc767f,2025-11-25,present
ec606052-5a24-4744-9637-fe90bc82df61,5e0b2cad-627d-4f7f-9b25-aef6c73d30c2,61603fd2-53a1-437d-8f3a-35641cbc767f,2025-11-25,present
3987f033-2fab-4d5b-a224-14d110759fec,6b2ab9b7-ed56-463c-a7d6-c65c42315527,61603fd2-53a1-437d-8f3a-35641cbc767f,2025-11-25,late
737b9a50-7f53-4da5-86f5-1baa67b8323d,df209b5f-6ab1-4fb0-a89d-500c917370c3,61603fd2-53a1-437d-8f3a-35641cbc767f,2025-11-25,absent
21ef43fa-1cdd-40f3-bbb1-b2b33774f15b,4de6d862-c112-41ac-8a55-1fa60193bd0b,61603fd2-53a1-437d-8f3a-35641cbc767f,2025-11-25,present
d84002cd-c969-48f0-9666-6c05cfe2d9c0,2a42d558-f450-432b-a661-dec33b17d5e2,61603fd2-53a1-437d-8f3a-35641cbc767f,2025-11-25,present
542e2c0b-b1cc-48f7-b581-d561fae3c30f,189e4108-3b01-4ece-a42c-b5c604bedf2e,61603fd2-53a1-437d-8f3a-35641cbc767f,2025-11-25,present
004df2da-9bd2-49d3-a722-437b8fb94874,26edfa66-de7d-4cf6-be3c-c25a47076290,61603fd2-53a1-437d-8f3a-35641cbc767f,2025-11-25,present
e53b4836-7b51-495b-aa9e-ea4e9d3ab629,88d07fa7-fcdf-429f-8f2a-e20bef271296,61603fd2-53a1-437d-8f3a-35641cbc767f,2025-11-25,present
d7b5124c-7239-427e-9211-306493164860,812e6505-a0fe-46ea-9b7c-c4252662a2fc,61603fd2-53a1-437d-8f3a-35641cbc767f,2025-11-25,present
df0c7b63-64f5-41d4-b405-aebf36497251,4583070c-7bc1-428e-9cd0-c5620d5fc6bd,61603fd2-53a1-437d-8f3a-35641cbc767f,2025-11-25,present
1be19c2a-385c-4591-acb1-9a777361b3d8,ed62d8c7-b7e2-44cb-a5d6-d296010a3e35,61603fd2-53a1-437d-8f3a-35641cbc767f,2025-11-25,absent
d709a76d-88ad-4f96-9100-fb29826192d3,0050e547-3b18-428d-a4f9-ad2eb56622bf,61603fd2-53a1-437d-8f3a-35641cbc767f,2025-11-25,present
a73072fa-94fb-4e26-8ed9-c80fc5e94d96,4bb402ac-3351-4836-a4b4-71098fcd1cd7,61603fd2-53a1-437d-8f3a-35641cbc767f,2025-11-25,present
a6f0ba7b-abf8-4b32-b6ef-056d4d9d5c37,6f4c1c0a-75a4-4996-ae72-7fe9e57c1e8e,61603fd2-53a1-437d-8f3a-35641cbc767f,2025-11-25,present
e7fe4c2b-bcaa-4e21-8cf1-0e0564c05820,5cdfdbbb-d2a5-40c7-85c6-4988f3b51bff,61603fd2-53a1-437d-8f3a-35641cbc767f,2025-11-25,present
dcee331f-8da7-4e43-81b5-95a8f7b2b89b,61597683-bf65-4db7-b694-5daa393d6cec,61603fd2-53a1-437d-8f3a-35641cbc767f,2025-11-25,absent
3e62dbe6-9843-423e-8b17-33c6a475d405,f1392296-1aa4-4fa6-be5c-6242a61cea53,61603fd2-53a1-437d-8f3a-35641cbc767f,2025-11-25,absent
c414308b-36dd-44fc-bede-1d5806fe8532,21ceb7ac-a0d7-4360-89ef-e13e3ad69a9e,61603fd2-53a1-437d-8f3a-35641cbc767f,2025-11-25,present
04032638-7d47-4a05-af97-960b419e97c7,fb3f2451-3bc4-4b75-a015-16144946238b,61603fd2-53a1-437d-8f3a-35641cbc767f,2025-11-25,present
22e7c081-99c1-4072-b612-ee2c0f5778a4,6d59f742-e4ba-4199-a97f-08d77f0c3be2,61603fd2-53a1-437d-8f3a-35641cbc767f,2025-11-25,present
76f52112-f4e0-42f2-99db-114fc3a70a3c,5cf1cd19-a6b5-473b-8ff2-a5a1afee5b0d,61603fd2-53a1-437d-8f3a-35641cbc767f,2025-11-25,present
c98cd146-6eeb-4d66-b97a-c6d08132e42e,e13c9330-68fa-4854-9db9-aec58a4622c6,61603fd2-53a1-437d-8f3a-35641cbc767f,2025-11-25,present
450532f5-53fd-4d1c-88e2-4fa1fb303808,5b8dbf8c-6ca3-46ee-9d5d-e208376cbe79,61603fd2-53a1-437d-8f3a-35641cbc767f,2025-11-25,present
8aa22a72-ec94-4a10-acac-9a645efd6ace,fbdc8ced-6fad-4589-8ed5-dd2936af79fb,61603fd2-53a1-437d-8f3a-35641cbc767f,2025-11-25,present
a1458dc0-ce4e-4449-8e0f-f13da9ecfe42,8f023de6-08a0-4ca6-bb92-8f4b94985f95,61603fd2-53a1-437d-8f3a-35641cbc767f,2025-11-25,present
945443ac-a7bf-476e-a069-e64b32839e82,07e3d9e9-eba0-4764-84e1-e37b1de753f9,61603fd2-53a1-437d-8f3a-35641cbc767f,2025-11-25,present
4df8ebe7-a70e-498a-97e4-ed1a20a14210,1b2d3f9a-7094-4099-b37a-216972f5ceab,61603fd2-53a1-437d-8f3a-35641cbc767f,2025-11-25,late
a84dd2b7-1346-4800-8945-9c660ed263ba,7983dd9d-c8ba-48db-9e84-cf42e62259a5,61603fd2-53a1-437d-8f3a-35641cbc767f,2025-11-25,present
670a2a36-d501-49c4-8397-17cdc44398d3,0b58f4b5-a1b3-47e6-9f7d-35861b81cce7,61603fd2-53a1-437d-8f3a-35641cbc767f,2025-11-25,present
0f758e72-9f11-4d3d-b358-30a212fbfe56,a64580d4-6d65-4670-a0f6-a941325bab80,61603fd2-53a1-437d-8f3a-35641cbc767f,2025-11-25,present
b1e57716-44b2-4f66-9555-3024cc074629,f8c3df1a-3d49-4b2f-ae0e-4ba50db27338,61603fd2-53a1-437d-8f3a-35641cbc767f,2025-11-25,present
c8846f4b-3a18-4cb3-86a4-f5b82bc58250,192568e9-53ea-4f7d-8433-7914a06e4e25,61603fd2-53a1-437d-8f3a-35641cbc767f,2025-11-25,present
32aab46d-f7c6-420f-aee3-eceddf85bd30,54fde65f-e67d-4ea9-948f-4ab8a73b2339,61603fd2-53a1-437d-8f3a-35641cbc767f,2025-11-25,present
9cd198b8-3983-44fb-8191-a5a135db3ab3,1c5741e4-2885-47ae-b64b-9c78e4ebc77a,61603fd2-53a1-437d-8f3a-35641cbc767f,2025-11-25,present
4c35529b-c1f2-40e4-b079-068216d1f77b,41c0c637-dbdf-4462-9311-e6c97f2df445,61603fd2-53a1-437d-8f3a-35641cbc767f,2025-11-25,present
3d7913e6-ce89-4b7f-8354-aad828f08250,3723ae89-6d82-4817-b53b-ca493eb7c243,61603fd2-53a1-437d-8f3a-35641cbc767f,2025-11-25,present
d8fe9a7c-eb19-437c-b3a3-7d13e981929d,3fec3b12-b5f7-4c53-95fa-40e9854a706c,61603fd2-53a1-437d-8f3a-35641cbc767f,2025-11-25,absent
1e77ea87-9f06-4347-beda-fae3414404c8,e4ef615e-d10a-4017-900c-2d8777206729,61603fd2-53a1-437d-8f3a-35641cbc767f,2025-11-25,present
67d0d300-48b2-4892-bba7-4dffd9036057,d39eab48-b1dc-464e-ab19-d09eee764279,61603fd2-53a1-437d-8f3a-35641cbc767f,2025-11-25,present
f34dfcfc-6e6c-4b91-9e1d-1316258e3d46,b08de2d7-ecc7-4a58-bcf1-78e776de08ab,61603fd2-53a1-437d-8f3a-35641cbc767f,2025-11-25,present
1b1b571a-b126-42af-8f6d-f77e4518b48a,e1e42701-d1a7-4a0c-910c-49a2c697f498,61603fd2-53a1-437d-8f3a-35641cbc767f,2025-11-25,present
e1e106b6-9551-48ae-9b81-934bc71dfb4d,7b7ef03f-1807-4d00-90dd-d167d5c5cc69,61603fd2-53a1-437d-8f3a-35641cbc767f,2025-11-25,present
39db121d-676c-4a2b-bfd1-46b545aa8e56,d8d4fe6d-5755-46ca-8059-573bc24e1108,61603fd2-53a1-437d-8f3a-35641cbc767f,2025-11-25,present
81671a06-bf9f-4dff-880e-3a91765f63e3,fa78c0fe-d300-4279-923e-c32ed908040f,61603fd2-53a1-437d-8f3a-35641cbc767f,2025-11-25,present
7ac25bb7-8408-4c4d-81a2-66d449770634,a528fae2-5b20-41a6-bf49-62de3e1b307b,61603fd2-53a1-437d-8f3a-35641cbc767f,2025-11-25,late
c5336e1c-fbf3-4f7e-b498-ec818f1c67e4,d77ed34a-e69a-46b7-b938-3c06f97410e5,61603fd2-53a1-437d-8f3a-35641cbc767f,2025-11-25,present
5cb5fd22-e8a1-44a9-aec2-d24239b65f51,53a3a11d-7b96-480d-a48d-20c65725e6ff,61603fd2-53a1-437d-8f3a-35641cbc767f,2025-11-25,present
813b48bd-ff0f-4be9-bfd2-99e2a6880eab,3f8ba5c9-5232-4888-8f53-db9c4bbaf74a,61603fd2-53a1-437d-8f3a-35641cbc767f,2025-11-25,present
6e5a75ae-442b-43d6-94d7-9e7d2db22604,67c0f270-8df3-49bb-8b06-9aaca285aa32,61603fd2-53a1-437d-8f3a-35641cbc767f,2025-11-25,present
eb9d586d-ce9c-4c53-9fa2-12760ff31e3b,f1f5d31d-ff9d-4d66-848d-0038dc25bc61,61603fd2-53a1-437d-8f3a-35641cbc767f,2025-11-25,present
c248c351-91f7-4890-bc51-8050aff79cf6,719947c5-be11-448c-8a59-3eb82aea67aa,61603fd2-53a1-437d-8f3a-35641cbc767f,2025-11-25,present
56966f69-5423-4d47-97a5-d916b677df3a,d8cc8863-688f-440c-9d6c-0663747e92fb,61603fd2-53a1-437d-8f3a-35641cbc767f,2025-11-25,present
486257c0-d082-471f-8d74-f13318f04faa,70cabaa7-712c-46c4-aed1-8b859e38ee4e,61603fd2-53a1-437d-8f3a-35641cbc767f,2025-11-25,present
0f6f85df-9efb-472b-99f6-a050b191cddf,f15a8bce-a04d-4805-b08a-de1d39fad27b,61603fd2-53a1-437d-8f3a-35641cbc767f,2025-11-25,present
998a7c2f-47c3-4370-94d5-c9cf81a3e6e6,b2dce7f8-b7f7-4f12-932a-256b1fe78eac,61603fd2-53a1-437d-8f3a-35641cbc767f,2025-11-25,present
d570cf80-372a-4760-b09a-1802b9a98556,2e202d3e-17f1-4c4a-a51a-8f6dbf4069c6,61603fd2-53a1-437d-8f3a-35641cbc767f,2025-11-25,present
56437e70-ec1a-44d5-bb21-afca680f37d6,6b5b4453-40d7-416f-aeb9-40fd3f448195,61603fd2-53a1-437d-8f3a-35641cbc767f,2025-11-25,present
cc787f48-5c66-4d94-8f8d-263e1da202f6,95a37bc3-0944-4f9c-86dc-0b0101fd57a4,61603fd2-53a1-437d-8f3a-35641cbc767f,2025-11-25,present
d9a5a36b-9cf8-48f1-bd97-b7064a724951,9108efce-bc3c-4c69-b0bd-e9f71dc4e6f7,61603fd2-53a1-437d-8f3a-35641cbc767f,2025-11-25,present
c469eb18-175f-4cad-b7cb-1c22a5a2bac6,93e035ee-5426-43b8-9b83-5b7ac151ff94,61603fd2-53a1-437d-8f3a-35641cbc767f,2025-11-25,present
27cc1e6a-9bea-42d1-9e7d-8e6d5316157f,7be7cddd-6592-4c83-9207-818b04a8bdb8,61603fd2-53a1-437d-8f3a-35641cbc767f,2025-11-25,present
05698bf8-edcf-4eba-a96d-8d2cf07fb3d3,c6c4c82f-0e9c-431e-ada9-9435392810bb,61603fd2-53a1-437d-8f3a-35641cbc767f,2025-11-25,present
ec703241-5a3e-4dfd-81b8-0935f6b24116,d8c88cc2-5ca1-4b26-a8ea-71ca02a763b4,61603fd2-53a1-437d-8f3a-35641cbc767f,2025-11-25,present
ef45aa2c-f9be-4666-8429-62f86def0bf9,bc5af511-99fd-46fc-bc14-d9ba98f50593,61603fd2-53a1-437d-8f3a-35641cbc767f,2025-11-25,present
014b71ce-5696-404b-baa3-efc61fefacc5,2b02af75-5129-4715-90b5-073f04703bf4,61603fd2-53a1-437d-8f3a-35641cbc767f,2025-11-25,present
5480165d-b096-4513-b31b-cc5def809c3d,6be5e892-7ac5-4bd1-9aa7-00c330d0db0c,61603fd2-53a1-437d-8f3a-35641cbc767f,2025-11-25,present
cd8943d2-a493-437a-bfb3-1b1684b59763,24c1eb6c-b81d-48b3-aeca-7f5c9c66cef3,61603fd2-53a1-437d-8f3a-35641cbc767f,2025-11-25,late
368ec497-7c1b-4a6f-9c4f-4c10e7a5927d,ec5b5fea-0075-4b6c-abe0-854748c9ca37,61603fd2-53a1-437d-8f3a-35641cbc767f,2025-11-25,present
fd98ac9b-e117-4af7-9541-c47bf12c8f38,a0d19503-7a97-4859-996b-7cc46bd59f6f,61603fd2-53a1-437d-8f3a-35641cbc767f,2025-11-25,present
d58730ef-2db1-43f9-8573-cf52f3865cb1,f74ba58e-218b-46e4-962e-f694ef144f35,61603fd2-53a1-437d-8f3a-35641cbc767f,2025-11-25,present
805543b3-b436-47c7-8591-ffa6f9db2990,ab23f747-bc0a-4ee9-b2b9-5bb4676f3754,61603fd2-53a1-437d-8f3a-35641cbc767f,2025-11-25,present
3dcfd2dd-25ae-4e57-bba3-f129e6c146c7,ef580604-80b6-4695-b744-bff4581b7ad6,61603fd2-53a1-437d-8f3a-35641cbc767f,2025-11-25,present
fb7bed76-6cfd-4331-b70e-ac1c35be6e6b,efbc47f0-14e2-4ce2-8e8b-8b1652b8423a,61603fd2-53a1-437d-8f3a-35641cbc767f,2025-11-25,present
7faf5824-01d1-40c7-a39b-5e1c43e43628,c7118dcf-1955-4091-afda-77553aa905d9,61603fd2-53a1-437d-8f3a-35641cbc767f,2025-11-25,present
f24d5421-9031-40cb-a273-8de974629a82,be993157-d13f-465a-ac83-152d3b0c2723,61603fd2-53a1-437d-8f3a-35641cbc767f,2025-11-25,present
d4e10611-2e05-4ef1-89ce-666183083e1c,59bc8320-d43c-4541-830c-c13883211cce,61603fd2-53a1-437d-8f3a-35641cbc767f,2025-11-25,present
c1c58fbf-3372-4e3e-9894-94ae1bdea396,b4a4eb9e-dd75-401e-9e4e-dd9e04042385,61603fd2-53a1-437d-8f3a-35641cbc767f,2025-11-25,present
275dc4f6-7325-4d96-8265-42163e2c921e,84088593-3587-40c1-b832-7ae0032adad7,61603fd2-53a1-437d-8f3a-35641cbc767f,2025-11-25,present
4fb5c6ef-2b04-4e3b-b216-15e607be258d,132d8512-1aaf-4d64-8341-41a88eb33488,61603fd2-53a1-437d-8f3a-35641cbc767f,2025-11-25,absent
af64cb9e-bb5b-46ff-b33f-9b8ca3c152b4,d63eea11-950b-4d0d-83e9-9ceff806f922,61603fd2-53a1-437d-8f3a-35641cbc767f,2025-11-25,present
a2e5493f-a60e-40c0-8eb5-2c03afd05295,9f9bc396-ed37-49a5-bd5f-33d90da85a24,61603fd2-53a1-437d-8f3a-35641cbc767f,2025-11-25,present
32d5f4ae-6cf5-4c6f-ac74-e9fc8b188cb0,1a5c5cb8-0e32-443b-b232-c8592e56e3de,61603fd2-53a1-437d-8f3a-35641cbc767f,2025-11-25,present
bed3e416-3713-49cb-9219-9d5a7e5c9916,362513f3-a9ac-48fd-ba95-be6ec8b43755,61603fd2-53a1-437d-8f3a-35641cbc767f,2025-11-25,present
070ae2a8-ef4d-49d8-8a2c-2e8cf67dbef8,8d2b089a-7b95-4b37-ac53-70f03d102b51,61603fd2-53a1-437d-8f3a-35641cbc767f,2025-11-25,present
6ccf2e29-9fea-4269-a301-b6146680380e,ad0a8aeb-fe64-48c8-b8b5-5e9bdf63b475,61603fd2-53a1-437d-8f3a-35641cbc767f,2025-11-25,present
c8b2ffc5-1c92-4df6-8a4d-a279a6f82f83,a1a0a5dd-067d-4d01-a88c-568cfd66cb16,61603fd2-53a1-437d-8f3a-35641cbc767f,2025-11-25,present
8076b951-e774-4756-bd9c-69e4be24869f,623316cf-98ce-4926-b2c4-6a0a87ce609c,61603fd2-53a1-437d-8f3a-35641cbc767f,2025-11-25,present
0df810e9-16d8-4080-a333-031fefb07362,658771f4-0c82-4dcc-91ab-1c646aaf976d,61603fd2-53a1-437d-8f3a-35641cbc767f,2025-11-25,present
7a8f81c7-1558-403f-af2d-2e338545f1b4,f9b0f8e7-6631-4ecd-8114-04a800b2d715,61603fd2-53a1-437d-8f3a-35641cbc767f,2025-11-25,present
a1a913a8-66db-4d26-8a3a-0f75d0275592,e416e58d-d2df-4fcd-93eb-c5ec03483d58,61603fd2-53a1-437d-8f3a-35641cbc767f,2025-11-25,present
afb2d30f-4103-4cff-9c59-08632a5cfd1b,faaaa88e-2986-404c-9c17-2e83f4ae131b,61603fd2-53a1-437d-8f3a-35641cbc767f,2025-11-25,present
a09ef930-0613-4915-8508-3a5d9b2a68b3,91b03cc1-8b57-4f24-aed2-88cfc7448add,0e9c60a1-e364-4156-b37c-4690070d3cbd,2025-11-24,present
0b2d5e76-627f-4da9-b366-b56283d9fb8d,43c357c5-c37a-42b7-b528-c39af38682fd,0e9c60a1-e364-4156-b37c-4690070d3cbd,2025-11-24,absent
6bd12c68-454c-40ce-ba5c-01137d0d4614,f01d5a72-4f6c-4665-81d2-9ab4ed885485,0e9c60a1-e364-4156-b37c-4690070d3cbd,2025-11-24,present
254b871c-a0e4-42c5-b937-d630ef1637cc,f2e92a7f-65e4-48de-9b09-5c44d8b9a0e9,0e9c60a1-e364-4156-b37c-4690070d3cbd,2025-11-24,present
a9767bc3-2f0a-4f25-a72c-a98c21021fa9,86d897bd-9e3a-499b-a77f-cb35615343b2,0e9c60a1-e364-4156-b37c-4690070d3cbd,2025-11-24,present
aeafc4a8-ee53-4457-8d42-81a0c296b282,5d2732f0-8478-4457-b8b3-ea3dd4eaa9ad,0e9c60a1-e364-4156-b37c-4690070d3cbd,2025-11-24,present
c21781b7-485c-4f63-80b4-04752b414a7e,3e1b877a-ae26-4d23-a0ee-ac8e408245f9,0e9c60a1-e364-4156-b37c-4690070d3cbd,2025-11-24,present
634ebfb8-8bf8-4db1-988f-17259edfa43f,299936d1-98ab-4a47-91a0-c54a2a99ffc3,0e9c60a1-e364-4156-b37c-4690070d3cbd,2025-11-24,present
100ecd77-5739-4e94-a804-e84a5e1e132c,6e9fd800-48bd-471c-b6a3-7afec9d9067f,0e9c60a1-e364-4156-b37c-4690070d3cbd,2025-11-24,present
6860d8a9-8f3b-41d7-9895-59ab26ba7440,eec6e0e0-d30e-44fb-8866-0f8190ee6433,0e9c60a1-e364-4156-b37c-4690070d3cbd,2025-11-24,present
ca8489bd-d55d-4a4c-b72a-498ab11bcdf0,ab274b73-74f3-441a-a67f-d16baf3bba5c,0e9c60a1-e364-4156-b37c-4690070d3cbd,2025-11-24,present
02c797d6-d000-49fc-be8a-5d916c0e308c,fdf17f56-88f6-4cdc-a99e-174de64cc13f,0e9c60a1-e364-4156-b37c-4690070d3cbd,2025-11-24,absent
f0ea85ab-1c25-4ada-a49c-398302a9a8cf,a77d469c-b240-49d1-9511-2f292d31d5ff,0e9c60a1-e364-4156-b37c-4690070d3cbd,2025-11-24,present
661f3e17-2aa0-4022-ba3f-72192a983ef3,63e0af7a-48db-4658-90dd-090fdb3a380e,0e9c60a1-e364-4156-b37c-4690070d3cbd,2025-11-24,present
f83a3bea-3423-402b-8d1e-b84cfa0e7062,2ff1973d-d4f4-4fda-a472-d5313ea74ffe,0e9c60a1-e364-4156-b37c-4690070d3cbd,2025-11-24,present
212a88ab-90df-4466-b25b-f1acc3b3602e,2b6404c0-5204-430d-9a48-01ea955f1434,0e9c60a1-e364-4156-b37c-4690070d3cbd,2025-11-24,present
d3f15125-99ce-4f60-b985-dccdf8b3d483,845550bb-0763-4f50-b32a-70c21b73641b,0e9c60a1-e364-4156-b37c-4690070d3cbd,2025-11-24,present
bdbcae1f-5325-4a6f-98fc-8a0d68107c9a,8a4bcb07-f85f-4553-ac24-55a326b18502,0e9c60a1-e364-4156-b37c-4690070d3cbd,2025-11-24,present
0a91879e-1edd-4c97-946b-b50d10722beb,b44457a1-7797-4d87-b0d2-b572f810c2bd,0e9c60a1-e364-4156-b37c-4690070d3cbd,2025-11-24,present
ef945125-0864-43d4-a2a1-2bee6267971a,5b81bad7-c488-405a-88ad-e97db3cc95f9,0e9c60a1-e364-4156-b37c-4690070d3cbd,2025-11-24,present
f097ecea-9056-4abf-853e-6472feaafb3f,edc489eb-28c9-4db0-8d20-32c16c1f68eb,0e9c60a1-e364-4156-b37c-4690070d3cbd,2025-11-24,present
141fa116-e079-4533-b063-01d24f4536c7,29d9cb82-a3b3-4036-9cda-eefedb639c36,0e9c60a1-e364-4156-b37c-4690070d3cbd,2025-11-24,present
1ffbddeb-4422-4f52-a7d3-55c4ad84ab0b,d53eb620-7e65-4d3d-a4aa-8b07b7b5b036,0e9c60a1-e364-4156-b37c-4690070d3cbd,2025-11-24,present
f7f19952-7640-4dbe-9d34-19e929c6a746,b56499d7-d8be-4423-8ffa-cb688ab86a77,0e9c60a1-e364-4156-b37c-4690070d3cbd,2025-11-24,present
888247a0-fa4a-476c-8463-c1616969c373,4612f03b-2086-491a-897a-5ef87d5e743c,0e9c60a1-e364-4156-b37c-4690070d3cbd,2025-11-24,present
1ad61d8f-2a36-4a61-91ed-2910083e462d,de4b262c-e3f7-4bc6-aa9f-234668dab835,0e9c60a1-e364-4156-b37c-4690070d3cbd,2025-11-24,present
864f8268-aac5-4be6-8fbd-08024252e7d3,797ae689-bef8-447f-89b7-9530c0d2aac5,0e9c60a1-e364-4156-b37c-4690070d3cbd,2025-11-24,present
2593d576-28ee-4226-8725-1bbf6d8dea03,b9358d37-4e5d-4cf4-9d96-3102fca69d09,0e9c60a1-e364-4156-b37c-4690070d3cbd,2025-11-24,present
36debf65-5b8f-44d7-9b56-7629ab997bd4,7b1c41b3-af18-47c2-a950-c841fb1d5225,0e9c60a1-e364-4156-b37c-4690070d3cbd,2025-11-24,late
49c4df2d-7177-453f-8998-cc1532135665,efa422ce-a7d0-4e9e-8510-be05dc7e3f3f,0e9c60a1-e364-4156-b37c-4690070d3cbd,2025-11-24,present
6adb244a-ff48-4bd3-991e-36bce693ae99,79c5a94d-db1c-4235-9349-5666b50aba31,0e9c60a1-e364-4156-b37c-4690070d3cbd,2025-11-24,present
f256a7e6-7ea0-4b60-94b8-46913e90c5d2,b1ff019d-124b-4753-812e-02d03eccd2a8,0e9c60a1-e364-4156-b37c-4690070d3cbd,2025-11-24,present
5d635a1b-4d3c-4b6f-96db-7a07e50fc3d1,0d9385d0-fb23-480b-92c6-9bf3f15dd88b,0e9c60a1-e364-4156-b37c-4690070d3cbd,2025-11-24,present
69058c5a-0789-4bd0-91de-6c222d0e4a29,cd52aaad-4e0e-4674-a9e1-b9fb1657581c,0e9c60a1-e364-4156-b37c-4690070d3cbd,2025-11-24,present
c126fd02-9564-4db2-9ff5-32a4ffb3ed49,d40cf516-c89c-4af4-978c-cad2994c8fc9,0e9c60a1-e364-4156-b37c-4690070d3cbd,2025-11-24,present
7b6457ae-f050-441a-9bce-6b31d4ebfc07,ab1ba33c-b232-4ae7-b280-6cbfdc8d0aa5,0e9c60a1-e364-4156-b37c-4690070d3cbd,2025-11-24,present
acc1f7bc-21db-4634-961e-417ff7682bd7,440eed3b-2b51-40cd-b884-a96c9f9b99a1,0e9c60a1-e364-4156-b37c-4690070d3cbd,2025-11-24,present
d6c72f0b-2673-444f-b9bf-507fa9966cb8,1f0a7704-17e4-4ced-96ab-692a7523fe8c,0e9c60a1-e364-4156-b37c-4690070d3cbd,2025-11-24,present
cf0fafd3-55a8-406b-8f7e-d7f40b49d8c1,ab7d22d2-fb92-4cd5-9c64-c886b0e8a831,0e9c60a1-e364-4156-b37c-4690070d3cbd,2025-11-24,present
4f5eec40-2480-4d33-9cb6-3b2bd7aabfd2,dfd620b2-0691-46a8-9296-b36c1a18daff,0e9c60a1-e364-4156-b37c-4690070d3cbd,2025-11-24,present
f424a886-42c5-4da6-a32a-3becc8775e97,8bb84a79-3207-4a7c-8274-1bd98098207f,0e9c60a1-e364-4156-b37c-4690070d3cbd,2025-11-24,late
44164603-6f8f-4219-aec2-24fa6950f464,b76a8368-60e0-42d6-a0ec-930e2cd61017,0e9c60a1-e364-4156-b37c-4690070d3cbd,2025-11-24,present
0ec7ebdf-76c8-4681-b48e-cdbc06ea3f89,16b3321a-d195-456a-9492-345689c2792e,0e9c60a1-e364-4156-b37c-4690070d3cbd,2025-11-24,present
b18e81d8-8aeb-42e0-a26a-0261bc4cab31,098908ac-c7f7-4200-b315-fe32a5c0158f,0e9c60a1-e364-4156-b37c-4690070d3cbd,2025-11-24,present
c7084b68-f7ef-45cb-bc52-0d408738fa42,a194a1ae-1e6b-4187-81fa-8c7e5feddec8,0e9c60a1-e364-4156-b37c-4690070d3cbd,2025-11-24,present
885444b4-adde-4374-9efc-bda0a00dc2fb,29763f2b-0555-4100-87ca-ef52c13eca5a,0e9c60a1-e364-4156-b37c-4690070d3cbd,2025-11-24,present
17f95618-013e-4f3d-bd82-2efca62eb947,5bfd9187-c793-43a0-81fa-2b268822a1ee,0e9c60a1-e364-4156-b37c-4690070d3cbd,2025-11-24,present
b45d4834-ee94-45fc-8840-b1831a3e0d2b,528b9fc5-1ad7-4bdd-8960-6cd9fa4dffdd,0e9c60a1-e364-4156-b37c-4690070d3cbd,2025-11-24,present
bdff6810-6724-4df7-bf90-e86443728eaf,57e26aa0-29f2-45e8-aa1c-4f2adf66ee7d,0e9c60a1-e364-4156-b37c-4690070d3cbd,2025-11-24,absent
e96a77e9-3c9e-4130-aaea-4eba6e2c94ad,2598f9ab-f396-48ff-be98-93c9cd5898a9,0e9c60a1-e364-4156-b37c-4690070d3cbd,2025-11-24,present
e49308c0-2b9e-476b-a239-8eeaddc83bb8,9522f828-b3b6-4429-8d2e-ead149a5e80c,0e9c60a1-e364-4156-b37c-4690070d3cbd,2025-11-24,present
c81d9c03-dbd5-430a-a643-679dbe84f75e,f65384ba-4ff0-49a6-afd5-9b6c7f83b17b,0e9c60a1-e364-4156-b37c-4690070d3cbd,2025-11-24,present
9b63edbf-bd54-40e0-a2f2-fad6f3bab4e9,c8c1b203-f972-4362-8426-0a14a5489f60,0e9c60a1-e364-4156-b37c-4690070d3cbd,2025-11-24,present
67883662-b321-48ed-abaa-2b7b0cd2952f,6d53fc37-017a-4d84-996e-601250d0388b,0e9c60a1-e364-4156-b37c-4690070d3cbd,2025-11-24,present
bbd49085-692a-4382-a470-925277481874,d3c69972-38fa-4b75-8c0f-fa8f0718d45f,0e9c60a1-e364-4156-b37c-4690070d3cbd,2025-11-24,present
d5053b66-deef-4dc0-b742-e9c012410147,1b0fe155-4f1d-4a6d-9db1-63213a176158,0e9c60a1-e364-4156-b37c-4690070d3cbd,2025-11-24,present
90aa865b-c27d-49ee-bdc5-9f8277474f89,ce4af5f5-e404-489f-aa52-f8d93cb9bbca,0e9c60a1-e364-4156-b37c-4690070d3cbd,2025-11-24,present
892f3832-0d8a-4b9a-ad55-307d96e73c01,f1bcd0f5-46ba-4ef7-9490-ddb55e3a759e,0e9c60a1-e364-4156-b37c-4690070d3cbd,2025-11-24,present
16984721-c651-4fcd-b645-71f0a65ebec7,a73ab2b8-15be-462d-b7bb-ef1b47b1f5d6,0e9c60a1-e364-4156-b37c-4690070d3cbd,2025-11-24,present
3dba7d04-34ca-41b9-b194-f4a755c52f22,d4cb308a-1dd4-488f-991b-46a97437b130,0e9c60a1-e364-4156-b37c-4690070d3cbd,2025-11-24,absent
5f5afe1c-2c66-441d-a106-67b99dfc9ed7,c68132ee-42d6-4014-b16d-2aa681bbc0b1,0e9c60a1-e364-4156-b37c-4690070d3cbd,2025-11-24,present
35aecf28-20d6-4add-92b0-f9b0f4847330,da50fa41-09f3-4a41-b853-be1b0c9676a0,0e9c60a1-e364-4156-b37c-4690070d3cbd,2025-11-24,present
cbb56a81-9124-4082-99a7-9259539536c4,835954fd-9314-4a68-b0a9-757d91860e83,0e9c60a1-e364-4156-b37c-4690070d3cbd,2025-11-24,present
bb577fa2-0573-4356-ae29-40f7c72904b3,bc6bbcf8-11f3-477d-9ab0-b9c074bca9b2,0e9c60a1-e364-4156-b37c-4690070d3cbd,2025-11-24,present
d24eaa62-fe81-4b6e-87c9-04e1fcffb1ff,dedb1456-d5ef-400b-873f-8ba74bf6a592,0e9c60a1-e364-4156-b37c-4690070d3cbd,2025-11-24,present
72be7a68-0162-47d9-b619-2f2e042eecbf,e601e550-51c1-4f50-afeb-d140415f4790,0e9c60a1-e364-4156-b37c-4690070d3cbd,2025-11-24,present
58b59808-339f-49f8-bfd6-4ada87118d61,fd533946-3376-48a2-b262-3b8abe09f47b,0e9c60a1-e364-4156-b37c-4690070d3cbd,2025-11-24,present
96e25605-26d8-42f2-b283-ec76eabfca24,a7968baa-491d-43a4-90a9-0cf3dcea4360,0e9c60a1-e364-4156-b37c-4690070d3cbd,2025-11-24,present
dee4cef2-c33f-4858-afdc-2509e4bc1fb5,14211399-627d-4d2b-a801-6c2f773e8155,0e9c60a1-e364-4156-b37c-4690070d3cbd,2025-11-24,present
277f2d35-6daf-48a2-89b7-e5151d3b9590,2f4f941e-db89-497e-bc1e-2878c42b1600,0e9c60a1-e364-4156-b37c-4690070d3cbd,2025-11-24,present
252bb95c-db25-4060-b004-2a5c8c81ce2d,895b1cf3-b6b5-499b-8a84-8ad623fe963d,0e9c60a1-e364-4156-b37c-4690070d3cbd,2025-11-24,present
40caa0e6-b300-4626-9b3d-74e6659b7dd1,dc89433f-c558-4caa-90ef-8fd8af298977,0e9c60a1-e364-4156-b37c-4690070d3cbd,2025-11-24,present
703fca19-f1b3-41f3-917d-b4614a6f3a8e,3dcf7823-21e2-4348-ba5b-3a28555124bd,0e9c60a1-e364-4156-b37c-4690070d3cbd,2025-11-24,present
7798a37a-f55f-4de9-94a4-7e6d427e83f9,ca0d4fd7-0491-4a43-a88b-ec42ed0e55b6,0e9c60a1-e364-4156-b37c-4690070d3cbd,2025-11-24,late
de033716-0264-4739-9f6b-b6a6ead69905,fa7b47dc-a084-4c98-97b0-7e711d3a45f8,0e9c60a1-e364-4156-b37c-4690070d3cbd,2025-11-24,late
2485e18c-0347-4f2b-840b-ab2bb5de41b5,a2d25af3-ad74-4263-88fa-bac6e0134469,0e9c60a1-e364-4156-b37c-4690070d3cbd,2025-11-24,present
2010ad8b-3fc3-4216-ab0f-0e2de3e8af8f,e668663b-8813-4b30-bc4a-aeb09de453b0,0e9c60a1-e364-4156-b37c-4690070d3cbd,2025-11-24,present
e273e5d4-ecf6-45c6-b797-a488ad97b459,f53a1dc0-a0ec-488a-ab39-465bc609782a,0e9c60a1-e364-4156-b37c-4690070d3cbd,2025-11-24,present
ba804675-bd75-418d-a379-cedb7ef60156,f8d923fe-fc4f-466b-a765-aa96465e700a,0e9c60a1-e364-4156-b37c-4690070d3cbd,2025-11-24,present
ed10c85a-abb6-4cc5-beb1-9294a64c2857,f1f036db-7ebb-420b-97a8-909ddc3ed4d0,0e9c60a1-e364-4156-b37c-4690070d3cbd,2025-11-24,present
62a2cbdb-0081-4370-9ef5-3b75b2b6fd86,e3a918f4-e6e9-4d94-9efd-742ea5459dad,0e9c60a1-e364-4156-b37c-4690070d3cbd,2025-11-24,present
6c235440-2a8e-4b8d-85e3-24e11dc057ff,f49835b6-6198-483f-947d-e6d755d827ed,0e9c60a1-e364-4156-b37c-4690070d3cbd,2025-11-24,present
bd8c08bf-2c18-4fb7-9a5c-ac3539396b66,974b215d-5f7e-4c43-bb28-257deb7d391a,0e9c60a1-e364-4156-b37c-4690070d3cbd,2025-11-24,present
6b4647d8-a383-4b6e-8d1f-e2894271ef7b,da3743cd-720d-485f-b026-20a3afc1ebb8,0e9c60a1-e364-4156-b37c-4690070d3cbd,2025-11-24,late
e1a5bd47-cea7-4278-b86c-c82a681a2124,19fa9eac-862d-4630-888d-cb9863d23444,0e9c60a1-e364-4156-b37c-4690070d3cbd,2025-11-24,present
f7425aa8-a0ef-4d50-ba03-1dd1e99d1554,239c48c1-3b0e-42ae-bfff-8f4b887b802f,0e9c60a1-e364-4156-b37c-4690070d3cbd,2025-11-24,present
d25de29e-8130-4880-9198-a1242c51ed43,33b6eda6-39a2-4163-88f9-891c15ac17a4,0e9c60a1-e364-4156-b37c-4690070d3cbd,2025-11-24,present
f41667d7-d5db-47c7-b520-c09431bc6c77,85c6be91-a179-4c10-9b2f-3e413721b5d2,0e9c60a1-e364-4156-b37c-4690070d3cbd,2025-11-24,late
e54dfeb9-776a-4fa8-ad66-ba5d98684dd0,2100a65a-4e14-46b7-b3c8-79e3ee2e760e,0e9c60a1-e364-4156-b37c-4690070d3cbd,2025-11-24,late
fb0460b2-9293-46e7-ae5a-1c9c0353e9bf,df5be67d-9b10-4b24-84a6-41b3907f59cf,0e9c60a1-e364-4156-b37c-4690070d3cbd,2025-11-24,present
7a369480-ab1f-4e09-bcd6-6c1895dcdfe0,025cc4ef-94b5-47e8-a7b1-9cb9745dedd7,0e9c60a1-e364-4156-b37c-4690070d3cbd,2025-11-24,present
9d7e3572-0ce5-405c-adb0-af55bce3cc5e,796b285d-0e89-438d-a41f-1fc7f8c148c9,0e9c60a1-e364-4156-b37c-4690070d3cbd,2025-11-24,present
58090111-e945-4f85-9f6c-ebc39f69d13d,4d89c1b8-0ebf-4a51-8512-4d58fec979a3,0e9c60a1-e364-4156-b37c-4690070d3cbd,2025-11-24,present
e2459e02-30dd-47ee-a361-03d29d9ea377,d089de86-7645-44d5-9789-1a628f739a7c,0e9c60a1-e364-4156-b37c-4690070d3cbd,2025-11-24,present
419ad16d-677b-42fe-99a2-459c9843cad1,c4bfe414-5d12-4be5-8f34-776e87c25a44,0e9c60a1-e364-4156-b37c-4690070d3cbd,2025-11-24,present
6d64cdc7-b672-45ee-9c81-d79771748520,cf610d93-50ed-416c-b763-7af9304ec101,0e9c60a1-e364-4156-b37c-4690070d3cbd,2025-11-24,present
4cdb5290-729d-4441-b47f-afa424fa92a4,d7f5ed84-d666-4729-b5c1-25aeb9f9675b,0e9c60a1-e364-4156-b37c-4690070d3cbd,2025-11-24,present
1afe36fe-636f-4752-84b9-22cf5d26d493,8118ab00-47c3-4c04-9187-9c16e563543c,0e9c60a1-e364-4156-b37c-4690070d3cbd,2025-11-24,present
00ef03f8-5d31-42f5-a148-6990f9ce9b06,312895c4-0eb9-498a-9132-0857593c6e75,0e9c60a1-e364-4156-b37c-4690070d3cbd,2025-11-24,absent
d471fb6c-78d5-4283-9431-b8e365c91fca,b28ed44c-0c2d-45f4-9a53-2dfeaf4ddcfd,80bc51d3-b8ac-421d-9ea7-3a199e5b2d70,2025-11-24,present
7db2b0e5-38b8-406c-a69a-8006768f971c,789efd53-7c6f-475e-b18a-667150af663e,80bc51d3-b8ac-421d-9ea7-3a199e5b2d70,2025-11-24,present
7085e701-40ff-4a9b-9f2c-a62f0b8b9a65,150e6dd1-4439-40ea-a06e-3963dcc1e040,80bc51d3-b8ac-421d-9ea7-3a199e5b2d70,2025-11-24,absent
e7ea0157-fd4c-476f-8ea9-effd64e536cd,07e57e49-2909-4490-bd5e-917768a4b310,80bc51d3-b8ac-421d-9ea7-3a199e5b2d70,2025-11-24,present
58b5b47e-fe8c-44c7-bac7-95080f846106,ce20644d-e1dc-4511-8c3a-b7485eb1f7c0,80bc51d3-b8ac-421d-9ea7-3a199e5b2d70,2025-11-24,present
642d02ae-8adf-4878-aa0d-a24640b26d22,7aafac2e-5494-4bc5-b06d-e9407e6e6944,80bc51d3-b8ac-421d-9ea7-3a199e5b2d70,2025-11-24,present
b6dc3c5f-543d-4c2c-bf0f-8dba8b98c8d5,56c9bff5-9d5f-4b08-8d84-3440c77418a7,80bc51d3-b8ac-421d-9ea7-3a199e5b2d70,2025-11-24,present
4f2b60bd-c04d-4af7-b7f9-0179a9b8a79a,0070ca5d-ff48-4ebc-a30d-12e2367ba48c,80bc51d3-b8ac-421d-9ea7-3a199e5b2d70,2025-11-24,present
1f330a86-c1c3-4aa0-808a-238fefc734f3,3e30c03f-2f38-4999-ad76-c831322719d8,80bc51d3-b8ac-421d-9ea7-3a199e5b2d70,2025-11-24,late
b945182d-2da1-4b35-b7ab-6d2828d3747c,0020c3e9-4f74-4aba-8cb4-f866805c90f6,80bc51d3-b8ac-421d-9ea7-3a199e5b2d70,2025-11-24,present
68b1ad11-8f51-44cb-ab5b-6b32a54ef032,a07040e0-502a-4292-aa68-76bd20f2c39a,80bc51d3-b8ac-421d-9ea7-3a199e5b2d70,2025-11-24,present
f070a755-a6f3-4ee4-86d9-2b9726a476d9,afd9eaa8-70ce-4c3f-9dad-7ee96d661a67,80bc51d3-b8ac-421d-9ea7-3a199e5b2d70,2025-11-24,present
75fcc0b1-b72f-461c-b6c5-07b18a78e503,422381e5-b8ef-4c4c-a7e0-aa064551cc9d,80bc51d3-b8ac-421d-9ea7-3a199e5b2d70,2025-11-24,present
91dbdd06-33bb-47cf-9f43-5d18f9eae50e,bf8dae23-9b71-4cdf-8288-546e4aa821db,80bc51d3-b8ac-421d-9ea7-3a199e5b2d70,2025-11-24,present
603ff429-f07e-4e00-b36e-0bf16d701b6b,02f2677d-2a2c-488e-b9b8-60921d81c270,80bc51d3-b8ac-421d-9ea7-3a199e5b2d70,2025-11-24,present
4e577404-0bfd-43c2-a3e1-1e15c0660073,35bacb7b-92db-4d34-940c-c9fa6161c93b,80bc51d3-b8ac-421d-9ea7-3a199e5b2d70,2025-11-24,present
ce55f99d-85a5-4125-9f07-2f71f6321ce6,4c5e5e2d-a3ba-4879-a632-04b72d5354dc,80bc51d3-b8ac-421d-9ea7-3a199e5b2d70,2025-11-24,absent
aec67800-bfa6-40bd-8b91-18560e046815,ae2cf286-b238-4988-b042-3f4ecc75d0d6,80bc51d3-b8ac-421d-9ea7-3a199e5b2d70,2025-11-24,present
1803d68e-9bef-4b6f-895e-4b305629b137,0915d172-23cb-44b8-a9d0-a12f7074bd34,80bc51d3-b8ac-421d-9ea7-3a199e5b2d70,2025-11-24,present
2610f443-df8a-4572-8bef-a86ff39cc199,21cb0562-8e89-4275-aabf-539b39047f09,80bc51d3-b8ac-421d-9ea7-3a199e5b2d70,2025-11-24,present
dc0f4616-901a-42b9-9e53-8c3874df4f23,109b7676-47a2-4a01-8ca2-4cb9669278f9,80bc51d3-b8ac-421d-9ea7-3a199e5b2d70,2025-11-24,present
94a5948a-6626-45df-b32e-76072f965402,dde6565d-3d3e-4fb9-adfb-493f8c846f68,80bc51d3-b8ac-421d-9ea7-3a199e5b2d70,2025-11-24,present
4b9fe8df-89b8-43ff-b1d2-ffffb3ee11e2,9f7d72f4-44e7-481a-b9bd-425bf88d3ee8,80bc51d3-b8ac-421d-9ea7-3a199e5b2d70,2025-11-24,present
9f8ebe65-c692-4b8b-8a15-cb9403834d10,27afceee-f74b-493b-a3ad-bae25d8d493f,80bc51d3-b8ac-421d-9ea7-3a199e5b2d70,2025-11-24,present
9e6a7529-b6c2-4c88-b662-2c45199d9ee2,9ae6206a-104b-4e7e-b71c-5236d0e2893c,80bc51d3-b8ac-421d-9ea7-3a199e5b2d70,2025-11-24,present
436ca615-70c2-4d03-8470-b1a627750dbc,02b22c10-7741-4973-aa28-bc92e9bfbdbb,80bc51d3-b8ac-421d-9ea7-3a199e5b2d70,2025-11-24,present
116bb463-c1eb-4b12-bb63-c0e3aede5bb9,905ae1e3-54b4-47ed-a65f-8aa0c6e81790,80bc51d3-b8ac-421d-9ea7-3a199e5b2d70,2025-11-24,present
b8177a44-c8a8-414b-aca3-2532587bdad3,92eaf967-a10e-425c-8387-ad67103aba8e,80bc51d3-b8ac-421d-9ea7-3a199e5b2d70,2025-11-24,present
2011762b-71af-4421-a471-41212285a24e,c5a8c43d-0bd3-40ed-ba9d-18229de65192,80bc51d3-b8ac-421d-9ea7-3a199e5b2d70,2025-11-24,absent
338e3f21-84de-451c-8ca7-7c7c26efb354,ed40b0fa-a5dc-41cd-b326-527e5692ccc2,80bc51d3-b8ac-421d-9ea7-3a199e5b2d70,2025-11-24,present
7abbd6e8-73d0-4d43-8031-0e0c929b6ec0,8ed4bcd3-b4ed-4601-9e74-e3d9ab2c3fab,80bc51d3-b8ac-421d-9ea7-3a199e5b2d70,2025-11-24,present
22b4c44c-3b29-4e77-bcc0-096355c4465f,51160f68-3fe8-4a80-8b68-ccf571d086bc,80bc51d3-b8ac-421d-9ea7-3a199e5b2d70,2025-11-24,present
3f1c8361-5cea-40cf-8a1e-418684743508,f06c79e7-1942-447d-b0fe-f88fe1dba636,80bc51d3-b8ac-421d-9ea7-3a199e5b2d70,2025-11-24,absent
0a23c937-5d2d-4dbd-9183-6e991b3f9e99,4f095398-3765-4846-8683-472ba8053521,80bc51d3-b8ac-421d-9ea7-3a199e5b2d70,2025-11-24,present
870d3ca9-d648-4fb2-a9f0-c0e37c5bc16d,a0f7e0ef-1647-403d-adde-8be71dcef91f,80bc51d3-b8ac-421d-9ea7-3a199e5b2d70,2025-11-24,present
44b170ed-a6a2-43cd-8e03-31a7aba97928,9d346eda-3d1c-4997-a931-1ca5c58bd661,80bc51d3-b8ac-421d-9ea7-3a199e5b2d70,2025-11-24,present
4b681987-97db-4bbf-8c6a-5f6d900b66b3,836daad6-5441-4133-af1c-7e5e06152ecf,80bc51d3-b8ac-421d-9ea7-3a199e5b2d70,2025-11-24,present
89360a4d-0ef4-472c-9797-d9823a5cd691,d58b044a-b1b4-49bc-80c9-250e8860dfd1,80bc51d3-b8ac-421d-9ea7-3a199e5b2d70,2025-11-24,present
3f6e35a9-8cbf-42e0-828f-ed6eb8d0bd19,d062d1e8-34e0-44fe-9f9f-d746972f3b5f,80bc51d3-b8ac-421d-9ea7-3a199e5b2d70,2025-11-24,present
41115c29-c4bb-4eaf-87fd-5fe3f7e3efe2,38d0f2e4-177d-4780-b38a-bd89e2c472f7,80bc51d3-b8ac-421d-9ea7-3a199e5b2d70,2025-11-24,present
88f6b0ae-fbf9-4dd4-9510-b853a303beaa,c6d3a5e1-14fe-4471-b19f-e42f1ec37db4,80bc51d3-b8ac-421d-9ea7-3a199e5b2d70,2025-11-24,present
ee9ab305-1ca7-493d-812c-44cedd1b53be,6f61f93d-7b3a-4f6c-92c1-9d82126ed5d9,80bc51d3-b8ac-421d-9ea7-3a199e5b2d70,2025-11-24,present
c86f5612-71b1-4693-9f7a-960b0ff834ae,81198188-c8df-4731-8bb9-d9502605a6c5,80bc51d3-b8ac-421d-9ea7-3a199e5b2d70,2025-11-24,present
b2e35990-71e4-4d57-ba29-6263fd93eb40,6c643c12-1646-4a7e-b14e-dedc167fb603,80bc51d3-b8ac-421d-9ea7-3a199e5b2d70,2025-11-24,present
202d29a9-29e7-4cf1-9c8b-e7bafdff78b8,0fb0fad5-6aa1-4bf5-a68b-6c921897ff3e,80bc51d3-b8ac-421d-9ea7-3a199e5b2d70,2025-11-24,late
4cba02ed-7319-494d-8120-c55c740bc4aa,27897647-4fab-42a4-9e76-2319f6bd4d9c,80bc51d3-b8ac-421d-9ea7-3a199e5b2d70,2025-11-24,present
8c5596d4-ae49-413c-9d0f-6b2282c56476,73a4cb1d-87ef-4842-b21c-e2b77a680446,80bc51d3-b8ac-421d-9ea7-3a199e5b2d70,2025-11-24,present
4a37022c-8e2f-4f2d-bdd1-7ae0d969c505,316d0892-6651-40c4-bdef-422f3a2cf97e,80bc51d3-b8ac-421d-9ea7-3a199e5b2d70,2025-11-24,present
eb92e828-b70d-425d-abae-8616b7a86f63,a62808a6-3cea-480e-955b-d9b6caf1901b,80bc51d3-b8ac-421d-9ea7-3a199e5b2d70,2025-11-24,present
53781363-0fef-4651-b763-5c83196b0b09,acdf31c6-f590-4626-87fc-70f11f7b82b7,80bc51d3-b8ac-421d-9ea7-3a199e5b2d70,2025-11-24,present
ebf5e32e-4a55-424b-99e9-5b27ec8215c8,c3ee8973-aa82-493c-a8d9-ec29c65399b0,80bc51d3-b8ac-421d-9ea7-3a199e5b2d70,2025-11-24,present
cb8cdebf-07a2-4f8a-b325-c73fdcd9b8f7,43d342c8-433d-451d-80f4-f388f67f565d,80bc51d3-b8ac-421d-9ea7-3a199e5b2d70,2025-11-24,present
3c2d058e-a678-4e89-842d-c81e8aded5b9,b36f9b27-4118-4965-b35e-cb27d79018c9,80bc51d3-b8ac-421d-9ea7-3a199e5b2d70,2025-11-24,present
d71eec64-0c05-488d-bb4d-f3445834bc26,bbf2c68c-d378-4ed2-a5da-8b8a72f6ed6f,80bc51d3-b8ac-421d-9ea7-3a199e5b2d70,2025-11-24,present
7fdde5fd-a8c7-4b54-b0c9-c9ded375bdad,ddaf2fc4-5bcc-4347-b662-d66189b857c4,80bc51d3-b8ac-421d-9ea7-3a199e5b2d70,2025-11-24,present
60115ee4-6520-4bc6-aed6-5e4e3336338d,76c35dc5-8232-4ad8-b149-37cc8e67ce70,80bc51d3-b8ac-421d-9ea7-3a199e5b2d70,2025-11-24,present
e993223f-a61c-4057-a09d-5b9abfbc15bf,8da6df1b-c330-4a6c-a7b2-5d69f65f1a95,80bc51d3-b8ac-421d-9ea7-3a199e5b2d70,2025-11-24,present
83ea3141-c7e0-4a73-9b15-9313537dbcbe,b1263436-ff82-4448-932e-db328ec4436a,80bc51d3-b8ac-421d-9ea7-3a199e5b2d70,2025-11-24,present
bdfe2f79-40ff-454c-84c6-7c8a2ffbb37d,b7646896-1dcc-43cf-ba2a-9ec02177441f,80bc51d3-b8ac-421d-9ea7-3a199e5b2d70,2025-11-24,present
aa4a976b-8b65-4aff-9e1f-e2b57a086184,ea79204a-7cf7-4e36-893c-bad5f17b0dfc,80bc51d3-b8ac-421d-9ea7-3a199e5b2d70,2025-11-24,present
f2441ac5-cef7-4da3-80c2-ec3064482d34,ddd02a53-865b-4b98-a799-07393233effb,80bc51d3-b8ac-421d-9ea7-3a199e5b2d70,2025-11-24,present
ad1d9df7-134d-4eac-a301-1d6911bd1a0c,b1bbb4fb-41c6-427a-8bca-568c8906ac7b,80bc51d3-b8ac-421d-9ea7-3a199e5b2d70,2025-11-24,present
f1672e48-0c67-4aa1-be2f-148f857cad2e,4d9bd7a8-697a-4e38-b547-507c08d27b43,80bc51d3-b8ac-421d-9ea7-3a199e5b2d70,2025-11-24,present
717f862f-e504-4427-88b1-f31fc7ccb430,6021d91d-9e00-49c3-a9b6-242189ae1836,80bc51d3-b8ac-421d-9ea7-3a199e5b2d70,2025-11-24,present
667cb50e-fd04-4c0b-8000-28dc2a3e1c39,4e23dc8b-4f0e-4fcd-b87b-a7fa8b274727,80bc51d3-b8ac-421d-9ea7-3a199e5b2d70,2025-11-24,present
88a67aa7-3700-4ee0-ad10-9e0f4f35264a,ec2f3c4b-358c-4fde-bfda-2d76c9e465fe,80bc51d3-b8ac-421d-9ea7-3a199e5b2d70,2025-11-24,present
4bd94e77-5239-41bd-9985-ebaf3b202433,ccc151f3-5c99-42c6-9bb7-e9e225592e33,80bc51d3-b8ac-421d-9ea7-3a199e5b2d70,2025-11-24,present
20e06490-7335-4be9-bcc0-4650bec54502,76d6b9c7-7b03-4c94-8827-e33c2626288c,80bc51d3-b8ac-421d-9ea7-3a199e5b2d70,2025-11-24,present
65667b3a-4759-4863-b9b7-71a9b36a98f4,4badf759-93dd-4818-9a4c-17d4e15602c3,80bc51d3-b8ac-421d-9ea7-3a199e5b2d70,2025-11-24,absent
a34a168d-c356-4e32-b666-c28cd52adbcd,953faa8a-fd38-4f45-81bb-f78dd5af28c0,80bc51d3-b8ac-421d-9ea7-3a199e5b2d70,2025-11-24,present
c1611a44-377e-41f2-ae62-64feb69dcad8,9b243ab3-78f8-40d5-9262-bbd4a986eade,80bc51d3-b8ac-421d-9ea7-3a199e5b2d70,2025-11-24,present
d39e207d-fb0b-45b2-841c-e42c4e5fe602,ce59703d-535b-4110-9825-0c03a73cf50a,80bc51d3-b8ac-421d-9ea7-3a199e5b2d70,2025-11-24,absent
c2086957-ad42-450a-b5cc-a66c5b6a2d48,f8c3f60b-0431-4a16-b39a-ae691de4eefc,80bc51d3-b8ac-421d-9ea7-3a199e5b2d70,2025-11-24,present
f6ed073d-ea12-4fb6-9a87-779214e82141,a3d5448f-1632-493f-9b81-e31a11873baa,80bc51d3-b8ac-421d-9ea7-3a199e5b2d70,2025-11-24,present
c97da28a-aa4b-4b7f-9ca4-036932e6ff6b,63bc9443-1f7a-4356-91fd-4c7cf650c940,80bc51d3-b8ac-421d-9ea7-3a199e5b2d70,2025-11-24,late
6b43683d-c13e-46d5-a322-bb9117ebbda7,62398629-b5fc-4b68-8cd5-1fcb535170a0,80bc51d3-b8ac-421d-9ea7-3a199e5b2d70,2025-11-24,present
d1bc42af-323d-4533-a0e9-a7b8ab32e9f5,d57963b2-1c46-4506-abf7-060b82a28d2f,80bc51d3-b8ac-421d-9ea7-3a199e5b2d70,2025-11-24,present
18c8ba0c-f4a6-4ea6-bdfc-d963f3720ae2,354591e5-ed67-4d86-b2f9-6bec92f28586,80bc51d3-b8ac-421d-9ea7-3a199e5b2d70,2025-11-24,present
b0b2ad00-a5eb-4f3a-aab5-49108cc8026c,ed9d69f5-60d8-47b1-8879-33c6fc1e0aca,80bc51d3-b8ac-421d-9ea7-3a199e5b2d70,2025-11-24,present
34642046-7a26-45b2-8db2-9ba8d7fbe1d4,713100c3-33ab-48da-8098-a3212ae20777,80bc51d3-b8ac-421d-9ea7-3a199e5b2d70,2025-11-24,present
082af39b-3deb-497d-b72f-754e61f5fce9,0462374c-6527-4941-b220-8bccfa2e38a8,80bc51d3-b8ac-421d-9ea7-3a199e5b2d70,2025-11-24,present
dcc4c8cf-92e9-4037-9213-8a4e95b81aa7,03c70456-6541-4067-aa0f-361605b869c8,80bc51d3-b8ac-421d-9ea7-3a199e5b2d70,2025-11-24,present
0291a65e-f33e-4a59-ae78-af6d497d142b,b1eb2602-103e-4aff-a82a-80ad279f3d29,80bc51d3-b8ac-421d-9ea7-3a199e5b2d70,2025-11-24,absent
104137cc-a87f-4eac-8bbf-19f7bfabd57d,63c0d01f-ff51-4678-b295-d83b266c66cb,80bc51d3-b8ac-421d-9ea7-3a199e5b2d70,2025-11-24,present
513dd010-719b-48a9-9865-59db5c0da042,246083f8-477d-4426-9358-e40f0a168fb8,80bc51d3-b8ac-421d-9ea7-3a199e5b2d70,2025-11-24,present
c403b3db-76f7-4c9d-b49e-4b7fee7be77b,07bf2d94-e13c-4bcf-b694-e1a3752288eb,80bc51d3-b8ac-421d-9ea7-3a199e5b2d70,2025-11-24,absent
4575da6d-de37-4aff-92b7-cd39beb2aa1c,9a5fdae0-452a-4e69-9e1b-8d1d338f9523,80bc51d3-b8ac-421d-9ea7-3a199e5b2d70,2025-11-24,present
b671e380-e5b1-49ef-8852-565ecc20d26b,615261be-c5c1-4a1f-9074-22937a6da384,80bc51d3-b8ac-421d-9ea7-3a199e5b2d70,2025-11-24,present
7ced5cf1-b877-456f-a63a-ca92ac293121,93c92bc8-b8db-4fdc-ac23-6a72dd033b80,80bc51d3-b8ac-421d-9ea7-3a199e5b2d70,2025-11-24,present
75eb5297-b5d1-4d90-bb05-00a76695c744,fe38d2d1-708f-4caf-8c53-887ac8538a39,80bc51d3-b8ac-421d-9ea7-3a199e5b2d70,2025-11-24,present
4b475b70-688e-4e8c-bc28-561a07e39fab,09b51b06-2436-4e4f-8a3a-e91fa53faf4e,80bc51d3-b8ac-421d-9ea7-3a199e5b2d70,2025-11-24,present
39ca4e16-b1bd-495a-810b-e7e42960bbb3,40323b47-6f8a-4d81-9165-3f8705fbe61b,80bc51d3-b8ac-421d-9ea7-3a199e5b2d70,2025-11-24,present
a85fe0f9-2d83-4535-a283-db955790e511,ce8cf7d4-0474-411f-8887-7283c4efd9c6,80bc51d3-b8ac-421d-9ea7-3a199e5b2d70,2025-11-24,present
ac8e91aa-42d7-46a3-bcc9-43e827c934b3,c23974c4-3958-4c45-959a-f4d5163df99e,186c9887-56d9-4eae-8669-18c655539510,2025-11-24,present
47754f6f-0f95-40b7-9aff-7edb6f0cb0d8,82d5cc83-30b9-4fab-8480-e9019e34499f,186c9887-56d9-4eae-8669-18c655539510,2025-11-24,late
d4e7e22b-97c0-4f62-9550-7cb695d3e328,498b503c-69b3-49a8-bd73-cae1e11bfeb7,186c9887-56d9-4eae-8669-18c655539510,2025-11-24,present
7bed35c7-d4f7-4918-a03a-972409016c4e,32d3674a-f486-4b3d-8897-b15fad8c4acd,186c9887-56d9-4eae-8669-18c655539510,2025-11-24,present
df1068d8-ffd6-4833-8851-80958d8ddf44,c6384a38-811d-4ade-9ccc-0bbf7af2ebca,186c9887-56d9-4eae-8669-18c655539510,2025-11-24,present
a87aead5-8042-49e5-9d77-e7fe8f0c66a1,5f8832ab-239c-4f9d-b808-8a8f76c57573,186c9887-56d9-4eae-8669-18c655539510,2025-11-24,present
106f0be1-7a63-4fc7-ad65-ced349374d70,bfd2f89c-b66c-4b89-936f-3a1ce4eb999b,186c9887-56d9-4eae-8669-18c655539510,2025-11-24,present
02be7cbc-5b9b-46d5-8eb7-854fc6a81e08,b67ddae5-f744-4e38-b93f-ff25672f7743,186c9887-56d9-4eae-8669-18c655539510,2025-11-24,present
f76757d6-3437-4c06-a20a-731810fb5e33,b99043c3-9793-4b00-8770-f4cd44f5ac67,186c9887-56d9-4eae-8669-18c655539510,2025-11-24,absent
2cda72f7-97c9-4824-b4f6-954f80c6782b,a6f7a0f5-38af-47ee-bc15-bd604866db7f,186c9887-56d9-4eae-8669-18c655539510,2025-11-24,absent
cf794201-1244-463b-b893-7a68abc90df0,e0585cac-e56e-4f70-9539-7d01165beadb,186c9887-56d9-4eae-8669-18c655539510,2025-11-24,present
aa2608a0-c5ec-487b-a411-865f3d18fdef,ef3a6892-0ec5-461e-bfc5-799b0ff7ccd6,186c9887-56d9-4eae-8669-18c655539510,2025-11-24,present
0fe8b6f2-b4a2-4500-9e31-039fca45f7e1,d3108eb4-8eef-4249-8cfe-052d104883ed,186c9887-56d9-4eae-8669-18c655539510,2025-11-24,present
10a112c0-0143-488d-9a4f-9fb916a4fe47,54a26a00-0d05-45c3-9ea5-365e2eb98194,186c9887-56d9-4eae-8669-18c655539510,2025-11-24,present
becdce1a-6aee-4f72-b9f2-ca737953a8a4,92ac6ec4-f383-4857-8a9c-985ebe493802,186c9887-56d9-4eae-8669-18c655539510,2025-11-24,present
31256243-5027-44b0-a96a-b113606c7c44,f41ea448-4587-42d5-a070-27b90b2e7539,186c9887-56d9-4eae-8669-18c655539510,2025-11-24,present
b34aeaec-0d67-4eca-9134-c9e7c8b73b46,b0a21bb2-861b-4460-998c-55c69a283015,186c9887-56d9-4eae-8669-18c655539510,2025-11-24,present
f06decec-0e60-489e-8274-51c641af5ec8,c83cfe93-b7ec-4482-a1fc-51edea6f7d49,186c9887-56d9-4eae-8669-18c655539510,2025-11-24,present
09d0714d-95b5-4224-a53a-bc8a9fea7ce5,ecbd474f-c58e-4936-8dd0-59aa28f1c654,186c9887-56d9-4eae-8669-18c655539510,2025-11-24,present
84a46757-0bbc-411c-a510-7a5c11903b71,60f7e0e1-6a69-4a41-9f94-d7dde73da6f1,186c9887-56d9-4eae-8669-18c655539510,2025-11-24,present
7d4be0fa-6db3-4f81-b6c3-b3f564c5861e,f36ae0b4-54b2-438e-8518-2881b74949e1,186c9887-56d9-4eae-8669-18c655539510,2025-11-24,present
03f899c2-d280-4332-a738-069d876b1fac,323e3036-7de8-4d69-9fc3-e95cbfc36ec5,186c9887-56d9-4eae-8669-18c655539510,2025-11-24,absent
ed5a882b-9a98-4c85-ad44-4a95d190299a,f411f380-e9bb-465f-a4da-72349d27f541,186c9887-56d9-4eae-8669-18c655539510,2025-11-24,present
87a35a84-2368-4e70-aaa5-9e45a8be832e,d7ba9f5e-048b-4485-b7be-00415dac059a,186c9887-56d9-4eae-8669-18c655539510,2025-11-24,present
6fc29f19-0b34-4738-809c-514670c2a871,7d4ae9d5-7490-4e55-876c-fba8d406d1d1,186c9887-56d9-4eae-8669-18c655539510,2025-11-24,present
ad346218-7635-4ddd-8180-f5fdb8b386a5,a070dc31-2236-430a-bb11-12257d7e1ba4,186c9887-56d9-4eae-8669-18c655539510,2025-11-24,late
25af794a-978e-4316-b6ad-55ebfa5411ef,5769dbbc-5881-4e4e-afce-eec0e14e7925,186c9887-56d9-4eae-8669-18c655539510,2025-11-24,present
d17fc710-8510-4d08-a18c-796367220afa,05a1c14a-69f5-4269-8a05-a41607f8bca7,186c9887-56d9-4eae-8669-18c655539510,2025-11-24,present
605b42c8-4ca0-4c5c-9ca8-cb738060c38f,083c8c37-a988-4550-9313-5980447d5d5a,186c9887-56d9-4eae-8669-18c655539510,2025-11-24,absent
2efdbd67-67b2-41f6-81d0-b42e9dfa16d1,5e5963f9-9fd4-4f26-93fd-796e11b5b872,186c9887-56d9-4eae-8669-18c655539510,2025-11-24,present
d9138b16-ee3b-42ec-926e-de396b44b2af,5e76bc6b-2c56-4b78-b15f-7bf41251f81f,186c9887-56d9-4eae-8669-18c655539510,2025-11-24,present
a8c44cb7-df76-4983-887f-170ca302cf9c,73988708-c3f0-4eb5-bdda-6223be7aaea1,186c9887-56d9-4eae-8669-18c655539510,2025-11-24,present
5ebaf678-523c-4fa0-a865-71b300834fbf,cd0ffb20-2ddc-4c4f-8372-d0e6bd278495,186c9887-56d9-4eae-8669-18c655539510,2025-11-24,present
682de38c-388d-44d4-a380-ae01d0975d47,4afaabbb-100e-4b4d-b7a0-8bce8594f90c,186c9887-56d9-4eae-8669-18c655539510,2025-11-24,present
0d294a45-a78f-4db6-a261-42a6b27d58fc,d8f10392-9e64-400a-a780-c3a033b8765a,186c9887-56d9-4eae-8669-18c655539510,2025-11-24,present
8a487fb5-269c-48ff-b3a4-104448914426,22b46d7e-cc69-4876-9db6-384241ccb701,186c9887-56d9-4eae-8669-18c655539510,2025-11-24,present
33f8338c-69f6-4ceb-8907-7c9f7ee858d4,3523e79a-67ae-4595-b839-cff8be6b1396,186c9887-56d9-4eae-8669-18c655539510,2025-11-24,present
0fbe097a-9c58-489d-a4fd-f134e6a32e6c,ee9052a1-c0e4-4d5d-9eb2-9f62d17e8406,186c9887-56d9-4eae-8669-18c655539510,2025-11-24,present
583978fa-8f3f-47fa-9ea3-e963d34c69b0,1b051efe-110c-4e9a-8548-24e7e2e8de54,186c9887-56d9-4eae-8669-18c655539510,2025-11-24,present
233d6f63-0dae-46c8-93d2-be379c89cd2c,7637fb26-fa5c-43ed-83cd-0aa7568e79b7,186c9887-56d9-4eae-8669-18c655539510,2025-11-24,present
46df2f18-5002-41f3-8df5-1c5949afe919,9d61a9c3-c0e4-4443-8d74-fca4a1742a06,186c9887-56d9-4eae-8669-18c655539510,2025-11-24,present
74841d52-eecb-4008-80b9-9b891f78b4d6,d1a01156-ab84-42f8-9e7c-62e5c0f23b56,186c9887-56d9-4eae-8669-18c655539510,2025-11-24,present
99af1cbd-a913-41e3-b4b3-ae92744c5a88,9573152c-b78d-4845-b7c8-49090f745568,186c9887-56d9-4eae-8669-18c655539510,2025-11-24,present
2eee5608-4205-4b58-803e-e2de47b32041,772c402f-11f8-486a-a298-56c60bf08721,186c9887-56d9-4eae-8669-18c655539510,2025-11-24,present
312d6ef9-7478-4642-a5fb-eace5cfea3dc,be9490c8-9a64-4ce5-af38-646ddf2ac3c4,186c9887-56d9-4eae-8669-18c655539510,2025-11-24,present
67c0d1e8-dd4d-4629-81e0-146eebeb9f40,03b2baf6-abb3-4fef-8ca7-3892333eb96e,186c9887-56d9-4eae-8669-18c655539510,2025-11-24,present
23ded847-7790-45d5-8466-f349f4119374,96d8c1ec-4594-42bf-a1ba-45e569166720,186c9887-56d9-4eae-8669-18c655539510,2025-11-24,present
66dea9cc-77c3-4709-b048-2d35aeadedbc,8e005b90-de8d-4e43-8f67-72b9bab23c77,186c9887-56d9-4eae-8669-18c655539510,2025-11-24,present
4d130812-5907-4794-87c9-033aeb140c40,a4cc9867-745c-49ab-82c5-b220bb70ab9e,186c9887-56d9-4eae-8669-18c655539510,2025-11-24,present
63e481a8-b9ad-4598-82b8-3c362a2f97d4,00164a99-a70c-464a-b90b-d3574ae9dba0,186c9887-56d9-4eae-8669-18c655539510,2025-11-24,present
5a515276-904f-4ec3-aeff-e25be1e768ff,804c467b-e491-43a5-8eea-07771f187c41,186c9887-56d9-4eae-8669-18c655539510,2025-11-24,present
4e21e29d-66cc-48c3-bc90-9309b0aec45e,5d387db6-beac-4690-ab7e-d827835620bd,186c9887-56d9-4eae-8669-18c655539510,2025-11-24,absent
41e4e36b-84c2-4a38-87fc-3b429ceae6f8,f86e1df6-923c-4737-b340-17c34a7e6163,186c9887-56d9-4eae-8669-18c655539510,2025-11-24,present
10c191f7-ed5b-4c92-96cb-e24a78c52834,34fd1c9d-dcce-4506-a0ee-55206572e870,186c9887-56d9-4eae-8669-18c655539510,2025-11-24,present
3bc7d1dd-1fa8-4366-bf3b-403442e450cd,8c3e83fb-b7b9-4e5c-83d1-3d8a0a877941,186c9887-56d9-4eae-8669-18c655539510,2025-11-24,present
e5bcb197-9f39-4e18-8860-b040f1b9b485,c3687098-d044-4482-8c10-c89831d4f05e,186c9887-56d9-4eae-8669-18c655539510,2025-11-24,present
3edbd03c-bada-4f00-8d31-c3003e618f80,9ffa46a7-15be-4a6b-bf4d-5794b78afbbd,186c9887-56d9-4eae-8669-18c655539510,2025-11-24,present
18c71036-540e-442a-b8c0-351950765a50,cbae3d14-b332-4d31-83b4-b8ea6de21b4b,186c9887-56d9-4eae-8669-18c655539510,2025-11-24,present
21048c9d-f7d2-4972-aca8-226eb611d162,95cc81eb-0e86-4c9e-be3e-fe3fc1f0ac3f,186c9887-56d9-4eae-8669-18c655539510,2025-11-24,present
6b93bfc8-af80-41bc-8e79-7f7a28b4393a,dc95017e-fe6e-4c4e-9e27-5a2ec00017fe,186c9887-56d9-4eae-8669-18c655539510,2025-11-24,present
a7077a20-4ca7-4277-b5d4-ecee656b6abb,e83fd51a-5233-405e-b975-efc6518f892c,186c9887-56d9-4eae-8669-18c655539510,2025-11-24,present
2f09521d-44e3-4a9b-894f-6c6a2fa4b3df,b9eb8e8d-d34b-49fd-81c6-b6b0aed88887,186c9887-56d9-4eae-8669-18c655539510,2025-11-24,present
f820f8fe-0b8a-4fbd-8c8c-66d8821f7626,f67b1037-6bbf-4475-b1aa-c1ec71e3c380,186c9887-56d9-4eae-8669-18c655539510,2025-11-24,present
138fd4c4-0386-49c7-ad97-ab71115a815b,a8dde461-dd0f-4d40-95da-4eb16818cc24,186c9887-56d9-4eae-8669-18c655539510,2025-11-24,present
346d82dd-a7b5-4f02-a6bb-afc5c2f81d16,fbe412fd-75de-4b44-997c-95bbffcbfe91,186c9887-56d9-4eae-8669-18c655539510,2025-11-24,absent
1978bfd1-45e1-4f38-92b4-e39cbfd69508,2ebe057f-2eef-4522-97e4-119c290da007,186c9887-56d9-4eae-8669-18c655539510,2025-11-24,present
3649eafc-ffd7-460e-b81f-8f06c9e4f5fa,7e9f1636-23ec-4ef3-9208-8fbdae1fcc31,186c9887-56d9-4eae-8669-18c655539510,2025-11-24,present
ac7b8928-7d9d-4f86-943c-95c2d9fcc9ea,449fbc07-a3b6-4dff-bebf-8602ff58538a,186c9887-56d9-4eae-8669-18c655539510,2025-11-24,present
36fed883-ee5c-48f9-800f-d41992608639,42ddbd51-a1c4-4bb1-8d68-5a810074800c,186c9887-56d9-4eae-8669-18c655539510,2025-11-24,present
26d90898-063a-418f-88e0-08e7d3dd3279,7fd8fca2-3fbe-4cc9-8006-89b7b2e12b3c,186c9887-56d9-4eae-8669-18c655539510,2025-11-24,present
ef28abdd-9425-4650-a038-97e461f41d92,61ff6b72-4ed8-4579-b6eb-951048f440a8,186c9887-56d9-4eae-8669-18c655539510,2025-11-24,present
c3abcaf0-d622-423d-83c9-b8a9334f3089,d99c9370-0313-4923-aeab-391f345da81d,186c9887-56d9-4eae-8669-18c655539510,2025-11-24,present
bcbf6d50-866b-4647-80da-9bbc016705ec,b384c181-33b6-4d3b-a72c-cd97ce5a609b,186c9887-56d9-4eae-8669-18c655539510,2025-11-24,present
1443ee68-5cff-4f98-a70b-50b4da93b374,7320768a-6482-4fca-be1f-7e447893702a,186c9887-56d9-4eae-8669-18c655539510,2025-11-24,present
c9f55486-9640-41aa-8a7d-80cb1f6c5d3b,c0d6875a-3d80-4546-8f50-7c4eafcd0f28,186c9887-56d9-4eae-8669-18c655539510,2025-11-24,present
e4917f24-5499-41b2-8893-6c651ecbaf0b,8d1e534f-74db-4618-9bf6-ff2f182d58a2,186c9887-56d9-4eae-8669-18c655539510,2025-11-24,late
32bcf157-1428-4e66-b28d-312c849565bf,d0189023-bb24-4020-b142-5ed3c6137bdb,186c9887-56d9-4eae-8669-18c655539510,2025-11-24,present
3ac09108-b020-4398-a335-03e929c7cfa6,4df6eba8-a1f9-4824-8e11-604d48e2122b,186c9887-56d9-4eae-8669-18c655539510,2025-11-24,present
8f8b28c5-d7ac-4083-be5f-a4de303db271,6b3a5972-64ba-4d5b-960e-ae2d96c87f55,186c9887-56d9-4eae-8669-18c655539510,2025-11-24,present
6345ddb0-7c24-40e8-bd96-bdc3e2ef09db,b146480e-a5db-4acc-af94-51e40a2cd1c0,186c9887-56d9-4eae-8669-18c655539510,2025-11-24,present
e482239e-5ca1-4f8a-bb9c-a48415182213,6d19c567-6871-4b81-9023-801101d960c7,186c9887-56d9-4eae-8669-18c655539510,2025-11-24,present
ac0d96df-b3e1-40f9-a79e-7d82fe8f1a19,79b14cb3-0d0c-4440-ba46-2ae841e60dfa,186c9887-56d9-4eae-8669-18c655539510,2025-11-24,present
b6fa592e-1282-409d-ae32-1879b257f7e0,e00e4e01-4785-414d-bae1-3f70fc472100,186c9887-56d9-4eae-8669-18c655539510,2025-11-24,present
0092c244-f663-4835-8b82-b01998edcada,13b90a11-a131-4def-8f20-14442cb09511,186c9887-56d9-4eae-8669-18c655539510,2025-11-24,present
d29a424e-232a-440c-929d-54cfb5f19777,cdb071c7-2227-4296-85c1-b79a716231b9,186c9887-56d9-4eae-8669-18c655539510,2025-11-24,present
49da460b-9f1a-49bb-83c6-bcb201a0bec2,c93ca0b7-baa3-406f-831f-0225d1ab3f8a,186c9887-56d9-4eae-8669-18c655539510,2025-11-24,late
d25556aa-4c7f-4f6c-91c9-5f035468ddb0,ca87113c-7ea1-4f5c-b858-8a9bdd27a5e6,186c9887-56d9-4eae-8669-18c655539510,2025-11-24,present
71b91eb1-d781-4a3d-8862-58f33a632ddc,a59ee7e4-f195-4ff1-b0d7-f2e2ac68dc45,186c9887-56d9-4eae-8669-18c655539510,2025-11-24,present
d9469eef-037b-4660-bf9a-47a4c23f935d,95560399-4ff9-447f-9d7a-b6ced221d39f,186c9887-56d9-4eae-8669-18c655539510,2025-11-24,present
0a016616-ecc4-48be-89cc-c94dc63a89e4,d6bd96ff-48c5-4328-9d30-9554e81d96e3,186c9887-56d9-4eae-8669-18c655539510,2025-11-24,present
cf86b471-702d-4ba3-8744-6b2c992dabcb,8af05ba4-50de-483a-b7cb-ae345187de5b,186c9887-56d9-4eae-8669-18c655539510,2025-11-24,present
999296c0-9d46-4a3a-ac9e-9ad6f1808fba,dfde01e6-73dc-476a-85a5-833b50af11d2,f26e48ec-a953-4d07-ad66-21fc361c3745,2025-11-24,present
d1c00e33-692a-403f-b116-a9833d1fd835,9fcccc97-da52-48e0-92c1-db6623e132c5,f26e48ec-a953-4d07-ad66-21fc361c3745,2025-11-24,present
931c090f-d246-4534-be88-74abe3e260b4,18609ac4-2061-4f4b-9500-48b1b7f576d7,f26e48ec-a953-4d07-ad66-21fc361c3745,2025-11-24,present
0e7ffd36-7348-49fd-97f1-eefc88fac1a5,fde2b51b-7a5e-408a-8d27-6893f9e91384,f26e48ec-a953-4d07-ad66-21fc361c3745,2025-11-24,present
1e34ec1c-d840-45c2-9952-5af46363270c,e0e93515-47fc-4588-981c-1474c1d76ab8,f26e48ec-a953-4d07-ad66-21fc361c3745,2025-11-24,present
f8184a51-6eb6-4027-85a8-e228893d6b75,409af852-6bf6-4499-ae24-e0c9212249f2,f26e48ec-a953-4d07-ad66-21fc361c3745,2025-11-24,present
269b5f53-3018-4117-bcef-f6524b97d326,dbdf4538-853d-4d6c-9c0c-81e68b7d00e9,f26e48ec-a953-4d07-ad66-21fc361c3745,2025-11-24,present
ceffec48-750e-4545-bb3a-3c6572775f0a,fc4d2b3b-8ac2-43a2-8d9f-ac2f4fd3b476,f26e48ec-a953-4d07-ad66-21fc361c3745,2025-11-24,present
e7152412-2a20-4f3c-a7bd-90f2f80d0424,e3dd03c7-0fad-454f-a4aa-851d7ecb4f39,f26e48ec-a953-4d07-ad66-21fc361c3745,2025-11-24,present
7fea99c0-c39e-4f2c-af5d-b40d9516fb28,7243e950-76a9-4b29-932e-3877fcded76e,f26e48ec-a953-4d07-ad66-21fc361c3745,2025-11-24,present
f2a87a32-58b1-45f9-88f9-09cf84598ee5,e6f64db9-e87f-498a-ae1d-6ce29800af27,f26e48ec-a953-4d07-ad66-21fc361c3745,2025-11-24,present
06258527-c3f7-493d-82cc-96eff9a00c9e,b0dd6910-03fa-4b3c-8461-e44ae950906a,f26e48ec-a953-4d07-ad66-21fc361c3745,2025-11-24,present
789a5bf7-8dac-4fbc-b73f-9390ad40bc54,5f3babed-773e-4d14-8bba-6ae33811f1e1,f26e48ec-a953-4d07-ad66-21fc361c3745,2025-11-24,present
fb158189-2e12-4114-a329-692f9c2e2e69,0f56d8a3-8512-44fa-917e-bd33f68dd3d5,f26e48ec-a953-4d07-ad66-21fc361c3745,2025-11-24,present
0c81a2ae-0bbb-4f8a-9127-b3a894cdf043,35a44d8e-9ae4-4553-b47a-1d4d7a7732fa,f26e48ec-a953-4d07-ad66-21fc361c3745,2025-11-24,present
417ef4a8-7a9b-414c-a72b-f255c06e68dc,5c3e876e-faa2-45b6-bddc-34b5f92c3c85,f26e48ec-a953-4d07-ad66-21fc361c3745,2025-11-24,present
cc567de6-5786-4185-8fc4-9db249609f2f,e9410b27-0034-4ba5-b14a-4c35993ce91e,f26e48ec-a953-4d07-ad66-21fc361c3745,2025-11-24,present
828488d5-bce7-4d2c-97b7-2799034116e9,1e9f4936-34a0-4482-b94e-0e1033964df4,f26e48ec-a953-4d07-ad66-21fc361c3745,2025-11-24,present
f7144af5-818a-41ff-8929-a5ac625e9b54,89ae8983-1411-4e0d-b54f-84f7e310338d,f26e48ec-a953-4d07-ad66-21fc361c3745,2025-11-24,present
d861e100-e1bd-4307-96e1-1a2782554164,12cd699b-29b7-4c1b-b2de-8a810b53bfb8,f26e48ec-a953-4d07-ad66-21fc361c3745,2025-11-24,present
6ca1bead-3bf9-4501-8439-c5c67f0e31e8,9fb85139-86ed-4985-82f5-2ffef84da203,f26e48ec-a953-4d07-ad66-21fc361c3745,2025-11-24,present
a827dfbd-bbfc-4cd0-9ff7-f464b8f45022,58da51bc-8036-4c5e-a3fe-e40189a96321,f26e48ec-a953-4d07-ad66-21fc361c3745,2025-11-24,present
8d262f0e-a549-4b3d-bdd5-e800b3f38e17,ce7e9529-25e8-4f73-a64c-a36fd21b89a1,f26e48ec-a953-4d07-ad66-21fc361c3745,2025-11-24,present
61356b77-8e6d-495f-ac63-657b0748db67,f6cac17c-08ab-4e1b-83f9-98352d40bbfc,f26e48ec-a953-4d07-ad66-21fc361c3745,2025-11-24,present
8b4cf3ff-7281-4696-897c-70625e7520de,e7896d5e-ef3f-4ad0-998f-8f2305b65f9f,f26e48ec-a953-4d07-ad66-21fc361c3745,2025-11-24,present
4a213b92-0145-4eb2-b125-3bbd68a95357,665adb35-5d2c-4491-8e4d-ec7aafe7d08d,f26e48ec-a953-4d07-ad66-21fc361c3745,2025-11-24,present
e00d0e10-bdc4-43af-82ea-2328aa765735,5689e9f2-0e4f-410c-9515-ecd1e1246b0e,f26e48ec-a953-4d07-ad66-21fc361c3745,2025-11-24,present
b7a62eaf-a666-4ae6-a4f2-1163e2ec90c5,80095a5e-1f3b-4f47-a423-d572b7f7361f,f26e48ec-a953-4d07-ad66-21fc361c3745,2025-11-24,present
cbd7dc58-6d9c-4a74-af5a-f74f531f37d3,aa417ffa-ba7b-4721-9980-cc9f5628cf34,f26e48ec-a953-4d07-ad66-21fc361c3745,2025-11-24,present
a3f414e3-75dc-4233-9df7-e8fae0e81097,d92662d3-56ed-43d0-b5e9-673ee75e4578,f26e48ec-a953-4d07-ad66-21fc361c3745,2025-11-24,late
afad1311-06f5-4b1c-b035-4df7b98a5062,d23cbda0-478b-42f8-b8c1-2a34fa624b0a,f26e48ec-a953-4d07-ad66-21fc361c3745,2025-11-24,present
b48ce112-b0ba-4612-bf5e-7c6590391638,da0c56bf-f5ca-4cf5-8114-c73084c1a507,f26e48ec-a953-4d07-ad66-21fc361c3745,2025-11-24,present
0ae0a027-df09-4561-8c5b-40ad0438ef92,378db48c-5b38-4fc1-ad00-d20be445debd,f26e48ec-a953-4d07-ad66-21fc361c3745,2025-11-24,present
298c221b-950a-4dbf-bfa4-c8a84e5f488a,e81c1566-91e0-49a3-b932-6409adb6d75c,f26e48ec-a953-4d07-ad66-21fc361c3745,2025-11-24,present
6a783bad-94b5-4500-9e55-401327d67fbb,67ce79bf-79ee-45b5-963d-2ae7c4ad4963,f26e48ec-a953-4d07-ad66-21fc361c3745,2025-11-24,present
d5a041dd-59bb-4e09-945c-6e65e5243950,0e489e4c-c62e-4b03-8b6f-5a0fda0749d3,f26e48ec-a953-4d07-ad66-21fc361c3745,2025-11-24,present
aa310a9e-8dac-4310-a2d0-c8399c529ed5,b351a55d-8431-48c5-a4bd-bc9c71a9c037,f26e48ec-a953-4d07-ad66-21fc361c3745,2025-11-24,present
7a16b2b7-9244-40ef-8c3d-51842628d1cd,348f0be6-8e95-4b15-a7e7-85d26132db10,f26e48ec-a953-4d07-ad66-21fc361c3745,2025-11-24,present
70454b91-52cd-47bc-9b5e-ec75c6bcb41f,ba9acd2c-0b31-426b-8d77-36497f842e51,f26e48ec-a953-4d07-ad66-21fc361c3745,2025-11-24,present
7ce8a656-034b-4c36-a2f0-9c33c6265f76,1102c5f9-fdfe-4be8-8010-5196a372f0ad,f26e48ec-a953-4d07-ad66-21fc361c3745,2025-11-24,present
4949f0e4-c701-4a87-9c5f-08cb5aeb504f,8ff80219-45a8-4813-a0ee-faf0a70472f7,f26e48ec-a953-4d07-ad66-21fc361c3745,2025-11-24,present
a704d05d-8176-40ba-bf06-a49e07acd6fa,1e83abaf-ffbc-40de-8caa-2e4c3672d200,f26e48ec-a953-4d07-ad66-21fc361c3745,2025-11-24,present
ed4cc1b6-d939-491f-80b1-0e1d33c19117,83f8ca96-fe91-469d-9f7b-a3359e371358,f26e48ec-a953-4d07-ad66-21fc361c3745,2025-11-24,present
9424d9ad-d3e9-4b75-bf93-22e1a725b56f,1a712bc3-44b4-4ced-8a57-afa9afed812c,f26e48ec-a953-4d07-ad66-21fc361c3745,2025-11-24,present
ddcec594-fcfc-476f-bfd5-e85e5ffd6538,a79429d2-94d5-468f-ad84-ad82748356a1,f26e48ec-a953-4d07-ad66-21fc361c3745,2025-11-24,present
760451dc-60b8-45d2-a705-5df72886b11e,959c7497-88a0-4ca4-9766-41f322fcca17,f26e48ec-a953-4d07-ad66-21fc361c3745,2025-11-24,present
b40b0ffc-295b-40e7-bb3a-97f962fc8b03,69b7c627-3027-40e1-9ece-cdcb7a3b056d,f26e48ec-a953-4d07-ad66-21fc361c3745,2025-11-24,present
ba4eff95-7b6d-4bf9-a879-b66581b03772,6ff9f11b-3be7-42cc-8329-d9837a7861a8,f26e48ec-a953-4d07-ad66-21fc361c3745,2025-11-24,present
fadea58b-9eed-4712-b52b-9e3f436c854f,b941dfa5-2339-407b-b360-ea45d42f86d1,f26e48ec-a953-4d07-ad66-21fc361c3745,2025-11-24,present
337690b6-4db6-47db-a47d-666c2448da44,582c4cdc-e1b6-4b54-84c2-2ef09be409bd,f26e48ec-a953-4d07-ad66-21fc361c3745,2025-11-24,present
1edbca4e-0ece-4ce8-a248-c7e66387d9b2,d7145688-6838-4275-87a3-37187c212737,f26e48ec-a953-4d07-ad66-21fc361c3745,2025-11-24,present
a8852fee-ae1b-401f-bd6a-bd13e39d1b8a,cec8696d-6201-4f13-8fd9-812add71aff1,f26e48ec-a953-4d07-ad66-21fc361c3745,2025-11-24,present
2f59cb37-d762-4753-a927-ee8446e1445c,52176f2b-630c-42d4-862c-03abe1ad2f4f,f26e48ec-a953-4d07-ad66-21fc361c3745,2025-11-24,present
422188d6-b559-4f57-ab45-ca55675ae838,75192c94-3090-4fbd-847e-4192ea935bc3,f26e48ec-a953-4d07-ad66-21fc361c3745,2025-11-24,present
36446ff8-2e58-4168-8641-59c9b1bd152a,c00c5868-82df-47a9-8f58-db2660402683,f26e48ec-a953-4d07-ad66-21fc361c3745,2025-11-24,present
76dc4cff-c484-40ff-bb5b-25f5e9c597b9,efa227bf-5620-4f38-a2be-8d7e514c526a,f26e48ec-a953-4d07-ad66-21fc361c3745,2025-11-24,present
8e356a12-3b03-4f9c-94de-6ee8eb312e33,8a44d8a4-f274-4ccc-ac13-440a40858650,f26e48ec-a953-4d07-ad66-21fc361c3745,2025-11-24,present
6775e185-f15a-4562-9dca-0a559e8a675a,232b9c03-8117-4f46-8aa8-71eb9248abf5,f26e48ec-a953-4d07-ad66-21fc361c3745,2025-11-24,present
ae091701-36cd-48f3-8249-75a33f8b31c8,522c4436-c3e2-4c12-983c-8db33ff0bde2,f26e48ec-a953-4d07-ad66-21fc361c3745,2025-11-24,absent
041e6384-f597-4c04-b673-de5fda9b7531,1fb7bd13-e194-4bab-8efc-957f8f14c235,f26e48ec-a953-4d07-ad66-21fc361c3745,2025-11-24,present
e5a618e2-7675-41a9-8745-01c426bd4a73,28108196-dae5-4fc5-ae57-4a58d12c32b4,f26e48ec-a953-4d07-ad66-21fc361c3745,2025-11-24,present
62b79265-350e-418e-9011-6b747950d7f6,b3b73401-0b3f-4318-ab99-7f2194d65760,f26e48ec-a953-4d07-ad66-21fc361c3745,2025-11-24,present
693dbf7f-2b5f-4069-a1db-52f32d338c47,2f41cfa7-dd92-43b4-a34f-4c775b84122b,f26e48ec-a953-4d07-ad66-21fc361c3745,2025-11-24,present
8645fe20-13d5-47ec-a674-12470bf30b27,af4ac983-b135-4f26-8921-e851370b575d,f26e48ec-a953-4d07-ad66-21fc361c3745,2025-11-24,late
ab324eef-5702-4cd2-9d08-57e8fc8ed82a,9c528a9a-2c70-4b80-887f-c2df847db842,f26e48ec-a953-4d07-ad66-21fc361c3745,2025-11-24,present
2b452cee-442b-4c25-a501-84c83139f892,03609cac-aec7-4842-b60f-9d40359bd4a7,f26e48ec-a953-4d07-ad66-21fc361c3745,2025-11-24,present
22166662-f038-421c-8afa-0c4d76599a8e,2b82b8e7-fb96-425f-9213-3be278546629,f26e48ec-a953-4d07-ad66-21fc361c3745,2025-11-24,present
65f861e5-01d0-4003-b5fa-8651830c2a97,5367ed44-0da2-40ac-a5b2-275b11419b76,f26e48ec-a953-4d07-ad66-21fc361c3745,2025-11-24,present
ed2c8b5f-9353-42b3-9bf2-bf5fd184f77a,d79e2e8a-09eb-4699-9385-b65a8003f139,f26e48ec-a953-4d07-ad66-21fc361c3745,2025-11-24,absent
5dac29d3-2874-41bd-ab70-48578b023984,1910f05a-4dec-4c13-9cb7-894bb3a24fce,f26e48ec-a953-4d07-ad66-21fc361c3745,2025-11-24,present
b6dcd3ec-0d1e-46a4-af12-85d928f3f172,4b75c123-ac27-44f4-8ffb-3f7a442027b7,f26e48ec-a953-4d07-ad66-21fc361c3745,2025-11-24,absent
9b42e6e8-ea74-4fd1-9232-b7c1816ebcd8,6953a9a2-be12-4871-8909-1ff9bf7dbf3a,f26e48ec-a953-4d07-ad66-21fc361c3745,2025-11-24,present
e5097d84-a060-404d-bacc-3e9bb51305c3,22dd2813-2556-456a-81ba-80e0d586f06e,f26e48ec-a953-4d07-ad66-21fc361c3745,2025-11-24,present
4da544d6-2c11-4c11-ba32-8f2ca68ca7fd,ef125f22-8298-477b-bb7b-57d85648256c,f26e48ec-a953-4d07-ad66-21fc361c3745,2025-11-24,present
3fe82e9d-bb39-4724-a102-85d66eea5324,8753fda5-a180-4ca9-bf58-08119570420a,f26e48ec-a953-4d07-ad66-21fc361c3745,2025-11-24,absent
0bf59c81-fc9f-410c-a8d1-af223b769ab3,8b8328d5-aa77-497a-af4f-e038866e5303,f26e48ec-a953-4d07-ad66-21fc361c3745,2025-11-24,present
fce14a37-296c-4977-9a9a-d35c9b084fa3,7775db12-2a7e-4bf6-97f9-4280ab778039,f26e48ec-a953-4d07-ad66-21fc361c3745,2025-11-24,present
20485a9c-4f73-4ba2-87aa-500b517b9538,37d9b1ae-2a51-40da-9e2d-6127465e026a,f26e48ec-a953-4d07-ad66-21fc361c3745,2025-11-24,present
354473b8-d956-41ff-9410-43b268aaa109,fbf6c166-54b6-49ec-8fb3-2e91791a9d8d,f26e48ec-a953-4d07-ad66-21fc361c3745,2025-11-24,present
7ab2ff35-880d-49f9-9862-5dd24ef26fb3,86289b20-9f98-44c0-bd30-23fcd49b7eba,f26e48ec-a953-4d07-ad66-21fc361c3745,2025-11-24,present
2b6bf1dd-9c26-4eb3-a922-ede75d075935,f1791d0c-b6fa-4e36-802e-e9dae8bff030,f26e48ec-a953-4d07-ad66-21fc361c3745,2025-11-24,present
d8612e26-9427-47e4-b406-e529b349dd18,5faf2a95-f2ad-4f6a-a6f4-74c2f595304b,f26e48ec-a953-4d07-ad66-21fc361c3745,2025-11-24,present
ddc3d97d-3f11-4981-83e9-b73f0e866e5c,dd3d2a7d-5ec3-4fcc-a6aa-cc840ab27274,f26e48ec-a953-4d07-ad66-21fc361c3745,2025-11-24,late
3e395766-5424-439f-a64f-4f74015d2a1a,c1ce561b-592d-47a8-a02a-4dc5c8b96b46,f26e48ec-a953-4d07-ad66-21fc361c3745,2025-11-24,present
1444dea2-639c-43bd-8b75-025b7b65c42e,a7da1f88-5f30-48f9-bba1-8f024a4d4653,f26e48ec-a953-4d07-ad66-21fc361c3745,2025-11-24,present
51ac63d1-6b1e-4e1f-a402-1a4ea275d91f,1a6f6886-39ec-4739-86c3-e2fa1735849f,f26e48ec-a953-4d07-ad66-21fc361c3745,2025-11-24,present
8b91d4e8-bdc0-4e06-9963-04a13d472532,90075d7a-0051-4623-a0f8-548875476cad,f26e48ec-a953-4d07-ad66-21fc361c3745,2025-11-24,present
002e835c-c3f8-4090-8341-09f54441bf77,f7603bb1-7e9c-4dc5-8266-f05f72715b62,f26e48ec-a953-4d07-ad66-21fc361c3745,2025-11-24,present
7d0189ae-b1e6-4fe7-964b-ba403f977220,0b238d18-91b0-4f0e-89e3-f15d160cc629,f26e48ec-a953-4d07-ad66-21fc361c3745,2025-11-24,present
63416e71-f77b-4ccd-8309-2943fd6c0dcb,16412f99-afdb-4b94-a96f-835e889421c9,f26e48ec-a953-4d07-ad66-21fc361c3745,2025-11-24,present
087e9932-13f8-4238-8c52-93e8e6a432eb,8a650e54-f9a3-4eba-ba4f-5c24b578bbc1,f26e48ec-a953-4d07-ad66-21fc361c3745,2025-11-24,present
e292a7f3-01a4-473c-afe9-56167c4c0182,eee41676-8b6c-4766-8231-c6fbc86119ea,f26e48ec-a953-4d07-ad66-21fc361c3745,2025-11-24,present
386a217d-8a57-4771-9521-e962aa992219,61862f62-649f-464b-b240-d0f66eb608ba,f26e48ec-a953-4d07-ad66-21fc361c3745,2025-11-24,present
66fb4ac3-b0d4-4ddf-942d-262f36d45da5,a526903b-178c-4066-b4b6-b97534618869,f26e48ec-a953-4d07-ad66-21fc361c3745,2025-11-24,present
a710a2a6-4f69-46fe-88df-4641ba347098,56f6fe42-f90b-4ca8-b264-98e6a7ba25f8,f26e48ec-a953-4d07-ad66-21fc361c3745,2025-11-24,present
946fb6ff-39aa-4ab1-b876-bde0dae8395e,1cb3dd75-8678-437d-bbbb-1ee4644e7817,f26e48ec-a953-4d07-ad66-21fc361c3745,2025-11-24,present
8ad10454-2527-4a69-b18a-ccad452e1ed4,67634b4e-a129-4fc4-8bc1-f4a47ef9d6f2,f26e48ec-a953-4d07-ad66-21fc361c3745,2025-11-24,present
154e06f7-4db6-4d68-80c1-4d4f16154481,f1fa9ec5-1fc6-4288-a02c-c15125990d7b,f26e48ec-a953-4d07-ad66-21fc361c3745,2025-11-24,present
1b5c5dda-7775-47e1-b135-c45be49aee5a,4c0b92cc-e2dd-4a32-9d14-9383264e6ece,f26e48ec-a953-4d07-ad66-21fc361c3745,2025-11-24,present
1470d56c-07c5-48ee-aff2-e528489be042,93824d5f-5413-4456-8e83-fa5fb081bf0b,f26e48ec-a953-4d07-ad66-21fc361c3745,2025-11-24,present
096f74e8-880e-4e79-a0dd-0b4b2a25b761,87578fdf-d7c1-4b6e-8e21-41efa143369c,f26e48ec-a953-4d07-ad66-21fc361c3745,2025-11-24,absent
efa760b8-85a2-43a2-956c-83e52f43b287,9749dea1-cdb2-40ae-b261-71baa0b53fa9,9c83da70-c80e-4510-9f2b-6f0fbca823e9,2025-11-24,present
f786b433-b61a-489e-b8e3-71f6c20440b8,fcc6595b-19c4-4904-800c-01f152fffeaf,9c83da70-c80e-4510-9f2b-6f0fbca823e9,2025-11-24,present
4b97c26e-2223-4105-a17e-9244304382ca,0678be7a-adcb-4bae-b743-3ffbcb06a82c,9c83da70-c80e-4510-9f2b-6f0fbca823e9,2025-11-24,present
dfcd5ae5-702d-4ceb-9bb1-c3a380f3d953,dfde01e6-73dc-476a-85a5-833b50af11d2,9c83da70-c80e-4510-9f2b-6f0fbca823e9,2025-11-24,present
b16fcc33-d140-4441-af27-e20e15c8fc99,9fcccc97-da52-48e0-92c1-db6623e132c5,9c83da70-c80e-4510-9f2b-6f0fbca823e9,2025-11-24,present
9c19547f-0cdb-4690-8ddc-c570da7671e3,264980b0-374d-4809-868c-95d84435f5b8,9c83da70-c80e-4510-9f2b-6f0fbca823e9,2025-11-24,present
9f3172d9-57bc-4a4c-93f1-42170a310823,fde2b51b-7a5e-408a-8d27-6893f9e91384,9c83da70-c80e-4510-9f2b-6f0fbca823e9,2025-11-24,present
de88e0fe-9a79-4c6c-a277-97a71278ccf2,1268d57d-d1ce-499d-8aba-8c74a8bfd12d,9c83da70-c80e-4510-9f2b-6f0fbca823e9,2025-11-24,present
6e2beb6a-ac92-47df-92d3-509e8ff8711f,3b98a576-f515-4d7c-aec6-261da10e28cb,9c83da70-c80e-4510-9f2b-6f0fbca823e9,2025-11-24,present
53ec6667-dc0c-40d5-b081-d62d6616bdad,dbdf4538-853d-4d6c-9c0c-81e68b7d00e9,9c83da70-c80e-4510-9f2b-6f0fbca823e9,2025-11-24,present
ac3fed09-681b-4a41-8745-d0d5a1ab72d4,fc4d2b3b-8ac2-43a2-8d9f-ac2f4fd3b476,9c83da70-c80e-4510-9f2b-6f0fbca823e9,2025-11-24,present
3865af7a-6f91-48d3-a71c-2e7968215b68,e6f64db9-e87f-498a-ae1d-6ce29800af27,9c83da70-c80e-4510-9f2b-6f0fbca823e9,2025-11-24,present
3734fdfa-e58d-40d8-b25f-6c1a51ef7b9c,ddf9961f-fe89-44bd-b2aa-7359b7cb5dff,9c83da70-c80e-4510-9f2b-6f0fbca823e9,2025-11-24,present
6640746d-2206-43f7-8ba4-57fa6794a4ee,0f56d8a3-8512-44fa-917e-bd33f68dd3d5,9c83da70-c80e-4510-9f2b-6f0fbca823e9,2025-11-24,present
f65e0608-31cc-4b02-a6bf-fd86188626e4,d4cc997c-e781-4ad9-a1bc-3db6bcf64977,9c83da70-c80e-4510-9f2b-6f0fbca823e9,2025-11-24,present
6aef8cce-3907-4af3-a296-627a2316fce3,39badfac-18c2-4e39-9f0d-995e71ab6f4b,9c83da70-c80e-4510-9f2b-6f0fbca823e9,2025-11-24,absent
b3a9da85-72b6-491e-9de3-0f8ceadcb9cc,9cf08b45-841b-46e3-89c5-7c345d832e39,9c83da70-c80e-4510-9f2b-6f0fbca823e9,2025-11-24,present
b66a0146-70c0-4679-8db4-8f2009ffbc05,5c3e876e-faa2-45b6-bddc-34b5f92c3c85,9c83da70-c80e-4510-9f2b-6f0fbca823e9,2025-11-24,present
9676be9d-0e46-40f4-a77d-7088ede5522a,a4352dd5-f5f7-47d9-bcf0-8c87e3fb9044,9c83da70-c80e-4510-9f2b-6f0fbca823e9,2025-11-24,late
13151320-b671-4680-a1b8-951ed6c7a1d8,5ffc15de-1e39-4d9f-bdd9-c50d9c36f940,9c83da70-c80e-4510-9f2b-6f0fbca823e9,2025-11-24,late
f187a258-1143-48e7-b5ac-c90872a62f24,b2c6db82-0dc3-40c9-828d-a20cad952690,9c83da70-c80e-4510-9f2b-6f0fbca823e9,2025-11-24,present
b4025548-0951-48f2-89ad-1070fb9340c2,58da51bc-8036-4c5e-a3fe-e40189a96321,9c83da70-c80e-4510-9f2b-6f0fbca823e9,2025-11-24,present
366074a7-80dd-4a78-bb09-03aa828870fa,ce7e9529-25e8-4f73-a64c-a36fd21b89a1,9c83da70-c80e-4510-9f2b-6f0fbca823e9,2025-11-24,present
f23a6ec4-24e4-49ae-9401-5856db32dbfb,d2c4b956-577f-4a55-adc3-d84f5a9f5934,9c83da70-c80e-4510-9f2b-6f0fbca823e9,2025-11-24,present
d06ffb4e-03ad-4b64-acdf-c8bbff4d128c,0d0ae77d-7741-4464-9b32-bed03d543028,9c83da70-c80e-4510-9f2b-6f0fbca823e9,2025-11-24,late
6983f827-b0eb-4158-afb8-66e4c570859b,46020511-826b-40c3-8daa-b22873d925ea,9c83da70-c80e-4510-9f2b-6f0fbca823e9,2025-11-24,present
42ae7e01-de5e-4cf7-a795-d244222d6325,e7896d5e-ef3f-4ad0-998f-8f2305b65f9f,9c83da70-c80e-4510-9f2b-6f0fbca823e9,2025-11-24,present
b8374b51-8e15-4f9e-9b62-bc8a1be8ac13,86dd5976-96d2-42d4-89e7-373a56bbd9cb,9c83da70-c80e-4510-9f2b-6f0fbca823e9,2025-11-24,present
0eacab66-2c20-4d05-b350-1d3b296ebb52,3445db33-7c1d-445e-8e6b-0af92d18b526,9c83da70-c80e-4510-9f2b-6f0fbca823e9,2025-11-24,present
5f2b06fb-0ee9-4a83-a394-18d7c5c24739,cda2e925-014a-4b6a-8d02-cff478eeeea5,9c83da70-c80e-4510-9f2b-6f0fbca823e9,2025-11-24,present
34bd595b-1eff-44b8-9df1-094d45b684ce,5689e9f2-0e4f-410c-9515-ecd1e1246b0e,9c83da70-c80e-4510-9f2b-6f0fbca823e9,2025-11-24,present
4e334f6f-3196-459d-88a2-597559913b03,260ab532-e738-4a3b-8739-aef67ea4dc66,9c83da70-c80e-4510-9f2b-6f0fbca823e9,2025-11-24,present
91ba315e-6d29-44a5-bf8a-6c7241d2e6aa,0abcdfa0-ccc1-4cf1-92df-7cc950ac6370,9c83da70-c80e-4510-9f2b-6f0fbca823e9,2025-11-24,present
39996cb9-46b0-4b28-ace8-bb8da352b7ca,97521e13-031d-4f63-aeda-b28d961e8dc4,9c83da70-c80e-4510-9f2b-6f0fbca823e9,2025-11-24,late
5ec2e05f-f084-4d83-8efb-089fcd03435e,89a1b8c2-6394-493e-a5c6-88f1c06ef3af,9c83da70-c80e-4510-9f2b-6f0fbca823e9,2025-11-24,present
08a24aeb-14d8-4c14-a27c-4e9041dc2d46,f4ddb493-feb8-43c6-9c8f-16ca59fb7ebd,9c83da70-c80e-4510-9f2b-6f0fbca823e9,2025-11-24,present
2348f505-07cd-49a6-a042-727e99aa8f28,4b37e843-dc76-49cc-b383-99769040699d,9c83da70-c80e-4510-9f2b-6f0fbca823e9,2025-11-24,present
bd29ffab-ed6a-4260-b5a9-2828d168f636,836aa600-e1f6-46f7-b068-870bb7e9487c,9c83da70-c80e-4510-9f2b-6f0fbca823e9,2025-11-24,present
27fe60ec-46f1-42d7-a085-50f2bcbb5ab0,f48cba60-a3c9-4531-883d-f28684c2f698,9c83da70-c80e-4510-9f2b-6f0fbca823e9,2025-11-24,present
3311bf33-b49b-45c6-9a1c-77efb497f403,60d651e2-2705-4933-aca5-f6c07bbbc98a,9c83da70-c80e-4510-9f2b-6f0fbca823e9,2025-11-24,present
95803624-84a6-4ff7-a63c-e4e79269008b,abc59420-b3bf-4ef2-9283-62de849b8b28,9c83da70-c80e-4510-9f2b-6f0fbca823e9,2025-11-24,present
33404f77-02be-4b45-bd38-7bdf3cdc8fa6,35348d74-6454-45ae-ae27-ea04eda5e464,9c83da70-c80e-4510-9f2b-6f0fbca823e9,2025-11-24,present
6cb256a0-2e77-44f5-9526-7f69c6ecb610,497b6941-546a-43d1-aebb-a2344d3fdce9,9c83da70-c80e-4510-9f2b-6f0fbca823e9,2025-11-24,present
f234083e-38b9-4d8d-a05f-44f31021e881,0e489e4c-c62e-4b03-8b6f-5a0fda0749d3,9c83da70-c80e-4510-9f2b-6f0fbca823e9,2025-11-24,present
f58cd380-524d-4621-8eea-aef8e7e31285,b351a55d-8431-48c5-a4bd-bc9c71a9c037,9c83da70-c80e-4510-9f2b-6f0fbca823e9,2025-11-24,present
83f5011f-17a2-4f3c-8667-fc22f65d74f8,c7d966f9-1349-4412-ac47-1fa5f3dc262c,9c83da70-c80e-4510-9f2b-6f0fbca823e9,2025-11-24,present
5270f710-0d60-460e-ada1-3e93032b8221,d78eb5e0-fab9-41f2-ba40-9e8b2a20c8cc,9c83da70-c80e-4510-9f2b-6f0fbca823e9,2025-11-24,present
f8351a9f-7c54-4bb1-bf35-b3b69141ea76,ba9acd2c-0b31-426b-8d77-36497f842e51,9c83da70-c80e-4510-9f2b-6f0fbca823e9,2025-11-24,present
21886c62-8a28-4376-bb8b-efbabb948c3d,c1675799-4067-4779-b548-b8458a03a754,9c83da70-c80e-4510-9f2b-6f0fbca823e9,2025-11-24,present
e7385a67-e314-433b-b312-8d8c95d6be03,9eea7266-5f7e-4593-b105-728bee569230,9c83da70-c80e-4510-9f2b-6f0fbca823e9,2025-11-24,present
ee582196-8835-46c4-bf34-15f0b81ca5aa,5b61949a-32d9-417c-88f2-8a7e6b484573,9c83da70-c80e-4510-9f2b-6f0fbca823e9,2025-11-24,present
0b2dcffb-2b54-4d8c-8614-83e9957c81a4,93d6ccaa-fb54-4bce-bba1-373a31fd98eb,9c83da70-c80e-4510-9f2b-6f0fbca823e9,2025-11-24,present
fa8b0557-4c58-4813-bb51-3257c7bdd8bc,0a8a2f3b-e546-40a4-a880-cb89aaccc3ca,9c83da70-c80e-4510-9f2b-6f0fbca823e9,2025-11-24,present
413dbd36-6db3-4fb1-9099-73f7d19b3379,1102c5f9-fdfe-4be8-8010-5196a372f0ad,9c83da70-c80e-4510-9f2b-6f0fbca823e9,2025-11-24,present
c16c4a11-9065-44de-b189-6650ebed5953,9d9374bf-948e-4a10-bd74-83a22975d1cc,9c83da70-c80e-4510-9f2b-6f0fbca823e9,2025-11-24,present
74c990f8-4ffe-4d88-a295-3c40aeb74f9f,32b4efb7-51ce-45ff-bc14-7cadedb93e92,9c83da70-c80e-4510-9f2b-6f0fbca823e9,2025-11-24,present
de952248-a409-42aa-a780-58bb6765c15f,a0ec5113-285c-4839-9a78-9dc2b66aa88b,9c83da70-c80e-4510-9f2b-6f0fbca823e9,2025-11-24,present
5c03a92f-d9ea-431d-bd47-fb3331fb5e07,8e3f2671-0307-4ec0-b691-cf5ea09f31ac,9c83da70-c80e-4510-9f2b-6f0fbca823e9,2025-11-24,present
305dbc89-d9d4-42e0-b231-72da94211756,b941dfa5-2339-407b-b360-ea45d42f86d1,9c83da70-c80e-4510-9f2b-6f0fbca823e9,2025-11-24,present
3c0a8832-3db8-47f1-8ba5-c537c172fe36,9821db12-c4c3-46a5-a355-fac82a8d43c5,9c83da70-c80e-4510-9f2b-6f0fbca823e9,2025-11-24,present
c9f90468-483a-4227-b880-7864bee538a7,582c4cdc-e1b6-4b54-84c2-2ef09be409bd,9c83da70-c80e-4510-9f2b-6f0fbca823e9,2025-11-24,present
fef11fa5-725f-476f-953b-76dc8d55e65b,d7145688-6838-4275-87a3-37187c212737,9c83da70-c80e-4510-9f2b-6f0fbca823e9,2025-11-24,present
2db8f695-2f48-4b21-a6f9-b88a5c06c32c,80bcc0f5-ede9-4f30-b948-25c7e8cc91c8,9c83da70-c80e-4510-9f2b-6f0fbca823e9,2025-11-24,present
ce0a0aa5-c95f-4aeb-b872-6edfffcdece8,22b837bf-4c3a-4e85-a5d9-1a1b9be64394,9c83da70-c80e-4510-9f2b-6f0fbca823e9,2025-11-24,present
e1ec9ff2-541b-41f0-b1a7-e77b4dc50592,d1b95595-5946-4bd4-84b4-9017a8ebd631,9c83da70-c80e-4510-9f2b-6f0fbca823e9,2025-11-24,present
111a34d5-93b7-46c1-a72e-1e022aaee284,75192c94-3090-4fbd-847e-4192ea935bc3,9c83da70-c80e-4510-9f2b-6f0fbca823e9,2025-11-24,present
98b886f3-2df5-4d09-b4b2-932e678f3a34,fa7f3d1f-1b45-4704-a1a1-aa773b2f0a73,9c83da70-c80e-4510-9f2b-6f0fbca823e9,2025-11-24,late
f344b8d2-cb98-4150-b8ec-549e0c16f90f,c00c5868-82df-47a9-8f58-db2660402683,9c83da70-c80e-4510-9f2b-6f0fbca823e9,2025-11-24,present
3d61ad91-5e6d-41e9-a626-6290fb6a7a20,08df9c72-feb0-4ec1-acca-4b600db5ac0f,9c83da70-c80e-4510-9f2b-6f0fbca823e9,2025-11-24,present
6401e09b-7736-4c40-ae3d-80c1491cda2d,f8f46d16-b3b2-4706-b380-1ff63a2e927f,9c83da70-c80e-4510-9f2b-6f0fbca823e9,2025-11-24,present
8f060e56-332a-4f55-928f-5b7be48c010c,d3ac1568-9b7f-446f-9086-f461f76bbb5d,9c83da70-c80e-4510-9f2b-6f0fbca823e9,2025-11-24,present
44712bdd-c542-49eb-b134-3a18e15bbc36,1fb7bd13-e194-4bab-8efc-957f8f14c235,9c83da70-c80e-4510-9f2b-6f0fbca823e9,2025-11-24,present
4004998e-74ca-4997-9629-794ab294f162,af4ac983-b135-4f26-8921-e851370b575d,9c83da70-c80e-4510-9f2b-6f0fbca823e9,2025-11-24,present
b6ce8d2d-10b4-43c2-9af3-bcffe38a829e,03609cac-aec7-4842-b60f-9d40359bd4a7,9c83da70-c80e-4510-9f2b-6f0fbca823e9,2025-11-24,present
7193b9c3-5b39-42a6-ac87-23b0935a8fdc,82df1d1d-b8ae-4ba3-9baf-395548055153,9c83da70-c80e-4510-9f2b-6f0fbca823e9,2025-11-24,present
5155d540-1159-46d6-bf2e-0876c9982343,a8e1464c-a341-4fb5-accf-3b641fbf5b76,9c83da70-c80e-4510-9f2b-6f0fbca823e9,2025-11-24,present
14cedc90-fb01-497a-8397-3e769c22d79f,d79e2e8a-09eb-4699-9385-b65a8003f139,9c83da70-c80e-4510-9f2b-6f0fbca823e9,2025-11-24,late
d189558c-d672-4312-ac85-19e5da66e890,f46cc870-32ed-4ef7-b3aa-cad9e6f50aae,9c83da70-c80e-4510-9f2b-6f0fbca823e9,2025-11-24,present
f9bcc98b-6530-4516-a3d5-b71aed584f90,d98e137a-ca01-4cbf-b05d-89f242d73e93,9c83da70-c80e-4510-9f2b-6f0fbca823e9,2025-11-24,present
bdb06b24-e4f8-4e9e-8324-1d7c117e3855,4b75c123-ac27-44f4-8ffb-3f7a442027b7,9c83da70-c80e-4510-9f2b-6f0fbca823e9,2025-11-24,late
e5dc9f4f-f9b2-48a5-9853-1af5c54c9e31,2dcf22ff-5864-4110-be2a-b66d44435e95,9c83da70-c80e-4510-9f2b-6f0fbca823e9,2025-11-24,present
f54bffa4-3864-4ef8-be0d-55f97d5552f5,6953a9a2-be12-4871-8909-1ff9bf7dbf3a,9c83da70-c80e-4510-9f2b-6f0fbca823e9,2025-11-24,present
080ca464-3623-4ab4-970a-545198e2d6f2,8753fda5-a180-4ca9-bf58-08119570420a,9c83da70-c80e-4510-9f2b-6f0fbca823e9,2025-11-24,absent
d6a4b7d6-61f5-4258-99c2-ee4513a0386f,dd3a2b38-b78d-4738-bb6c-8a9c6a340b70,9c83da70-c80e-4510-9f2b-6f0fbca823e9,2025-11-24,absent
3cfefff7-a808-4cd2-9a29-61ededa68343,2edc3161-cb68-4384-a701-be3da5194e6b,9c83da70-c80e-4510-9f2b-6f0fbca823e9,2025-11-24,present
3bf5677e-6cb6-4ceb-8343-8ed03b9fc1e4,37d9b1ae-2a51-40da-9e2d-6127465e026a,9c83da70-c80e-4510-9f2b-6f0fbca823e9,2025-11-24,present
9fb08472-9b25-469f-afe9-465a1fb1c41b,fbf6c166-54b6-49ec-8fb3-2e91791a9d8d,9c83da70-c80e-4510-9f2b-6f0fbca823e9,2025-11-24,present
e05a55a8-051f-4202-9a85-ff599a939219,21673246-671e-40f8-84ed-54bbaa213477,9c83da70-c80e-4510-9f2b-6f0fbca823e9,2025-11-24,present
c2579a4b-daf2-4639-aea6-f08845fcc0a1,b2e4bfa0-a569-414b-97e8-2977992cef07,9c83da70-c80e-4510-9f2b-6f0fbca823e9,2025-11-24,present
9fd54f76-4c60-43a6-bcdf-07053d634f31,57aa2b47-aa29-471e-9f11-89a8413f1325,9c83da70-c80e-4510-9f2b-6f0fbca823e9,2025-11-24,present
2fa92127-6082-4f73-86d4-c602938257da,4c1d6d3d-f405-4372-903c-9361aef8fdef,9c83da70-c80e-4510-9f2b-6f0fbca823e9,2025-11-24,present
1260b1bd-36c9-4ae7-8a43-412cd927441b,14326f07-45ab-48d8-ad56-3bfb8ed25e0f,9c83da70-c80e-4510-9f2b-6f0fbca823e9,2025-11-24,present
4697186f-d6d5-4e1b-a0f7-ca842df64d12,a7da1f88-5f30-48f9-bba1-8f024a4d4653,9c83da70-c80e-4510-9f2b-6f0fbca823e9,2025-11-24,present
e2fefc02-27b7-4ccd-aa84-f651346d4ebe,1a6f6886-39ec-4739-86c3-e2fa1735849f,9c83da70-c80e-4510-9f2b-6f0fbca823e9,2025-11-24,present
352fcc0b-7a27-449f-8eed-8fd68f986540,24fa1aed-4b64-4140-9bcd-3e9ba701d22c,9c83da70-c80e-4510-9f2b-6f0fbca823e9,2025-11-24,present
ff581a3c-b588-4c9d-8de8-926d1bb63ebd,23101779-dfb1-4b16-91c5-b8a7118b7c25,9c83da70-c80e-4510-9f2b-6f0fbca823e9,2025-11-24,present
2ce3562a-ec72-44b8-a0e8-d845c750e51e,32c9cfe1-c60f-4bc8-b4b4-cb180f1b9242,9c83da70-c80e-4510-9f2b-6f0fbca823e9,2025-11-24,present
aeebedaf-fc30-4b47-853a-5b8b655022d4,3e76c81f-618c-429d-bfc6-6e9c8cb271d8,9c83da70-c80e-4510-9f2b-6f0fbca823e9,2025-11-24,present
c961af73-e26c-4ba3-a55f-b0721e878926,8a650e54-f9a3-4eba-ba4f-5c24b578bbc1,9c83da70-c80e-4510-9f2b-6f0fbca823e9,2025-11-24,late
ce9cf11a-f36e-4cf2-817d-f419e9558eeb,eee41676-8b6c-4766-8231-c6fbc86119ea,9c83da70-c80e-4510-9f2b-6f0fbca823e9,2025-11-24,present
fd2d6c68-b724-4fab-aea9-eb32d6fd0939,b92ab969-cf9e-47eb-9a96-d564089adf92,9c83da70-c80e-4510-9f2b-6f0fbca823e9,2025-11-24,present
0d3db709-d0ae-4ecf-80e9-d71c34aaf251,a526903b-178c-4066-b4b6-b97534618869,9c83da70-c80e-4510-9f2b-6f0fbca823e9,2025-11-24,present
3223b315-01c8-4d25-97eb-e8cf51b4fe7b,1cb3dd75-8678-437d-bbbb-1ee4644e7817,9c83da70-c80e-4510-9f2b-6f0fbca823e9,2025-11-24,present
6fa9cf60-6450-4575-97e4-f5483a8245b7,f1fa9ec5-1fc6-4288-a02c-c15125990d7b,9c83da70-c80e-4510-9f2b-6f0fbca823e9,2025-11-24,absent
dd00af95-1743-4e7e-b5a5-a0cc4994f505,b5c32612-b0c1-4ae2-9040-d0f18821018c,9c83da70-c80e-4510-9f2b-6f0fbca823e9,2025-11-24,present
bc879979-d5e4-4b69-84b4-aabd0c8b89ff,a9fb4bd6-dfb5-4466-82d5-7a3a533c7aa1,9c83da70-c80e-4510-9f2b-6f0fbca823e9,2025-11-24,present
55cb680a-69f6-4e2c-89bd-ae4846a04261,2dd68460-20f4-41da-98d6-e03cde916da4,9c83da70-c80e-4510-9f2b-6f0fbca823e9,2025-11-24,present
70083d94-c878-4b9a-9a1c-9b82384531f5,b11ccc49-683c-472e-b727-66ff1207eb06,9c83da70-c80e-4510-9f2b-6f0fbca823e9,2025-11-24,absent
