id,student_id,course_id,enrollment_date,completion_date
c259bcfb-44ef-41f8-967f-2f1efa45ef23,b2a4465b-4171-40f8-84bf-3823c288eaeb,f59ac703-f594-48e7-8827-c317fd037046,2025-12-02,
dbfed668-454d-4688-8d63-966a22906cb0,b2a4465b-4171-40f8-84bf-3823c288eaeb,4d6bb408-d52c-48e9-8390-af91ea71500f,2025-12-02,
06864a55-a5ed-4fde-8935-6ab72dd569bb,e6598944-8a9c-4e86-9ab2-abf8934dd52d,4d6bb408-d52c-48e9-8390-af91ea71500f,2025-12-02,
132d92c9-ec9f-4a24-8a70-52a4fa95866f,e6598944-8a9c-4e86-9ab2-abf8934dd52d,2c0625b9-58b3-4efb-9b42-918932b3e14e,2025-12-02,
2943a583-e2d2-437d-a506-b396a2fb1fe7,4e5f93d9-4097-4778-a042-e4b1478e1d6a,4d6bb408-d52c-48e9-8390-af91ea71500f,2025-12-02,
ea0b1b9a-2d86-412c-8c0e-c2c3efd0b3d7,4e5f93d9-4097-4778-a042-e4b1478e1d6a,f59ac703-f594-48e7-8827-c317fd037046,2025-12-02,
df428c3a-9143-4bf6-9e19-fb4323f2aca5,f65d6a60-3d1f-4458-8ee7-9f4fb4ce006b,f59ac703-f594-48e7-8827-c317fd037046,2025-12-02,
92ae699c-4630-4bab-9a85-8b5bebbf1164,f65d6a60-3d1f-4458-8ee7-9f4fb4ce006b,2c0625b9-58b3-4efb-9b42-918932b3e14e,2025-12-02,
881a7105-4d10-49fe-b7ee-916f77e7d5ea,91b03cc1-8b57-4f24-aed2-88cfc7448add,7a633de8-13a3-41f5-b3f2-b71a2fd33ad6,2025-12-02,
c0cc333c-bfec-49ca-a09d-3d769f48a4bd,91b03cc1-8b57-4f24-aed2-88cfc7448add,2c0625b9-58b3-4efb-9b42-918932b3e14e,2025-12-02,
20baa372-1acc-41c0-bbc5-c85dd978703d,89e5e760-8205-4b37-aa57-9e84196b2ebc,2c0625b9-58b3-4efb-9b42-918932b3e14e,2025-12-02,
fdfe55c8-1780-40c1-8717-3bf9591a66a4,89e5e760-8205-4b37-aa57-9e84196b2ebc,4d6bb408-d52c-48e9-8390-af91ea71500f,2025-12-02,
c8bec42e-c5e0-45f8-94bc-d43cf8b0ce88,a21e67a1-d192-49a7-b58c-efc4f2b0cd40,f59ac703-f594-48e7-8827-c317fd037046,2025-12-02,
99e25f82-5d3d-47e7-8a8b-059783b06f78,a21e67a1-d192-49a7-b58c-efc4f2b0cd40,2c0625b9-58b3-4efb-9b42-918932b3e14e,2025-12-02,
3c244048-2799-4c4b-9a82-c5a5d026600a,43c357c5-c37a-42b7-b528-c39af38682fd,f59ac703-f594-48e7-8827-c317fd037046,2025-12-02,
b16538a6-3a07-4686-80b6-f13bc9429d95,43c357c5-c37a-42b7-b528-c39af38682fd,7a633de8-13a3-41f5-b3f2-b71a2fd33ad6,2025-12-02,
ef4dcee4-4e47-4325-8646-31161ea95172,a58c390c-655e-40f5-bf6b-c77e56d0f722,2c0625b9-58b3-4efb-9b42-918932b3e14e,2025-12-02,
1baef538-24cd-43ae-9660-1eadbd19760b,a58c390c-655e-40f5-bf6b-c77e56d0f722,4d6bb408-d52c-48e9-8390-af91ea71500f,2025-12-02,
6fb18b59-4365-44d4-ba7b-b129da9fc221,f01d5a72-4f6c-4665-81d2-9ab4ed885485,2c0625b9-58b3-4efb-9b42-918932b3e14e,2025-12-02,
1923a2b0-ead9-4c0a-b49a-d132c4222ee1,f01d5a72-4f6c-4665-81d2-9ab4ed885485,7a633de8-13a3-41f5-b3f2-b71a2fd33ad6,2025-12-02,
c82ca552-10db-43b2-8c0e-f74c5d6d3285,f2e92a7f-65e4-48de-9b09-5c44d8b9a0e9,7a633de8-13a3-41f5-b3f2-b71a2fd33ad6,2025-12-02,
32538bb5-4f22-4f53-a781-2caaba5c9d6c,f2e92a7f-65e4-48de-9b09-5c44d8b9a0e9,f59ac703-f594-48e7-8827-c317fd037046,2025-12-02,
fa2d9e64-f9b7-41c0-bd90-3c7de69482d2,5029ca7d-14d1-4a95-ba62-82b52935c35c,2c0625b9-58b3-4efb-9b42-918932b3e14e,2025-12-02,
44804507-1e95-45aa-a1c8-4598493456c6,5029ca7d-14d1-4a95-ba62-82b52935c35c,f59ac703-f594-48e7-8827-c317fd037046,2025-12-02,
1697f691-833d-486d-8a9f-2bab88ba27b9,86d897bd-9e3a-499b-a77f-cb35615343b2,f59ac703-f594-48e7-8827-c317fd037046,2025-12-02,
be1b062c-95c5-480f-a1bf-7149b227b143,86d897bd-9e3a-499b-a77f-cb35615343b2,7a633de8-13a3-41f5-b3f2-b71a2fd33ad6,2025-12-02,
c89590cb-9c0c-4984-aada-a6e449851b41,5d2732f0-8478-4457-b8b3-ea3dd4eaa9ad,7a633de8-13a3-41f5-b3f2-b71a2fd33ad6,2025-12-02,
9954522a-6014-48d1-b1b3-2906068b831d,5d2732f0-8478-4457-b8b3-ea3dd4eaa9ad,f59ac703-f594-48e7-8827-c317fd037046,2025-12-02,
d3f060e2-50e8-42df-9d9f-37ab5a0b133e,2aca9039-4fbe-40d2-8d57-2f6a0821c203,4d6bb408-d52c-48e9-8390-af91ea71500f,2025-12-02,
af97861b-5a8e-4178-9543-d53c5d53ee60,2aca9039-4fbe-40d2-8d57-2f6a0821c203,2c0625b9-58b3-4efb-9b42-918932b3e14e,2025-12-02,
d3c37e88-8798-4030-a253-d604d726bb02,79d54205-289e-4bca-bea5-f90692cb5f0c,2c0625b9-58b3-4efb-9b42-918932b3e14e,2025-12-02,
5f72f5e0-301d-4b62-b1aa-3b27832b6200,79d54205-289e-4bca-bea5-f90692cb5f0c,f59ac703-f594-48e7-8827-c317fd037046,2025-12-02,
54b946fb-0bd1-43a4-bd0c-4477b2e8af8a,acb854f8-aba5-4023-bf1d-449013cb3448,4d6bb408-d52c-48e9-8390-af91ea71500f,2025-12-02,
97e3bc80-8a88-44be-9bc0-e2e25b9c363b,acb854f8-aba5-4023-bf1d-449013cb3448,2c0625b9-58b3-4efb-9b42-918932b3e14e,2025-12-02,
036b1957-ad16-4fde-b83d-88877fa76026,d8cd30e1-60e4-4182-84c3-9eae933739a0,f59ac703-f594-48e7-8827-c317fd037046,2025-12-02,
7c1904c4-8496-410f-9ac7-8596248a4e60,d8cd30e1-60e4-4182-84c3-9eae933739a0,2c0625b9-58b3-4efb-9b42-918932b3e14e,2025-12-02,
2348bef9-edf8-4ca7-9d37-8e97e2df0e8d,37d70e87-1953-4cda-ae45-29aef9a0af82,2c0625b9-58b3-4efb-9b42-918932b3e14e,2025-12-02,
06e18550-deb5-4ade-8500-dcbc3305c0c3,37d70e87-1953-4cda-ae45-29aef9a0af82,4d6bb408-d52c-48e9-8390-af91ea71500f,2025-12-02,
fe9bbb88-b4c6-4436-a269-588a7d47b053,3e1b877a-ae26-4d23-a0ee-ac8e408245f9,7a633de8-13a3-41f5-b3f2-b71a2fd33ad6,2025-12-02,
03b07fab-83e1-45aa-ab2f-852e27abf28a,3e1b877a-ae26-4d23-a0ee-ac8e408245f9,2c0625b9-58b3-4efb-9b42-918932b3e14e,2025-12-02,
07a94d73-d019-4b8f-901a-09aba8068054,401828ff-98fe-4bcc-9447-f4b1ca9d8959,f59ac703-f594-48e7-8827-c317fd037046,2025-12-02,
6473a350-6a8b-4a9c-b325-956fbbb39a31,401828ff-98fe-4bcc-9447-f4b1ca9d8959,2c0625b9-58b3-4efb-9b42-918932b3e14e,2025-12-02,
883b91aa-3c3a-4c05-b732-d6df36e53f08,17f1e371-0469-4158-88f6-c638655f6a6a,4d6bb408-d52c-48e9-8390-af91ea71500f,2025-12-02,
d523065e-be90-4875-a570-6c9a3eace2d9,17f1e371-0469-4158-88f6-c638655f6a6a,f59ac703-f594-48e7-8827-c317fd037046,2025-12-02,
9bf53ea9-3304-4431-a5d9-62b314f15521,f2a19665-2f75-4f5c-85ec-cc12ef6d8b82,2c0625b9-58b3-4efb-9b42-918932b3e14e,2025-12-02,
cd0604fb-d703-42a2-8db4-821d8fd557be,f2a19665-2f75-4f5c-85ec-cc12ef6d8b82,4d6bb408-d52c-48e9-8390-af91ea71500f,2025-12-02,
e7d7111c-c6fd-4662-8ee2-09fd8bf72736,776a3ab5-df87-499b-b59c-490066d1bf16,4d6bb408-d52c-48e9-8390-af91ea71500f,2025-12-02,
33ba61ee-b1aa-4c7b-8a8f-70143bbb3553,776a3ab5-df87-499b-b59c-490066d1bf16,2c0625b9-58b3-4efb-9b42-918932b3e14e,2025-12-02,
d287d912-615d-469c-983d-e1aacce7848e,26929bcf-6c9f-4995-ad08-c185e6ed9dc9,f59ac703-f594-48e7-8827-c317fd037046,2025-12-02,
2e9f576f-e9e2-40ee-8762-c8e477831df9,26929bcf-6c9f-4995-ad08-c185e6ed9dc9,2c0625b9-58b3-4efb-9b42-918932b3e14e,2025-12-02,
adcaf68c-6fd4-4fb7-bdc1-ad54deabc6e6,60238837-b652-45ee-8084-57b958365ccf,f59ac703-f594-48e7-8827-c317fd037046,2025-12-02,
57e18bb2-8cf0-4f11-b0aa-435aaa18a180,60238837-b652-45ee-8084-57b958365ccf,2c0625b9-58b3-4efb-9b42-918932b3e14e,2025-12-02,
37af21fc-2222-4e14-9f39-5ccbcce9ab06,c91489f9-350e-4222-a384-330cca8e6aab,2c0625b9-58b3-4efb-9b42-918932b3e14e,2025-12-02,
b29a2258-9136-4434-bcfd-cc922328170e,c91489f9-350e-4222-a384-330cca8e6aab,4d6bb408-d52c-48e9-8390-af91ea71500f,2025-12-02,
5e10f0b4-f642-4487-886f-d752b4c5b266,299936d1-98ab-4a47-91a0-c54a2a99ffc3,7a633de8-13a3-41f5-b3f2-b71a2fd33ad6,2025-12-02,
2fe73e78-5906-4dbd-87a1-82aec0d879f9,299936d1-98ab-4a47-91a0-c54a2a99ffc3,f59ac703-f594-48e7-8827-c317fd037046,2025-12-02,
5e169120-70e9-40da-88a0-5c9da7150dd1,6003c120-863c-4905-9067-5fd00ed1cb8a,2c0625b9-58b3-4efb-9b42-918932b3e14e,2025-12-02,
d08540cb-e2ab-4fbe-9497-8ba62e15297f,6003c120-863c-4905-9067-5fd00ed1cb8a,f59ac703-f594-48e7-8827-c317fd037046,2025-12-02,
3a6ce498-5bb4-4985-a55b-82ec97a36e64,569754b8-acb2-4e27-a330-3234d1dd7e63,f59ac703-f594-48e7-8827-c317fd037046,2025-12-02,
54e0aac5-dc52-4747-8e21-538fef505299,569754b8-acb2-4e27-a330-3234d1dd7e63,2c0625b9-58b3-4efb-9b42-918932b3e14e,2025-12-02,
91baebfd-aaab-45d0-ac55-58fdcfcc6c61,6e9fd800-48bd-471c-b6a3-7afec9d9067f,7a633de8-13a3-41f5-b3f2-b71a2fd33ad6,2025-12-02,
03980c86-1c72-49c8-9035-67146b367e07,6e9fd800-48bd-471c-b6a3-7afec9d9067f,4d6bb408-d52c-48e9-8390-af91ea71500f,2025-12-02,
53c3bb8f-997c-4eb6-80fb-06d740551f50,59d8d95b-b564-4b34-89bf-9321a4d5408c,4d6bb408-d52c-48e9-8390-af91ea71500f,2025-12-02,
6e2fadc9-b3da-4c81-aa2e-af83827886fe,59d8d95b-b564-4b34-89bf-9321a4d5408c,f59ac703-f594-48e7-8827-c317fd037046,2025-12-02,
3196007a-2594-4005-b844-d5db5493692c,eec6e0e0-d30e-44fb-8866-0f8190ee6433,7a633de8-13a3-41f5-b3f2-b71a2fd33ad6,2025-12-02,
2f689095-b64f-4ff1-a979-17654a17c85f,eec6e0e0-d30e-44fb-8866-0f8190ee6433,f59ac703-f594-48e7-8827-c317fd037046,2025-12-02,
d6dce972-9e7c-473e-8396-b3c40197b917,c8704661-ea4f-4259-a4fb-920b2a98e0c5,f59ac703-f594-48e7-8827-c317fd037046,2025-12-02,
23fdc407-d511-4ba4-9c88-d17b228b4d64,c8704661-ea4f-4259-a4fb-920b2a98e0c5,2c0625b9-58b3-4efb-9b42-918932b3e14e,2025-12-02,
4a2e786a-768c-408b-a912-04cffaf61c99,ab274b73-74f3-441a-a67f-d16baf3bba5c,7a633de8-13a3-41f5-b3f2-b71a2fd33ad6,2025-12-02,
3a3f3feb-44ea-4d10-b666-67ad4332e34e,ab274b73-74f3-441a-a67f-d16baf3bba5c,f59ac703-f594-48e7-8827-c317fd037046,2025-12-02,
13c8b3a9-9e08-4bb9-9eff-04adf5bd8f61,92d174ce-bac3-4614-b1a5-9f26acbe7fcc,f59ac703-f594-48e7-8827-c317fd037046,2025-12-02,
7e06d8c4-c867-4623-9579-8994c3963c1d,92d174ce-bac3-4614-b1a5-9f26acbe7fcc,4d6bb408-d52c-48e9-8390-af91ea71500f,2025-12-02,
03033f74-a451-4ddf-b0cb-4efff8970dd7,fdf17f56-88f6-4cdc-a99e-174de64cc13f,f59ac703-f594-48e7-8827-c317fd037046,2025-12-02,
96fa7ed5-ddc0-4fab-8287-9b7ca76f7338,fdf17f56-88f6-4cdc-a99e-174de64cc13f,7a633de8-13a3-41f5-b3f2-b71a2fd33ad6,2025-12-02,
e45328d5-0833-45d1-9583-b13c08a64afc,110a5e96-2ca4-4d15-9770-3ea3b9c54736,f59ac703-f594-48e7-8827-c317fd037046,2025-12-02,
fed8e334-4df3-4f4d-8ea3-9815f8bf92ac,110a5e96-2ca4-4d15-9770-3ea3b9c54736,2c0625b9-58b3-4efb-9b42-918932b3e14e,2025-12-02,
8ac06d57-a3ee-4401-9816-75ec38b97e08,a77d469c-b240-49d1-9511-2f292d31d5ff,2c0625b9-58b3-4efb-9b42-918932b3e14e,2025-12-02,
6cbd4c7e-8b96-4bbb-8afb-ff307db15954,a77d469c-b240-49d1-9511-2f292d31d5ff,7a633de8-13a3-41f5-b3f2-b71a2fd33ad6,2025-12-02,
f361e1e2-21fc-43b1-b7c7-4b0dc69b2366,63e0af7a-48db-4658-90dd-090fdb3a380e,7a633de8-13a3-41f5-b3f2-b71a2fd33ad6,2025-12-02,
dd7955fb-7049-48fd-b42b-c80eb434bfe9,63e0af7a-48db-4658-90dd-090fdb3a380e,4d6bb408-d52c-48e9-8390-af91ea71500f,2025-12-02,
aeb6e8ae-edcc-4237-8735-4d93b1b095c0,7f0b64de-9566-46e5-ad8f-45f53350347a,2c0625b9-58b3-4efb-9b42-918932b3e14e,2025-12-02,
38ad8fa6-73c6-4031-9fc5-dd8881e32a27,7f0b64de-9566-46e5-ad8f-45f53350347a,f59ac703-f594-48e7-8827-c317fd037046,2025-12-02,
207a914a-e0f0-434c-843c-61ca5a37eb46,2ff1973d-d4f4-4fda-a472-d5313ea74ffe,4d6bb408-d52c-48e9-8390-af91ea71500f,2025-12-02,
a9680be8-7661-4a66-9d25-5f266df9b1d7,2ff1973d-d4f4-4fda-a472-d5313ea74ffe,7a633de8-13a3-41f5-b3f2-b71a2fd33ad6,2025-12-02,
d5257109-9c21-462b-ae90-01541e900199,45303546-9902-4126-bfc1-9d2d7fb5c7f5,2c0625b9-58b3-4efb-9b42-918932b3e14e,2025-12-02,
5c269d18-84e2-4dc9-b11d-d7a9d8e33976,45303546-9902-4126-bfc1-9d2d7fb5c7f5,4d6bb408-d52c-48e9-8390-af91ea71500f,2025-12-02,
ed2631ef-f078-4767-bbb9-2c5314a34a08,2b6404c0-5204-430d-9a48-01ea955f1434,4d6bb408-d52c-48e9-8390-af91ea71500f,2025-12-02,
da7dc420-f881-48d9-83d3-a5184ae4b2ca,2b6404c0-5204-430d-9a48-01ea955f1434,7a633de8-13a3-41f5-b3f2-b71a2fd33ad6,2025-12-02,
aec73788-d0c8-4fe0-bcda-5cd221c08579,a4d80272-4a74-4883-83af-4193ed71a4d3,4d6bb408-d52c-48e9-8390-af91ea71500f,2025-12-02,
fcc501ba-e9dd-4668-8920-a214ee049bcc,a4d80272-4a74-4883-83af-4193ed71a4d3,2c0625b9-58b3-4efb-9b42-918932b3e14e,2025-12-02,
018b6be8-8a3a-4826-a096-6fb8512fc7d7,21683407-a094-4656-9678-8a975e72eeb1,4d6bb408-d52c-48e9-8390-af91ea71500f,2025-12-02,
b4bc9ce9-74cf-432c-ae28-86e0d7ba555a,21683407-a094-4656-9678-8a975e72eeb1,2c0625b9-58b3-4efb-9b42-918932b3e14e,2025-12-02,
a06a9498-413e-42a0-a581-f3305ee29397,845550bb-0763-4f50-b32a-70c21b73641b,7a633de8-13a3-41f5-b3f2-b71a2fd33ad6,2025-12-02,
9d974ca7-f831-4a29-951e-3bd55361c249,845550bb-0763-4f50-b32a-70c21b73641b,f59ac703-f594-48e7-8827-c317fd037046,2025-12-02,
35fb1048-d590-4503-b552-d32312f94f1b,3417364e-15a1-43be-bc92-8396c381fe7f,4d6bb408-d52c-48e9-8390-af91ea71500f,2025-12-02,
fa53fa6d-c9da-4d19-8401-30b4a43a488b,3417364e-15a1-43be-bc92-8396c381fe7f,f59ac703-f594-48e7-8827-c317fd037046,2025-12-02,
5b6982cf-da65-4378-8793-da0f5d417bb4,bd805704-abd4-4713-98ac-6c9e474e1073,4d6bb408-d52c-48e9-8390-af91ea71500f,2025-12-02,
2257b47e-b294-4230-8ee9-e7891eabc68c,bd805704-abd4-4713-98ac-6c9e474e1073,f59ac703-f594-48e7-8827-c317fd037046,2025-12-02,
2955b692-9ebf-4bf5-b98d-551e51794e30,8a4bcb07-f85f-4553-ac24-55a326b18502,2c0625b9-58b3-4efb-9b42-918932b3e14e,2025-12-02,
2b275085-31de-4ecf-b8da-4b2ef382420d,8a4bcb07-f85f-4553-ac24-55a326b18502,7a633de8-13a3-41f5-b3f2-b71a2fd33ad6,2025-12-02,
fe4677a7-94c7-40ed-a59f-73b3968f85c1,9b9ff424-0a26-4761-9de4-e8610799272a,2c0625b9-58b3-4efb-9b42-918932b3e14e,2025-12-02,
a233776f-6ce8-433e-98eb-09076cac7bde,9b9ff424-0a26-4761-9de4-e8610799272a,4d6bb408-d52c-48e9-8390-af91ea71500f,2025-12-02,
12b8d5ac-7acc-4932-b891-537cf472f62b,b44457a1-7797-4d87-b0d2-b572f810c2bd,7a633de8-13a3-41f5-b3f2-b71a2fd33ad6,2025-12-02,
2628909b-9207-4897-88ad-6835ca1efd90,b44457a1-7797-4d87-b0d2-b572f810c2bd,f59ac703-f594-48e7-8827-c317fd037046,2025-12-02,
9a9a5565-d87a-406e-806c-6db9fd507fef,69ac85c6-7831-432c-9f66-f41637994744,f59ac703-f594-48e7-8827-c317fd037046,2025-12-02,
fd457578-3828-4d42-9819-a8614cd310ac,69ac85c6-7831-432c-9f66-f41637994744,2c0625b9-58b3-4efb-9b42-918932b3e14e,2025-12-02,
20fc27b8-4e13-4218-8b0d-bac0de708a8e,4d34d01f-8214-4f4e-9e71-824bfa4d6feb,f59ac703-f594-48e7-8827-c317fd037046,2025-12-02,
8551cf38-9585-4748-8add-4720e67770c0,4d34d01f-8214-4f4e-9e71-824bfa4d6feb,4d6bb408-d52c-48e9-8390-af91ea71500f,2025-12-02,
738a86ee-e07a-4ea8-967e-58a615e135e5,eb70f822-783c-4130-884b-c363dfd420c2,2c0625b9-58b3-4efb-9b42-918932b3e14e,2025-12-02,
64bb07e2-992a-4b56-906e-483810c8f4ea,eb70f822-783c-4130-884b-c363dfd420c2,4d6bb408-d52c-48e9-8390-af91ea71500f,2025-12-02,
5a73e8c0-5837-4164-99ec-c9c2bc8ab150,5b81bad7-c488-405a-88ad-e97db3cc95f9,2c0625b9-58b3-4efb-9b42-918932b3e14e,2025-12-02,
9ee7a9d8-bfc7-470e-aead-818dd5596e69,5b81bad7-c488-405a-88ad-e97db3cc95f9,7a633de8-13a3-41f5-b3f2-b71a2fd33ad6,2025-12-02,
ac105d47-e5c4-4bd8-8748-e8b9b34f7c24,edc489eb-28c9-4db0-8d20-32c16c1f68eb,7a633de8-13a3-41f5-b3f2-b71a2fd33ad6,2025-12-02,
98c17f5c-98e7-4603-8df4-da2e71b99f40,edc489eb-28c9-4db0-8d20-32c16c1f68eb,f59ac703-f594-48e7-8827-c317fd037046,2025-12-02,
a5f10663-24a9-4090-9630-da5e9860121f,9e3c3217-dbca-4c55-97cc-0a6da122aaf2,f59ac703-f594-48e7-8827-c317fd037046,2025-12-02,
b3e9aebe-373e-4c22-a338-ff8ba642a520,9e3c3217-dbca-4c55-97cc-0a6da122aaf2,4d6bb408-d52c-48e9-8390-af91ea71500f,2025-12-02,
5bef1907-5764-48a1-b66c-4238f164f27d,29d9cb82-a3b3-4036-9cda-eefedb639c36,f59ac703-f594-48e7-8827-c317fd037046,2025-12-02,
2924ebe6-418d-4d1b-853a-02ecabbdc00f,29d9cb82-a3b3-4036-9cda-eefedb639c36,7a633de8-13a3-41f5-b3f2-b71a2fd33ad6,2025-12-02,
3c846af0-cb6e-4493-92f9-a1eec48804bb,d53eb620-7e65-4d3d-a4aa-8b07b7b5b036,7a633de8-13a3-41f5-b3f2-b71a2fd33ad6,2025-12-02,
208e4043-15b5-4c79-bc92-1b0377d27393,d53eb620-7e65-4d3d-a4aa-8b07b7b5b036,f59ac703-f594-48e7-8827-c317fd037046,2025-12-02,
8b08db78-2521-410d-8b35-e58c9d6e8200,b56499d7-d8be-4423-8ffa-cb688ab86a77,7a633de8-13a3-41f5-b3f2-b71a2fd33ad6,2025-12-02,
bbbfb683-5364-45ce-9026-b61589a5d974,b56499d7-d8be-4423-8ffa-cb688ab86a77,4d6bb408-d52c-48e9-8390-af91ea71500f,2025-12-02,
9f4b2cf2-6593-4c94-b15f-f09fff627786,4612f03b-2086-491a-897a-5ef87d5e743c,2c0625b9-58b3-4efb-9b42-918932b3e14e,2025-12-02,
81411bd0-9875-4958-ab74-9571f36d91a2,4612f03b-2086-491a-897a-5ef87d5e743c,7a633de8-13a3-41f5-b3f2-b71a2fd33ad6,2025-12-02,
1b662663-8182-46a9-8691-8d0f02efa167,fec264ce-289a-46d2-ae6a-775534c865a6,2c0625b9-58b3-4efb-9b42-918932b3e14e,2025-12-02,
ca7e5ce7-0068-46a2-9d32-2e5dbbbaa76a,fec264ce-289a-46d2-ae6a-775534c865a6,f59ac703-f594-48e7-8827-c317fd037046,2025-12-02,
030a3579-fd80-4db6-8f01-5982b3f1ecec,de4b262c-e3f7-4bc6-aa9f-234668dab835,2c0625b9-58b3-4efb-9b42-918932b3e14e,2025-12-02,
4a19f421-f428-4bed-b527-9b6a161681d9,de4b262c-e3f7-4bc6-aa9f-234668dab835,7a633de8-13a3-41f5-b3f2-b71a2fd33ad6,2025-12-02,
7f5db467-7774-44c8-b02e-7105d7c80c04,1cbc7444-026e-4910-b868-28a82f77222e,2c0625b9-58b3-4efb-9b42-918932b3e14e,2025-12-02,
2b4c4723-1bbf-4711-a09d-73dea361a707,1cbc7444-026e-4910-b868-28a82f77222e,4d6bb408-d52c-48e9-8390-af91ea71500f,2025-12-02,
55316ad5-a666-49ef-9be7-c445b779c661,797ae689-bef8-447f-89b7-9530c0d2aac5,7a633de8-13a3-41f5-b3f2-b71a2fd33ad6,2025-12-02,
7dc024f1-7145-4dc3-9f63-3f9f196844e4,797ae689-bef8-447f-89b7-9530c0d2aac5,4d6bb408-d52c-48e9-8390-af91ea71500f,2025-12-02,
7a956632-2089-4c68-ac11-16b35f693a90,b9358d37-4e5d-4cf4-9d96-3102fca69d09,7a633de8-13a3-41f5-b3f2-b71a2fd33ad6,2025-12-02,
1a9fb439-72c8-4583-9ad0-9a859ee0c0af,b9358d37-4e5d-4cf4-9d96-3102fca69d09,f59ac703-f594-48e7-8827-c317fd037046,2025-12-02,
96982ba3-f861-4a3f-927e-dd8650cb2b1b,7b1c41b3-af18-47c2-a950-c841fb1d5225,7a633de8-13a3-41f5-b3f2-b71a2fd33ad6,2025-12-02,
3261ea53-d98e-4cbc-b5a5-426aaacd3173,7b1c41b3-af18-47c2-a950-c841fb1d5225,f59ac703-f594-48e7-8827-c317fd037046,2025-12-02,
043f7c43-069e-4e9b-b7b6-e4abac42f074,c6d91a39-a900-4d1b-bb8a-f5bf8bef07cb,2c0625b9-58b3-4efb-9b42-918932b3e14e,2025-12-02,
4fa39b3d-6a7f-414f-bf1b-9e243e966032,c6d91a39-a900-4d1b-bb8a-f5bf8bef07cb,f59ac703-f594-48e7-8827-c317fd037046,2025-12-02,
f67c73d9-bf68-40f7-ba52-292e17b8afa7,64b1e9a9-b776-4f47-a3be-70bc2ea10c1d,f59ac703-f594-48e7-8827-c317fd037046,2025-12-02,
48af6518-93db-4ac8-8da0-f1f44f032b15,64b1e9a9-b776-4f47-a3be-70bc2ea10c1d,2c0625b9-58b3-4efb-9b42-918932b3e14e,2025-12-02,
b9fb21ba-2c38-4dac-9a64-9873c641212e,e8ee8fe1-16a3-44af-9eba-75c32cfd4eb9,4d6bb408-d52c-48e9-8390-af91ea71500f,2025-12-02,
61fe0206-c352-4d10-abfe-d32a628ba75a,e8ee8fe1-16a3-44af-9eba-75c32cfd4eb9,f59ac703-f594-48e7-8827-c317fd037046,2025-12-02,
71c1d6a0-3ac6-4eeb-8f0c-029d9db1331e,efa422ce-a7d0-4e9e-8510-be05dc7e3f3f,7a633de8-13a3-41f5-b3f2-b71a2fd33ad6,2025-12-02,
e79feb81-71b4-44e7-b5bd-4837c96920c8,efa422ce-a7d0-4e9e-8510-be05dc7e3f3f,2c0625b9-58b3-4efb-9b42-918932b3e14e,2025-12-02,
5c45475a-f645-4599-a512-5e87f21c6c18,79c5a94d-db1c-4235-9349-5666b50aba31,7a633de8-13a3-41f5-b3f2-b71a2fd33ad6,2025-12-02,
e4615774-4800-48a1-a246-29e6b6c02419,79c5a94d-db1c-4235-9349-5666b50aba31,4d6bb408-d52c-48e9-8390-af91ea71500f,2025-12-02,
b90b1051-0829-47ee-8ffe-030b4ba93bf2,b1ff019d-124b-4753-812e-02d03eccd2a8,7a633de8-13a3-41f5-b3f2-b71a2fd33ad6,2025-12-02,
1e20bde4-901b-485d-8a7c-7bd864d22f11,b1ff019d-124b-4753-812e-02d03eccd2a8,f59ac703-f594-48e7-8827-c317fd037046,2025-12-02,
95b9d33b-9185-46d6-a818-151518c75c79,a84f0ef2-d388-4e8a-b25c-63666675ea1a,f59ac703-f594-48e7-8827-c317fd037046,2025-12-02,
df5df95c-5b98-4715-9444-87232a539cb0,a84f0ef2-d388-4e8a-b25c-63666675ea1a,4d6bb408-d52c-48e9-8390-af91ea71500f,2025-12-02,
bbfe182e-060f-4586-8bf1-2bc8f31a99a6,0d9385d0-fb23-480b-92c6-9bf3f15dd88b,7a633de8-13a3-41f5-b3f2-b71a2fd33ad6,2025-12-02,
bc95dbdc-ee69-4f9c-94de-344fde3bad1a,0d9385d0-fb23-480b-92c6-9bf3f15dd88b,f59ac703-f594-48e7-8827-c317fd037046,2025-12-02,
b27a2796-03a5-444d-af64-4391319c03be,32c26ab6-c641-4ef2-9d1f-94138ab1c28c,f59ac703-f594-48e7-8827-c317fd037046,2025-12-02,
963ba93c-f785-4b7e-a2b3-b4af835cbe6c,32c26ab6-c641-4ef2-9d1f-94138ab1c28c,4d6bb408-d52c-48e9-8390-af91ea71500f,2025-12-02,
3e415e51-afcf-4cb7-8753-890f3a784395,cd52aaad-4e0e-4674-a9e1-b9fb1657581c,7a633de8-13a3-41f5-b3f2-b71a2fd33ad6,2025-12-02,
8fea2707-013c-4a70-8665-91575508fe25,cd52aaad-4e0e-4674-a9e1-b9fb1657581c,f59ac703-f594-48e7-8827-c317fd037046,2025-12-02,
a1598e1e-0757-4994-9e0d-ec0387ac8d4e,d40cf516-c89c-4af4-978c-cad2994c8fc9,7a633de8-13a3-41f5-b3f2-b71a2fd33ad6,2025-12-02,
78683131-9468-4be6-bdc7-b3e2fa2dfc96,d40cf516-c89c-4af4-978c-cad2994c8fc9,f59ac703-f594-48e7-8827-c317fd037046,2025-12-02,
c27ccad7-b928-4298-aa24-e6bfbc7308f9,eac86156-3f59-4c9b-b515-04a800a5e871,4d6bb408-d52c-48e9-8390-af91ea71500f,2025-12-02,
4bf8f4e0-1cbe-4749-97ba-4c6149115930,eac86156-3f59-4c9b-b515-04a800a5e871,f59ac703-f594-48e7-8827-c317fd037046,2025-12-02,
aa042784-73c6-4a32-9350-7935df7aaa35,1473c578-7954-489f-bdff-d8ef3e11b39d,2c0625b9-58b3-4efb-9b42-918932b3e14e,2025-12-02,
6dc4a13a-b23a-4353-8dc0-0bb351e27e4e,1473c578-7954-489f-bdff-d8ef3e11b39d,f59ac703-f594-48e7-8827-c317fd037046,2025-12-02,
5ed85c13-c531-4c36-aba1-ffed6e041651,58d9a040-0f4d-4fba-a3c7-de428b4afbc9,f59ac703-f594-48e7-8827-c317fd037046,2025-12-02,
2862b2ab-167f-4f1d-91ba-26d5c01bf04a,58d9a040-0f4d-4fba-a3c7-de428b4afbc9,2c0625b9-58b3-4efb-9b42-918932b3e14e,2025-12-02,
f036696c-0c1a-4043-a90b-84c1f7c442df,ab1ba33c-b232-4ae7-b280-6cbfdc8d0aa5,7a633de8-13a3-41f5-b3f2-b71a2fd33ad6,2025-12-02,
09456a34-51a7-4b29-9704-df5b6a87ac4e,ab1ba33c-b232-4ae7-b280-6cbfdc8d0aa5,4d6bb408-d52c-48e9-8390-af91ea71500f,2025-12-02,
7a38fac9-c54a-46c1-a8ef-1a039fb36553,3d913445-4ae5-401b-b60f-32e6a0c2e6ac,2c0625b9-58b3-4efb-9b42-918932b3e14e,2025-12-02,
7003cbea-5673-4ffd-a630-5d69b8d7e66b,3d913445-4ae5-401b-b60f-32e6a0c2e6ac,f59ac703-f594-48e7-8827-c317fd037046,2025-12-02,
15ca2713-8b56-4707-b35a-8601fcd7c5a2,440eed3b-2b51-40cd-b884-a96c9f9b99a1,f59ac703-f594-48e7-8827-c317fd037046,2025-12-02,
ed386f17-46c9-4166-b212-1364036cc9f2,440eed3b-2b51-40cd-b884-a96c9f9b99a1,7a633de8-13a3-41f5-b3f2-b71a2fd33ad6,2025-12-02,
6cba8c7c-fb5f-42d7-9f7b-8241c5031f15,1f0a7704-17e4-4ced-96ab-692a7523fe8c,7a633de8-13a3-41f5-b3f2-b71a2fd33ad6,2025-12-02,
fbf38a7a-1253-4452-9dcd-806539f06677,1f0a7704-17e4-4ced-96ab-692a7523fe8c,f59ac703-f594-48e7-8827-c317fd037046,2025-12-02,
71d1dfef-8e8b-48e1-9aca-0dbb5591a9d1,ab7d22d2-fb92-4cd5-9c64-c886b0e8a831,2c0625b9-58b3-4efb-9b42-918932b3e14e,2025-12-02,
a7aeba76-a64b-4eb6-b445-7a6bbf8c660f,ab7d22d2-fb92-4cd5-9c64-c886b0e8a831,7a633de8-13a3-41f5-b3f2-b71a2fd33ad6,2025-12-02,
df1dc3ce-29a7-47ed-bc6c-062603dc6947,dfd620b2-0691-46a8-9296-b36c1a18daff,f59ac703-f594-48e7-8827-c317fd037046,2025-12-02,
80fbf9da-f4f2-44eb-b192-61a25c4035c7,dfd620b2-0691-46a8-9296-b36c1a18daff,7a633de8-13a3-41f5-b3f2-b71a2fd33ad6,2025-12-02,
b921c1f0-f9b5-4576-b8e1-1f7bd3ccbff3,8bb84a79-3207-4a7c-8274-1bd98098207f,4d6bb408-d52c-48e9-8390-af91ea71500f,2025-12-02,
62bdc5f5-7e98-4399-b2e8-ebd9823c09fb,8bb84a79-3207-4a7c-8274-1bd98098207f,7a633de8-13a3-41f5-b3f2-b71a2fd33ad6,2025-12-02,
cb36e011-ae8c-42fc-a0ba-1ad731355724,b76a8368-60e0-42d6-a0ec-930e2cd61017,7a633de8-13a3-41f5-b3f2-b71a2fd33ad6,2025-12-02,
6cb390b6-4d34-46ba-971c-2ef76ec3817d,b76a8368-60e0-42d6-a0ec-930e2cd61017,f59ac703-f594-48e7-8827-c317fd037046,2025-12-02,
81b8d2df-8fc2-4e28-83f3-a59361c460da,16b3321a-d195-456a-9492-345689c2792e,7a633de8-13a3-41f5-b3f2-b71a2fd33ad6,2025-12-02,
fd3f1e8c-9bd5-4812-9b0c-05e0bad67262,16b3321a-d195-456a-9492-345689c2792e,2c0625b9-58b3-4efb-9b42-918932b3e14e,2025-12-02,
0d6b92e4-29e7-41af-8443-379909f78e35,98576c69-2546-4f42-b668-d7549ec733a9,2c0625b9-58b3-4efb-9b42-918932b3e14e,2025-12-02,
a176fdc5-cee7-4203-87db-f860bbe38eec,98576c69-2546-4f42-b668-d7549ec733a9,f59ac703-f594-48e7-8827-c317fd037046,2025-12-02,
6d52862d-12dc-4653-97fc-d98fb3a73126,098908ac-c7f7-4200-b315-fe32a5c0158f,4d6bb408-d52c-48e9-8390-af91ea71500f,2025-12-02,
8536127d-9bdc-4820-bca9-39f712ca1816,098908ac-c7f7-4200-b315-fe32a5c0158f,7a633de8-13a3-41f5-b3f2-b71a2fd33ad6,2025-12-02,
d592f4fd-b611-4d37-9c11-dac7ecf6869b,53230076-a4d4-4f63-9ad7-62ab5f78c122,4d6bb408-d52c-48e9-8390-af91ea71500f,2025-12-02,
e8c80c7f-f843-4778-a8ff-d1ccc9122d64,53230076-a4d4-4f63-9ad7-62ab5f78c122,f59ac703-f594-48e7-8827-c317fd037046,2025-12-02,
d9e3604e-e9e6-48b6-8782-849e3150a112,a194a1ae-1e6b-4187-81fa-8c7e5feddec8,f59ac703-f594-48e7-8827-c317fd037046,2025-12-02,
95f3becd-2ff2-45f5-a389-1746197e1d92,a194a1ae-1e6b-4187-81fa-8c7e5feddec8,7a633de8-13a3-41f5-b3f2-b71a2fd33ad6,2025-12-02,
304cb492-cb90-4b5e-8d43-4d215595700b,648b60fb-47a6-4c23-8dd6-80ccb0961d86,2c0625b9-58b3-4efb-9b42-918932b3e14e,2025-12-02,
5b89b68a-d9a2-46e7-bdfd-fdb0bdb93930,648b60fb-47a6-4c23-8dd6-80ccb0961d86,f59ac703-f594-48e7-8827-c317fd037046,2025-12-02,
d1a1a143-b98a-45ec-b387-051fee041bf0,b0939c39-88c6-426e-8cec-9781821fc5e6,4d6bb408-d52c-48e9-8390-af91ea71500f,2025-12-02,
9358bfc5-ff15-40a0-9bdd-85664c13f9dd,b0939c39-88c6-426e-8cec-9781821fc5e6,2c0625b9-58b3-4efb-9b42-918932b3e14e,2025-12-02,
1611de36-1a62-43e2-8171-2cb7f881bbb3,29763f2b-0555-4100-87ca-ef52c13eca5a,4d6bb408-d52c-48e9-8390-af91ea71500f,2025-12-02,
954f91c6-3fc5-452a-9f9e-73cd11533199,29763f2b-0555-4100-87ca-ef52c13eca5a,7a633de8-13a3-41f5-b3f2-b71a2fd33ad6,2025-12-02,
4e18bf3f-bb3d-4901-bfef-fc458c96304c,5bfd9187-c793-43a0-81fa-2b268822a1ee,f59ac703-f594-48e7-8827-c317fd037046,2025-12-02,
eac716c3-8d5b-4234-af7e-f947e457e107,5bfd9187-c793-43a0-81fa-2b268822a1ee,7a633de8-13a3-41f5-b3f2-b71a2fd33ad6,2025-12-02,
8fa27cd4-462e-4604-8307-7fdaab9b619e,528b9fc5-1ad7-4bdd-8960-6cd9fa4dffdd,7a633de8-13a3-41f5-b3f2-b71a2fd33ad6,2025-12-02,
a18b6d51-0182-4861-9787-ace82c9a6d95,528b9fc5-1ad7-4bdd-8960-6cd9fa4dffdd,4d6bb408-d52c-48e9-8390-af91ea71500f,2025-12-02,
6c7e7a07-8973-482d-917e-4cb8f2a9f875,80e6c402-b1a2-4450-b92e-6dd04ef057ef,f59ac703-f594-48e7-8827-c317fd037046,2025-12-02,
9cce7ec9-a12a-4a96-a0b9-23a71440e7fe,80e6c402-b1a2-4450-b92e-6dd04ef057ef,2c0625b9-58b3-4efb-9b42-918932b3e14e,2025-12-02,
b0f02e0c-2fd3-442b-a619-e7163c78f6db,57e26aa0-29f2-45e8-aa1c-4f2adf66ee7d,7a633de8-13a3-41f5-b3f2-b71a2fd33ad6,2025-12-02,
5e341706-442e-4e9f-a817-6c651be93ac0,57e26aa0-29f2-45e8-aa1c-4f2adf66ee7d,4d6bb408-d52c-48e9-8390-af91ea71500f,2025-12-02,
980343cb-a33e-4362-89d5-a21b24818bba,76a9e6f1-b6e1-4032-beac-de12ac07542b,4d6bb408-d52c-48e9-8390-af91ea71500f,2025-12-02,
8bc7d88b-8fbf-4a64-b13d-e68876cb236b,76a9e6f1-b6e1-4032-beac-de12ac07542b,2c0625b9-58b3-4efb-9b42-918932b3e14e,2025-12-02,
ab168502-6cb4-4530-aede-d74a9e5f216a,2598f9ab-f396-48ff-be98-93c9cd5898a9,7a633de8-13a3-41f5-b3f2-b71a2fd33ad6,2025-12-02,
3903fa14-8513-4816-ba81-f892babace48,2598f9ab-f396-48ff-be98-93c9cd5898a9,2c0625b9-58b3-4efb-9b42-918932b3e14e,2025-12-02,
138ea735-78b8-4853-b773-5001f64a5888,8ce44813-1ae0-45c6-ac25-a07f0a61a66e,f59ac703-f594-48e7-8827-c317fd037046,2025-12-02,
4474a1f8-86ea-4182-86a7-03061e43245f,8ce44813-1ae0-45c6-ac25-a07f0a61a66e,4d6bb408-d52c-48e9-8390-af91ea71500f,2025-12-02,
ef5690d3-3b47-4c42-926f-a9beca479433,9522f828-b3b6-4429-8d2e-ead149a5e80c,4d6bb408-d52c-48e9-8390-af91ea71500f,2025-12-02,
6d68431b-5be6-49a3-be67-e46b02f9b52c,9522f828-b3b6-4429-8d2e-ead149a5e80c,7a633de8-13a3-41f5-b3f2-b71a2fd33ad6,2025-12-02,
e226f3ee-4111-4b33-b325-a86a1d127092,68269809-1f23-4198-bf3b-6d72744c8054,2c0625b9-58b3-4efb-9b42-918932b3e14e,2025-12-02,
11b60b12-6ffb-45a4-b958-a9cd047734b7,68269809-1f23-4198-bf3b-6d72744c8054,f59ac703-f594-48e7-8827-c317fd037046,2025-12-02,
b580474a-41b1-4bcd-952c-089bec8cc436,75421033-1521-437f-a0b8-ac0428dd4487,2c0625b9-58b3-4efb-9b42-918932b3e14e,2025-12-02,
8ba69540-cb67-4342-a035-110e3495e4fd,75421033-1521-437f-a0b8-ac0428dd4487,4d6bb408-d52c-48e9-8390-af91ea71500f,2025-12-02,
b7d3f963-6d41-4cfd-9fba-c27b0e6bd58a,49e313b7-0399-49d9-8e69-30b8226e7982,2c0625b9-58b3-4efb-9b42-918932b3e14e,2025-12-02,
c3f23276-7761-4d29-86da-b22ed104582e,49e313b7-0399-49d9-8e69-30b8226e7982,4d6bb408-d52c-48e9-8390-af91ea71500f,2025-12-02,
0ad54e62-7c47-4728-b1ae-d6e037cbc191,4a5ec7e1-8600-4066-9f74-204dd55927d7,4d6bb408-d52c-48e9-8390-af91ea71500f,2025-12-02,
4436dd00-b8dc-4094-a4ec-3b15a60da84c,4a5ec7e1-8600-4066-9f74-204dd55927d7,2c0625b9-58b3-4efb-9b42-918932b3e14e,2025-12-02,
4326fdc1-b536-4ff7-bee1-ad88708ea158,c194041f-0151-46c9-969f-14891966dc03,2c0625b9-58b3-4efb-9b42-918932b3e14e,2025-12-02,
fa0fae38-5f8c-4c9d-a45b-4965aff50893,c194041f-0151-46c9-969f-14891966dc03,4d6bb408-d52c-48e9-8390-af91ea71500f,2025-12-02,
1f787a41-e27d-409a-ab5a-2f9d98db629c,f65384ba-4ff0-49a6-afd5-9b6c7f83b17b,4d6bb408-d52c-48e9-8390-af91ea71500f,2025-12-02,
288ee1e2-066c-40b7-90f7-2eb7f16cfbf9,f65384ba-4ff0-49a6-afd5-9b6c7f83b17b,7a633de8-13a3-41f5-b3f2-b71a2fd33ad6,2025-12-02,
f9f2c686-b563-4aac-a0e3-50a5864de2f5,c8c1b203-f972-4362-8426-0a14a5489f60,f59ac703-f594-48e7-8827-c317fd037046,2025-12-02,
6c733fbb-181b-46b7-966d-3d1720d3bef3,c8c1b203-f972-4362-8426-0a14a5489f60,7a633de8-13a3-41f5-b3f2-b71a2fd33ad6,2025-12-02,
f4dca069-d135-444c-9096-026e16f4bbe4,65b5e20e-03f2-4ac9-a7e8-931744142f6c,f59ac703-f594-48e7-8827-c317fd037046,2025-12-02,
41248630-bba6-4f60-89ae-4daafa4f1af2,65b5e20e-03f2-4ac9-a7e8-931744142f6c,2c0625b9-58b3-4efb-9b42-918932b3e14e,2025-12-02,
3e7ed5b3-136a-4624-acfe-25dc00021b57,6d53fc37-017a-4d84-996e-601250d0388b,4d6bb408-d52c-48e9-8390-af91ea71500f,2025-12-02,
5005780a-bccf-4a7b-8611-617d58017559,6d53fc37-017a-4d84-996e-601250d0388b,7a633de8-13a3-41f5-b3f2-b71a2fd33ad6,2025-12-02,
b70f055a-f86a-4ab9-97d0-575e0fbe47a2,d3c69972-38fa-4b75-8c0f-fa8f0718d45f,2c0625b9-58b3-4efb-9b42-918932b3e14e,2025-12-02,
22c2d942-4838-4f9c-8cf9-2b8e50725dec,d3c69972-38fa-4b75-8c0f-fa8f0718d45f,7a633de8-13a3-41f5-b3f2-b71a2fd33ad6,2025-12-02,
96101c4b-3593-4287-8518-83a7ed955600,ff38e41e-8f7c-4e55-a864-d4592ece0dd4,f59ac703-f594-48e7-8827-c317fd037046,2025-12-02,
aa46d60a-ecdb-4108-b7cf-39eed93b89a5,ff38e41e-8f7c-4e55-a864-d4592ece0dd4,2c0625b9-58b3-4efb-9b42-918932b3e14e,2025-12-02,
c5414513-bbe2-4b1a-b2a9-fd66fe9853f0,1b0fe155-4f1d-4a6d-9db1-63213a176158,f59ac703-f594-48e7-8827-c317fd037046,2025-12-02,
6885b268-f5bc-4c0d-a3e9-fb073ac372d2,1b0fe155-4f1d-4a6d-9db1-63213a176158,7a633de8-13a3-41f5-b3f2-b71a2fd33ad6,2025-12-02,
ee7a2498-c71c-490b-9fd9-221a3cd2d307,ce4af5f5-e404-489f-aa52-f8d93cb9bbca,7a633de8-13a3-41f5-b3f2-b71a2fd33ad6,2025-12-02,
21dee9c0-411f-49b9-81b4-2a34e967def9,ce4af5f5-e404-489f-aa52-f8d93cb9bbca,f59ac703-f594-48e7-8827-c317fd037046,2025-12-02,
2185f2d5-bd8f-42d9-bd91-04e04d8fbbdf,f1bcd0f5-46ba-4ef7-9490-ddb55e3a759e,4d6bb408-d52c-48e9-8390-af91ea71500f,2025-12-02,
3f3b562c-e90b-4f84-b233-b258209524c2,f1bcd0f5-46ba-4ef7-9490-ddb55e3a759e,7a633de8-13a3-41f5-b3f2-b71a2fd33ad6,2025-12-02,
f5f5b319-6b58-4209-8a1f-ed44afaa088b,0d72c4fa-ecec-4fde-b064-9390d036fc93,4d6bb408-d52c-48e9-8390-af91ea71500f,2025-12-02,
7fb996b8-188e-444f-b998-7fde5bc04e83,0d72c4fa-ecec-4fde-b064-9390d036fc93,2c0625b9-58b3-4efb-9b42-918932b3e14e,2025-12-02,
51ab75fd-bcfb-4075-a641-3b896f0d77db,eb094394-0c18-464a-940e-3f3a59f8d07f,2c0625b9-58b3-4efb-9b42-918932b3e14e,2025-12-02,
2298f180-2d74-4c61-92f7-d53e96419232,eb094394-0c18-464a-940e-3f3a59f8d07f,f59ac703-f594-48e7-8827-c317fd037046,2025-12-02,
552d3def-1343-4f6f-a429-40af08f1e732,cf23b4eb-e18f-4bc1-bfca-8290c7ab1736,f59ac703-f594-48e7-8827-c317fd037046,2025-12-02,
a8cdb401-dc39-44e4-83c8-666d8fbec571,cf23b4eb-e18f-4bc1-bfca-8290c7ab1736,4d6bb408-d52c-48e9-8390-af91ea71500f,2025-12-02,
6ae563d6-a2f1-4500-a5de-02548d0ab130,8e3cae2f-c9ae-4d47-ad5e-f8090c298c2b,4d6bb408-d52c-48e9-8390-af91ea71500f,2025-12-02,
ba68bd6d-3bed-4432-920b-2a50731fed3e,8e3cae2f-c9ae-4d47-ad5e-f8090c298c2b,f59ac703-f594-48e7-8827-c317fd037046,2025-12-02,
e386a2db-18ed-481c-9124-d8eec3e77bf0,a73ab2b8-15be-462d-b7bb-ef1b47b1f5d6,7a633de8-13a3-41f5-b3f2-b71a2fd33ad6,2025-12-02,
99000ba6-05fc-4ec0-b2d9-0024dde2b412,a73ab2b8-15be-462d-b7bb-ef1b47b1f5d6,2c0625b9-58b3-4efb-9b42-918932b3e14e,2025-12-02,
576c2a59-f6ba-45ad-b732-5c06ef7fb52b,d719165f-11a9-4680-8f02-2c44f6aa53a3,2c0625b9-58b3-4efb-9b42-918932b3e14e,2025-12-02,
b1a02517-74bf-46d5-bc80-f62d05e1301b,d719165f-11a9-4680-8f02-2c44f6aa53a3,f59ac703-f594-48e7-8827-c317fd037046,2025-12-02,
58f1fe0b-5878-4e38-b687-7a2000256fcc,ba2a934f-1ea9-4846-8f4c-8d385ebe9d33,f59ac703-f594-48e7-8827-c317fd037046,2025-12-02,
fb4069ce-1744-451d-a9a1-fb9fdc4738d5,ba2a934f-1ea9-4846-8f4c-8d385ebe9d33,2c0625b9-58b3-4efb-9b42-918932b3e14e,2025-12-02,
11d9a145-8c17-4ae9-8d7d-9209367975ef,36628342-5d26-4c13-8e37-98d0f155c059,4d6bb408-d52c-48e9-8390-af91ea71500f,2025-12-02,
49da38d8-d7aa-4abd-911a-6f96d8a35b69,36628342-5d26-4c13-8e37-98d0f155c059,f59ac703-f594-48e7-8827-c317fd037046,2025-12-02,
efdfe01f-cc7b-4319-9d8e-2d369581cb89,d4cb308a-1dd4-488f-991b-46a97437b130,2c0625b9-58b3-4efb-9b42-918932b3e14e,2025-12-02,
8868bdae-f87c-4675-a6b7-b7d07239872a,d4cb308a-1dd4-488f-991b-46a97437b130,7a633de8-13a3-41f5-b3f2-b71a2fd33ad6,2025-12-02,
6bcb0732-725d-4885-b597-fa3681c1c32a,9f5f1671-ad86-47b9-bbf8-f8c847302cae,2c0625b9-58b3-4efb-9b42-918932b3e14e,2025-12-02,
de503f9c-10b7-4013-a8c4-84d8cb2e02c7,9f5f1671-ad86-47b9-bbf8-f8c847302cae,f59ac703-f594-48e7-8827-c317fd037046,2025-12-02,
db21a8e9-db79-4cf6-9e6b-6d8306412b4f,5ffdaddc-1e91-49f4-a375-d1b83df8810d,4d6bb408-d52c-48e9-8390-af91ea71500f,2025-12-02,
dd5f441f-2fea-45b9-b4e5-396af507718b,5ffdaddc-1e91-49f4-a375-d1b83df8810d,f59ac703-f594-48e7-8827-c317fd037046,2025-12-02,
e18029f4-6e6c-43fd-967c-fbc8bc8c3248,c68132ee-42d6-4014-b16d-2aa681bbc0b1,7a633de8-13a3-41f5-b3f2-b71a2fd33ad6,2025-12-02,
fa7fc6c3-6799-4717-8584-6e5d079d5cca,c68132ee-42d6-4014-b16d-2aa681bbc0b1,f59ac703-f594-48e7-8827-c317fd037046,2025-12-02,
ce206b1a-679a-43a0-87bc-59f7554763bc,da50fa41-09f3-4a41-b853-be1b0c9676a0,7a633de8-13a3-41f5-b3f2-b71a2fd33ad6,2025-12-02,
a0530e57-8f69-46f0-858a-d713018be02a,da50fa41-09f3-4a41-b853-be1b0c9676a0,f59ac703-f594-48e7-8827-c317fd037046,2025-12-02,
7e5e2076-1093-4b97-8aed-d5878f5a2784,835954fd-9314-4a68-b0a9-757d91860e83,2c0625b9-58b3-4efb-9b42-918932b3e14e,2025-12-02,
828302d9-9eb6-4505-8606-3588d8ce90d2,835954fd-9314-4a68-b0a9-757d91860e83,7a633de8-13a3-41f5-b3f2-b71a2fd33ad6,2025-12-02,
2fcabb97-2008-4064-b5ca-26fa5e2866b6,fd925e5a-90d0-4036-94bc-ea8d00093a91,4d6bb408-d52c-48e9-8390-af91ea71500f,2025-12-02,
ea20ec73-f586-43ce-ab63-c8a7ad1b4d12,fd925e5a-90d0-4036-94bc-ea8d00093a91,f59ac703-f594-48e7-8827-c317fd037046,2025-12-02,
8016fbb2-7342-468e-87b9-1ba7ddb134ca,a6e237fc-7749-41df-ae61-850b56e9f022,2c0625b9-58b3-4efb-9b42-918932b3e14e,2025-12-02,
eb080bcb-3e2c-4ad1-a067-4d0afb082b9c,a6e237fc-7749-41df-ae61-850b56e9f022,f59ac703-f594-48e7-8827-c317fd037046,2025-12-02,
0530b703-318e-45f8-9e43-9b79500697d2,d2561aa5-c62b-4de5-9b93-818b5eade392,4d6bb408-d52c-48e9-8390-af91ea71500f,2025-12-02,
1cff9814-625c-480c-8dc5-84e2ecfa8041,d2561aa5-c62b-4de5-9b93-818b5eade392,f59ac703-f594-48e7-8827-c317fd037046,2025-12-02,
d35edf3d-632c-48d6-ad20-90f12519fd8e,c8f27bd0-ad33-4d73-9c3f-28a6d4ccdc3c,2c0625b9-58b3-4efb-9b42-918932b3e14e,2025-12-02,
b80af6ed-7bef-4b06-9553-6068f9e50d86,c8f27bd0-ad33-4d73-9c3f-28a6d4ccdc3c,4d6bb408-d52c-48e9-8390-af91ea71500f,2025-12-02,
d7dc3139-9155-465f-bd83-79411a2e0114,bc6bbcf8-11f3-477d-9ab0-b9c074bca9b2,2c0625b9-58b3-4efb-9b42-918932b3e14e,2025-12-02,
9ae1db90-90f0-4345-96c3-e26bb45ff378,bc6bbcf8-11f3-477d-9ab0-b9c074bca9b2,7a633de8-13a3-41f5-b3f2-b71a2fd33ad6,2025-12-02,
369540c3-97e6-4978-bc8a-1d25765e60b4,bd74966a-3598-4827-b29d-f1a73422034a,f59ac703-f594-48e7-8827-c317fd037046,2025-12-02,
7e916a27-9d29-4332-bc5a-fc8dc3baf2d4,bd74966a-3598-4827-b29d-f1a73422034a,2c0625b9-58b3-4efb-9b42-918932b3e14e,2025-12-02,
33a2df9c-c5e2-44bf-854c-6598cfa4aaea,dedb1456-d5ef-400b-873f-8ba74bf6a592,7a633de8-13a3-41f5-b3f2-b71a2fd33ad6,2025-12-02,
f1647085-0059-44b9-ba4f-89ccc1bdebb2,dedb1456-d5ef-400b-873f-8ba74bf6a592,4d6bb408-d52c-48e9-8390-af91ea71500f,2025-12-02,
f92ccd71-9bf8-44c6-ab7e-6049ab99f073,266aa967-02e7-4908-ac1d-2070f75edf33,4d6bb408-d52c-48e9-8390-af91ea71500f,2025-12-02,
14128cc3-8b78-4e88-a94b-e1b56234a69a,266aa967-02e7-4908-ac1d-2070f75edf33,f59ac703-f594-48e7-8827-c317fd037046,2025-12-02,
51ec04f0-88b8-456e-a0f8-88944bc164af,e601e550-51c1-4f50-afeb-d140415f4790,4d6bb408-d52c-48e9-8390-af91ea71500f,2025-12-02,
4f85f7ea-09c5-41a7-b1aa-f3b85d9eb797,e601e550-51c1-4f50-afeb-d140415f4790,7a633de8-13a3-41f5-b3f2-b71a2fd33ad6,2025-12-02,
996def33-cb5a-46ac-a548-f1e84e9c8b48,8709a7ef-a978-498b-bdda-bc572500936c,f59ac703-f594-48e7-8827-c317fd037046,2025-12-02,
a1befd87-2ef5-40eb-bbbe-4121f52f2a32,8709a7ef-a978-498b-bdda-bc572500936c,2c0625b9-58b3-4efb-9b42-918932b3e14e,2025-12-02,
62224b9f-0913-42fb-89a7-941eb2c6ef83,69ec3f3a-220d-45a0-a1f4-40034bd81cbd,2c0625b9-58b3-4efb-9b42-918932b3e14e,2025-12-02,
c5cfdbbe-7349-4807-9082-1e8df10fac4f,69ec3f3a-220d-45a0-a1f4-40034bd81cbd,4d6bb408-d52c-48e9-8390-af91ea71500f,2025-12-02,
a9666fc0-39cb-481b-bfe1-59b4316dcdae,fd533946-3376-48a2-b262-3b8abe09f47b,4d6bb408-d52c-48e9-8390-af91ea71500f,2025-12-02,
4ad2299a-4a8c-46ce-86dc-9fa2df7616f3,fd533946-3376-48a2-b262-3b8abe09f47b,7a633de8-13a3-41f5-b3f2-b71a2fd33ad6,2025-12-02,
1cfd9ba9-fe9d-4b8b-93a9-f7c0e42fd39f,a7968baa-491d-43a4-90a9-0cf3dcea4360,4d6bb408-d52c-48e9-8390-af91ea71500f,2025-12-02,
31ed78aa-2d9e-434c-afe8-915403ff9ad9,a7968baa-491d-43a4-90a9-0cf3dcea4360,7a633de8-13a3-41f5-b3f2-b71a2fd33ad6,2025-12-02,
69a3b1d1-1deb-4c51-8698-c559645e8ab6,14211399-627d-4d2b-a801-6c2f773e8155,2c0625b9-58b3-4efb-9b42-918932b3e14e,2025-12-02,
0e992d12-0821-4f8d-9c29-1bd19f5aa5df,14211399-627d-4d2b-a801-6c2f773e8155,7a633de8-13a3-41f5-b3f2-b71a2fd33ad6,2025-12-02,
0d11d7c7-24e0-40b0-a27f-02c1b765e5e0,fa522982-6412-402d-a16d-989f2e510279,4d6bb408-d52c-48e9-8390-af91ea71500f,2025-12-02,
aa4a12fb-7527-4f16-b878-f971cce8c236,fa522982-6412-402d-a16d-989f2e510279,2c0625b9-58b3-4efb-9b42-918932b3e14e,2025-12-02,
ee7ccf47-73b6-4587-8f97-f6a4c031dcbb,2f4f941e-db89-497e-bc1e-2878c42b1600,7a633de8-13a3-41f5-b3f2-b71a2fd33ad6,2025-12-02,
6197a3da-bee6-47d8-b6eb-4bc371b7cb0b,2f4f941e-db89-497e-bc1e-2878c42b1600,2c0625b9-58b3-4efb-9b42-918932b3e14e,2025-12-02,
aabbd991-937a-493b-9e62-2992f26125c3,3aad3dd9-d06b-4dd7-b08f-c783b5104dec,2c0625b9-58b3-4efb-9b42-918932b3e14e,2025-12-02,
2557beeb-5303-43ed-93ef-0eadfe4e4d7e,3aad3dd9-d06b-4dd7-b08f-c783b5104dec,f59ac703-f594-48e7-8827-c317fd037046,2025-12-02,
13ce7798-9d1b-4d36-83d7-5a571204ba9c,a7df3abd-528b-4f8c-a9f0-3c288130efce,2c0625b9-58b3-4efb-9b42-918932b3e14e,2025-12-02,
9cd829b5-7d39-4959-9223-6caffcbc44c9,a7df3abd-528b-4f8c-a9f0-3c288130efce,f59ac703-f594-48e7-8827-c317fd037046,2025-12-02,
8f41e341-302e-4168-9c8d-77cb42afd316,a90eafb9-e396-4697-9a33-1e5fcb63a63c,2c0625b9-58b3-4efb-9b42-918932b3e14e,2025-12-02,
072bba0e-6f77-492e-b142-12f573131ebe,a90eafb9-e396-4697-9a33-1e5fcb63a63c,f59ac703-f594-48e7-8827-c317fd037046,2025-12-02,
33d8e2a6-eff3-4201-918b-8f866e33ceba,895b1cf3-b6b5-499b-8a84-8ad623fe963d,4d6bb408-d52c-48e9-8390-af91ea71500f,2025-12-02,
2e79a979-dd95-4ff1-9066-3de48909ca90,895b1cf3-b6b5-499b-8a84-8ad623fe963d,7a633de8-13a3-41f5-b3f2-b71a2fd33ad6,2025-12-02,
b2839bee-37d1-4335-9663-9155237a25f9,dc89433f-c558-4caa-90ef-8fd8af298977,7a633de8-13a3-41f5-b3f2-b71a2fd33ad6,2025-12-02,
6d87197e-ef34-4418-9cee-9bc096ef710c,dc89433f-c558-4caa-90ef-8fd8af298977,4d6bb408-d52c-48e9-8390-af91ea71500f,2025-12-02,
8f54605f-717b-466d-b478-5af50552fdff,c8538d95-5aef-4c21-ae53-3d5529271562,4d6bb408-d52c-48e9-8390-af91ea71500f,2025-12-02,
ea2f0614-7516-4b86-b308-a0302dc13c8c,c8538d95-5aef-4c21-ae53-3d5529271562,f59ac703-f594-48e7-8827-c317fd037046,2025-12-02,
bed179f1-6e98-47ba-ac1d-d44f2dc1dd53,9480dc48-6b4d-4d64-bd66-03a4e5467ef5,f59ac703-f594-48e7-8827-c317fd037046,2025-12-02,
bbd1cb0f-be1b-4046-a36d-5c6e27296274,9480dc48-6b4d-4d64-bd66-03a4e5467ef5,2c0625b9-58b3-4efb-9b42-918932b3e14e,2025-12-02,
5471330d-eb4d-4a1e-a61e-6e04b86d93a2,3dcf7823-21e2-4348-ba5b-3a28555124bd,2c0625b9-58b3-4efb-9b42-918932b3e14e,2025-12-02,
6b500cc0-e635-4f2b-8c0e-25982a06589c,3dcf7823-21e2-4348-ba5b-3a28555124bd,7a633de8-13a3-41f5-b3f2-b71a2fd33ad6,2025-12-02,
38b28d34-87b6-4b8c-afbf-f81f98a50559,8366e458-ec2b-44e7-a8fb-1e58bbba8da1,4d6bb408-d52c-48e9-8390-af91ea71500f,2025-12-02,
a00c1fff-3af8-49c8-b8a2-e59474ced842,8366e458-ec2b-44e7-a8fb-1e58bbba8da1,f59ac703-f594-48e7-8827-c317fd037046,2025-12-02,
3bd5c1b4-fea2-493a-95db-aa38fb6bac38,9c816423-6415-4a29-a00a-510f9582ce3c,4d6bb408-d52c-48e9-8390-af91ea71500f,2025-12-02,
9270e8f8-6b7d-4282-8d93-2e96933c1481,9c816423-6415-4a29-a00a-510f9582ce3c,f59ac703-f594-48e7-8827-c317fd037046,2025-12-02,
76c2ef80-7248-46a5-b099-fcefc9c1c587,3afd6393-ad0c-42c9-8b43-a3b3677a2839,2c0625b9-58b3-4efb-9b42-918932b3e14e,2025-12-02,
0e93c71c-a1ba-4c0c-bab0-a17ecedf2a19,3afd6393-ad0c-42c9-8b43-a3b3677a2839,f59ac703-f594-48e7-8827-c317fd037046,2025-12-02,
f946042c-3a5c-424c-82b2-816553c76272,ca0d4fd7-0491-4a43-a88b-ec42ed0e55b6,7a633de8-13a3-41f5-b3f2-b71a2fd33ad6,2025-12-02,
f30e8924-2ee5-487c-b41c-2b0fcb757d0c,ca0d4fd7-0491-4a43-a88b-ec42ed0e55b6,f59ac703-f594-48e7-8827-c317fd037046,2025-12-02,
a808d925-4aa6-4cc5-9dee-ddd095e53158,5996d75b-31d8-43b4-88f9-cfe654e4b8e0,4d6bb408-d52c-48e9-8390-af91ea71500f,2025-12-02,
81e54351-2558-42e1-ab89-902df705dc2a,5996d75b-31d8-43b4-88f9-cfe654e4b8e0,f59ac703-f594-48e7-8827-c317fd037046,2025-12-02,
e0c22392-3207-4d6d-92a6-22fc7b68f0ac,fa7b47dc-a084-4c98-97b0-7e711d3a45f8,2c0625b9-58b3-4efb-9b42-918932b3e14e,2025-12-02,
0059b17e-79a8-443d-a9cf-d7a75c272207,fa7b47dc-a084-4c98-97b0-7e711d3a45f8,7a633de8-13a3-41f5-b3f2-b71a2fd33ad6,2025-12-02,
822121fd-e5ad-47ed-99bb-3686833c069a,a2d25af3-ad74-4263-88fa-bac6e0134469,2c0625b9-58b3-4efb-9b42-918932b3e14e,2025-12-02,
0438ae95-9f35-417e-b769-4caa226b3525,a2d25af3-ad74-4263-88fa-bac6e0134469,7a633de8-13a3-41f5-b3f2-b71a2fd33ad6,2025-12-02,
fc539c32-f3ab-454d-95b3-55f382519899,e668663b-8813-4b30-bc4a-aeb09de453b0,7a633de8-13a3-41f5-b3f2-b71a2fd33ad6,2025-12-02,
cc88de32-8f67-429d-95f3-36c796552855,e668663b-8813-4b30-bc4a-aeb09de453b0,2c0625b9-58b3-4efb-9b42-918932b3e14e,2025-12-02,
062e5dec-f92b-4db7-9c34-bf207c61987f,f53a1dc0-a0ec-488a-ab39-465bc609782a,4d6bb408-d52c-48e9-8390-af91ea71500f,2025-12-02,
c43eee27-5b40-41ed-8cec-fde7336c1929,f53a1dc0-a0ec-488a-ab39-465bc609782a,7a633de8-13a3-41f5-b3f2-b71a2fd33ad6,2025-12-02,
1abdb5b4-8cb9-4368-9f94-93b2ed50fa76,f8d923fe-fc4f-466b-a765-aa96465e700a,7a633de8-13a3-41f5-b3f2-b71a2fd33ad6,2025-12-02,
b3abe1d0-a680-4b03-af17-60576ba841da,f8d923fe-fc4f-466b-a765-aa96465e700a,4d6bb408-d52c-48e9-8390-af91ea71500f,2025-12-02,
5321fa9d-1a84-44a3-b1f2-3a413d6062df,f1f036db-7ebb-420b-97a8-909ddc3ed4d0,7a633de8-13a3-41f5-b3f2-b71a2fd33ad6,2025-12-02,
4dc50262-5186-4450-9ba2-6d326c50c586,f1f036db-7ebb-420b-97a8-909ddc3ed4d0,f59ac703-f594-48e7-8827-c317fd037046,2025-12-02,
035976cb-d660-47ba-bf28-550dff5e6c91,e3a918f4-e6e9-4d94-9efd-742ea5459dad,7a633de8-13a3-41f5-b3f2-b71a2fd33ad6,2025-12-02,
06b6e86a-afe5-4392-946e-0435264c59d1,e3a918f4-e6e9-4d94-9efd-742ea5459dad,f59ac703-f594-48e7-8827-c317fd037046,2025-12-02,
9495b725-71b7-4ff6-b7d7-54f431051b56,f49835b6-6198-483f-947d-e6d755d827ed,2c0625b9-58b3-4efb-9b42-918932b3e14e,2025-12-02,
a42f2211-4b4f-4c03-b4fa-826af21b6b7d,f49835b6-6198-483f-947d-e6d755d827ed,7a633de8-13a3-41f5-b3f2-b71a2fd33ad6,2025-12-02,
5e436db7-0757-4c0a-88fc-ea7f83946802,fd03c88d-fb45-4a28-9192-afd81cedbe0d,2c0625b9-58b3-4efb-9b42-918932b3e14e,2025-12-02,
db04874c-bac7-4d93-b88e-d1a8878ce0c2,fd03c88d-fb45-4a28-9192-afd81cedbe0d,4d6bb408-d52c-48e9-8390-af91ea71500f,2025-12-02,
72aa43c8-8c76-4f80-810e-346db3037ccd,c71c2fba-b413-420d-9926-f66b50185c12,f59ac703-f594-48e7-8827-c317fd037046,2025-12-02,
32d68359-7211-49d7-aaac-8147ce43055a,c71c2fba-b413-420d-9926-f66b50185c12,2c0625b9-58b3-4efb-9b42-918932b3e14e,2025-12-02,
e66fef99-ff6c-4fe2-91d2-bc3cd1e52552,90dad0ea-56b0-4196-9acf-f8c7b6a96c55,f59ac703-f594-48e7-8827-c317fd037046,2025-12-02,
bfaa7aad-9e60-4ffd-bb76-78626b51c8e0,90dad0ea-56b0-4196-9acf-f8c7b6a96c55,4d6bb408-d52c-48e9-8390-af91ea71500f,2025-12-02,
4b30cb4a-ef7a-4b7e-910a-4433a349d836,7af9774e-7728-4af1-b863-5d185ae67324,4d6bb408-d52c-48e9-8390-af91ea71500f,2025-12-02,
6a2bbdfb-00bc-4d51-803a-bc1fe5f30d2d,7af9774e-7728-4af1-b863-5d185ae67324,f59ac703-f594-48e7-8827-c317fd037046,2025-12-02,
2d68a214-c06a-404b-925c-70b2f61fecbc,974b215d-5f7e-4c43-bb28-257deb7d391a,7a633de8-13a3-41f5-b3f2-b71a2fd33ad6,2025-12-02,
9bfc2341-a5ec-47dc-8b72-3449095f4fc0,974b215d-5f7e-4c43-bb28-257deb7d391a,f59ac703-f594-48e7-8827-c317fd037046,2025-12-02,
4f1500f6-d466-41b4-be42-15208242bc15,81ce8925-2760-4065-b0a5-5989292f5316,4d6bb408-d52c-48e9-8390-af91ea71500f,2025-12-02,
d2bd09d7-dcdb-48b8-a066-29b8602844b0,81ce8925-2760-4065-b0a5-5989292f5316,f59ac703-f594-48e7-8827-c317fd037046,2025-12-02,
9e5bf38c-d4c3-4f25-8c68-2b7df6d5bb13,da3743cd-720d-485f-b026-20a3afc1ebb8,f59ac703-f594-48e7-8827-c317fd037046,2025-12-02,
79623e7b-51e8-479d-aaa0-5c64cf7f6146,da3743cd-720d-485f-b026-20a3afc1ebb8,7a633de8-13a3-41f5-b3f2-b71a2fd33ad6,2025-12-02,
ace0d579-653b-4ceb-8e8b-fc6af0b4b1bc,19fa9eac-862d-4630-888d-cb9863d23444,4d6bb408-d52c-48e9-8390-af91ea71500f,2025-12-02,
ed090111-78ec-4385-807f-7ff6f696d603,19fa9eac-862d-4630-888d-cb9863d23444,7a633de8-13a3-41f5-b3f2-b71a2fd33ad6,2025-12-02,
47118e32-a3b0-4f03-a18c-55327ca41544,239c48c1-3b0e-42ae-bfff-8f4b887b802f,7a633de8-13a3-41f5-b3f2-b71a2fd33ad6,2025-12-02,
2ce2786a-b271-4af1-b5eb-397c927e7527,239c48c1-3b0e-42ae-bfff-8f4b887b802f,2c0625b9-58b3-4efb-9b42-918932b3e14e,2025-12-02,
36770bad-9d36-4e4c-9847-2985116c1e7d,33b6eda6-39a2-4163-88f9-891c15ac17a4,f59ac703-f594-48e7-8827-c317fd037046,2025-12-02,
8fb95b46-28bd-46e8-99d9-2954e5cfd962,33b6eda6-39a2-4163-88f9-891c15ac17a4,7a633de8-13a3-41f5-b3f2-b71a2fd33ad6,2025-12-02,
134c9eb1-95d9-4003-9683-77b60352d429,85c6be91-a179-4c10-9b2f-3e413721b5d2,7a633de8-13a3-41f5-b3f2-b71a2fd33ad6,2025-12-02,
cd015cf8-5bcc-49b0-8220-3bb5475283f7,85c6be91-a179-4c10-9b2f-3e413721b5d2,f59ac703-f594-48e7-8827-c317fd037046,2025-12-02,
4642d081-e4e4-442f-a8b8-7f3ae3e08fec,2100a65a-4e14-46b7-b3c8-79e3ee2e760e,7a633de8-13a3-41f5-b3f2-b71a2fd33ad6,2025-12-02,
1b893789-b0ac-4cd0-b09a-ba24de139c45,2100a65a-4e14-46b7-b3c8-79e3ee2e760e,2c0625b9-58b3-4efb-9b42-918932b3e14e,2025-12-02,
8e1349cd-34d8-4ed3-b624-873c87c6edb6,df5be67d-9b10-4b24-84a6-41b3907f59cf,7a633de8-13a3-41f5-b3f2-b71a2fd33ad6,2025-12-02,
c783986c-50a0-4776-a6cc-8291cf686ddf,df5be67d-9b10-4b24-84a6-41b3907f59cf,f59ac703-f594-48e7-8827-c317fd037046,2025-12-02,
c090169c-0618-4752-bb92-fd4da4ebd71d,0149a44b-de0d-4c81-b1fd-788cec68f742,2c0625b9-58b3-4efb-9b42-918932b3e14e,2025-12-02,
cff00a22-ba7d-4492-a5cc-4c61d1348139,0149a44b-de0d-4c81-b1fd-788cec68f742,f59ac703-f594-48e7-8827-c317fd037046,2025-12-02,
4dcca58e-d882-484a-89bc-8751680c9adc,025cc4ef-94b5-47e8-a7b1-9cb9745dedd7,7a633de8-13a3-41f5-b3f2-b71a2fd33ad6,2025-12-02,
5c03a0bb-b234-43a5-9f3c-8c6fe6b4976d,025cc4ef-94b5-47e8-a7b1-9cb9745dedd7,f59ac703-f594-48e7-8827-c317fd037046,2025-12-02,
20f74cd6-88e7-4175-82d6-d54c47f9d264,796b285d-0e89-438d-a41f-1fc7f8c148c9,7a633de8-13a3-41f5-b3f2-b71a2fd33ad6,2025-12-02,
87f7feb5-0827-4dd1-bb0c-7c00af2ff53a,796b285d-0e89-438d-a41f-1fc7f8c148c9,4d6bb408-d52c-48e9-8390-af91ea71500f,2025-12-02,
976a0d13-10bf-4411-a5a0-dfcbc8c868a3,4d89c1b8-0ebf-4a51-8512-4d58fec979a3,7a633de8-13a3-41f5-b3f2-b71a2fd33ad6,2025-12-02,
7e00fcbb-5fbc-44bc-b0eb-ac71016a9f34,4d89c1b8-0ebf-4a51-8512-4d58fec979a3,4d6bb408-d52c-48e9-8390-af91ea71500f,2025-12-02,
57b7d80b-c7a9-4746-b412-fb9e8404b328,4f967b70-1b4c-4cf5-9135-05454160636c,2c0625b9-58b3-4efb-9b42-918932b3e14e,2025-12-02,
6b2c8e2d-20dd-4d3e-aeef-f68474be210a,4f967b70-1b4c-4cf5-9135-05454160636c,f59ac703-f594-48e7-8827-c317fd037046,2025-12-02,
e7c764e2-2146-48ed-a4e2-bcbc849e384a,86aea6b6-f430-4a1e-a8fc-81676bf654a5,4d6bb408-d52c-48e9-8390-af91ea71500f,2025-12-02,
8556b5ef-212b-4767-b554-210f12a2cca9,86aea6b6-f430-4a1e-a8fc-81676bf654a5,2c0625b9-58b3-4efb-9b42-918932b3e14e,2025-12-02,
3cfe6b06-091f-4dce-aa1e-8dfa94859ab5,afa11c28-5d70-41b2-92cd-a9049723a802,2c0625b9-58b3-4efb-9b42-918932b3e14e,2025-12-02,
528e8e8d-5398-49ac-95d2-6984f4bc0f76,afa11c28-5d70-41b2-92cd-a9049723a802,4d6bb408-d52c-48e9-8390-af91ea71500f,2025-12-02,
d8f9820b-864d-4e63-88f3-8705aa2d3cb0,d089de86-7645-44d5-9789-1a628f739a7c,f59ac703-f594-48e7-8827-c317fd037046,2025-12-02,
6a7d3be6-0bce-43a5-bd2c-494f21f4c61b,d089de86-7645-44d5-9789-1a628f739a7c,7a633de8-13a3-41f5-b3f2-b71a2fd33ad6,2025-12-02,
5ad37544-3a83-425c-8fa6-78a82a4de76b,d74dddc6-6e52-4bb9-a9f1-1c184b45d437,4d6bb408-d52c-48e9-8390-af91ea71500f,2025-12-02,
f86ed5d0-a2c9-4efc-a814-e0c5c612ba80,d74dddc6-6e52-4bb9-a9f1-1c184b45d437,f59ac703-f594-48e7-8827-c317fd037046,2025-12-02,
93e5897e-52bf-43ee-842b-5b902fce92d2,c4bfe414-5d12-4be5-8f34-776e87c25a44,4d6bb408-d52c-48e9-8390-af91ea71500f,2025-12-02,
8cd7cd4c-7ed8-4a47-a15a-9c911be8ccc1,c4bfe414-5d12-4be5-8f34-776e87c25a44,7a633de8-13a3-41f5-b3f2-b71a2fd33ad6,2025-12-02,
693b8ec7-b1f5-45d9-af8a-64c18efab2c4,17a7878a-e32c-4c71-84ec-25cad69277a2,f59ac703-f594-48e7-8827-c317fd037046,2025-12-02,
9af4f7cd-ac2e-4358-81b6-373a7a7bad5c,17a7878a-e32c-4c71-84ec-25cad69277a2,2c0625b9-58b3-4efb-9b42-918932b3e14e,2025-12-02,
26481ac6-2ff6-4ecf-86c4-4f963e12664a,cf610d93-50ed-416c-b763-7af9304ec101,2c0625b9-58b3-4efb-9b42-918932b3e14e,2025-12-02,
9a3853e4-517a-4480-b9aa-09640d54c01c,cf610d93-50ed-416c-b763-7af9304ec101,7a633de8-13a3-41f5-b3f2-b71a2fd33ad6,2025-12-02,
29c051e2-53e5-438e-8a71-caab966099b1,9d54ed58-78cc-4415-a505-a8ceca4143af,4d6bb408-d52c-48e9-8390-af91ea71500f,2025-12-02,
96f25db8-839a-4fda-8c92-6a5e64ea3acc,9d54ed58-78cc-4415-a505-a8ceca4143af,2c0625b9-58b3-4efb-9b42-918932b3e14e,2025-12-02,
28482c23-a5a5-44b2-a328-b277ded78dff,d7f5ed84-d666-4729-b5c1-25aeb9f9675b,7a633de8-13a3-41f5-b3f2-b71a2fd33ad6,2025-12-02,
a91e7eb9-3eb2-41bb-92df-badd99ca0583,d7f5ed84-d666-4729-b5c1-25aeb9f9675b,f59ac703-f594-48e7-8827-c317fd037046,2025-12-02,
832edad3-450e-4aec-8a45-4d5e66a48b2e,8118ab00-47c3-4c04-9187-9c16e563543c,7a633de8-13a3-41f5-b3f2-b71a2fd33ad6,2025-12-02,
2f15e5c7-f758-4fcb-9919-db4dc92e92ab,8118ab00-47c3-4c04-9187-9c16e563543c,f59ac703-f594-48e7-8827-c317fd037046,2025-12-02,
d9eb9134-8fe4-4f4a-8079-a718073a435b,312895c4-0eb9-498a-9132-0857593c6e75,4d6bb408-d52c-48e9-8390-af91ea71500f,2025-12-02,
acd7cb62-f894-451b-b640-910a9ab30e73,312895c4-0eb9-498a-9132-0857593c6e75,7a633de8-13a3-41f5-b3f2-b71a2fd33ad6,2025-12-02,
e6df67f7-8479-4d3b-933c-bcf3871cbbc3,4c5cfbe5-8bbd-4ee9-a5f6-4cc91fef100d,772c96fe-683d-4e56-8af4-2b627d44dfdc,2025-12-02,
fc7a482c-44ed-43eb-a8c4-b0f3946407e3,4c5cfbe5-8bbd-4ee9-a5f6-4cc91fef100d,ff3ba614-c520-4ee2-ba6e-f3ab47eaf3d1,2025-12-02,
65636f98-3ae8-49c6-b295-ae0e994fa6e0,77db77f2-99af-48df-8692-ac176ec2b653,ff3ba614-c520-4ee2-ba6e-f3ab47eaf3d1,2025-12-02,
a090a0fc-49b8-4a46-8a38-4dc13b686042,77db77f2-99af-48df-8692-ac176ec2b653,772c96fe-683d-4e56-8af4-2b627d44dfdc,2025-12-02,
7e86fc6c-5eba-4a56-b3b1-23b4c6775b59,58e430b0-b8fa-49c8-a300-0c9871f0ad72,772c96fe-683d-4e56-8af4-2b627d44dfdc,2025-12-02,
594af73d-65dd-46ec-a670-f204e738a289,58e430b0-b8fa-49c8-a300-0c9871f0ad72,893f239e-2bb6-4662-893e-a73f13a7a216,2025-12-02,
21308a01-75e3-421a-97fe-8b70fa22aabc,11091381-64fb-4762-b766-7c3f53e6b0c7,ff3ba614-c520-4ee2-ba6e-f3ab47eaf3d1,2025-12-02,
58926e48-3c56-4f2a-ba12-101f44869293,11091381-64fb-4762-b766-7c3f53e6b0c7,772c96fe-683d-4e56-8af4-2b627d44dfdc,2025-12-02,
e80828ca-4d89-4e2a-bc5f-b0377af46562,4c244cb1-54d1-42c4-a378-5b81301ada33,772c96fe-683d-4e56-8af4-2b627d44dfdc,2025-12-02,
9e8f834f-33c1-4881-968b-aa0370e79bae,4c244cb1-54d1-42c4-a378-5b81301ada33,982d643e-14cd-4ef9-9cf4-4c49ef855fe7,2025-12-02,
b18e2b22-1127-485d-99c3-2ca9b625dd2d,eb855ca1-9eb4-4f8b-bb7b-ff665a7519c8,772c96fe-683d-4e56-8af4-2b627d44dfdc,2025-12-02,
6faab15d-003b-44ba-9826-d8f82a93f443,eb855ca1-9eb4-4f8b-bb7b-ff665a7519c8,982d643e-14cd-4ef9-9cf4-4c49ef855fe7,2025-12-02,
217ef1ed-2216-4e23-b3b1-b08756972b49,bf8b6c8a-297f-41d9-ab50-3ed6f491d492,ff3ba614-c520-4ee2-ba6e-f3ab47eaf3d1,2025-12-02,
a59a773a-b550-4065-bec7-e632d295e938,bf8b6c8a-297f-41d9-ab50-3ed6f491d492,772c96fe-683d-4e56-8af4-2b627d44dfdc,2025-12-02,
18bf70e5-3be8-41ec-99cf-51cd1e765011,d9c20128-ead3-4f71-9b6e-88da1dbb74f4,ff3ba614-c520-4ee2-ba6e-f3ab47eaf3d1,2025-12-02,
e096b34c-b9c6-450d-86ee-8c5842fe2a0f,d9c20128-ead3-4f71-9b6e-88da1dbb74f4,893f239e-2bb6-4662-893e-a73f13a7a216,2025-12-02,
2b9cd073-ebda-4b50-80fd-f0c4fa98a425,bfc6f425-25fa-49c6-a59b-242972e66158,ff3ba614-c520-4ee2-ba6e-f3ab47eaf3d1,2025-12-02,
99ae6c5c-389f-403f-b3d4-aa49e2fce46e,bfc6f425-25fa-49c6-a59b-242972e66158,772c96fe-683d-4e56-8af4-2b627d44dfdc,2025-12-02,
d3fcdc10-1246-4271-9f4a-a5296d7a4141,22be9735-3b3b-469d-8dc4-f7609afb4265,893f239e-2bb6-4662-893e-a73f13a7a216,2025-12-02,
5812537e-c7fe-4285-9c5e-a3bc308aba3e,22be9735-3b3b-469d-8dc4-f7609afb4265,982d643e-14cd-4ef9-9cf4-4c49ef855fe7,2025-12-02,
b32533df-6e8c-407b-8f9c-844555c44a6b,9f58618a-79ab-463c-a251-48d9c2e3ea11,893f239e-2bb6-4662-893e-a73f13a7a216,2025-12-02,
91b8c2b9-5f6b-4363-b3b6-e89e8f5be658,9f58618a-79ab-463c-a251-48d9c2e3ea11,982d643e-14cd-4ef9-9cf4-4c49ef855fe7,2025-12-02,
71a5c1fc-9209-4516-be84-df4eeaf32c3e,f183c007-bcce-445f-adb8-ede134d716ff,772c96fe-683d-4e56-8af4-2b627d44dfdc,2025-12-02,
3edbcb9f-36f4-4068-ae1f-250808b36536,f183c007-bcce-445f-adb8-ede134d716ff,982d643e-14cd-4ef9-9cf4-4c49ef855fe7,2025-12-02,
307f7a72-c8e3-4319-9c59-469cd5a0200b,1893c2e2-71f0-4d36-a465-170e5384cfb0,ff3ba614-c520-4ee2-ba6e-f3ab47eaf3d1,2025-12-02,
4759eb2a-e152-4642-a0ba-49893e44ae20,1893c2e2-71f0-4d36-a465-170e5384cfb0,772c96fe-683d-4e56-8af4-2b627d44dfdc,2025-12-02,
73e360f4-a716-48bb-a5ba-46f6b97390f9,d5db9f17-dbdb-4774-ab52-05c1e0995707,982d643e-14cd-4ef9-9cf4-4c49ef855fe7,2025-12-02,
433ee8af-77f7-4a0f-a3a4-52e635730c84,d5db9f17-dbdb-4774-ab52-05c1e0995707,893f239e-2bb6-4662-893e-a73f13a7a216,2025-12-02,
abe9b2d9-35af-4674-a99b-1d75fded280b,e51616c1-7344-4631-8c1a-5f2dbdfaa847,ff3ba614-c520-4ee2-ba6e-f3ab47eaf3d1,2025-12-02,
b5e1863a-3fc4-4fc0-b8a5-c78fd3451a39,e51616c1-7344-4631-8c1a-5f2dbdfaa847,772c96fe-683d-4e56-8af4-2b627d44dfdc,2025-12-02,
bee83df5-b1aa-4d84-a2fe-69bf0d7cab6d,6ffa3178-5f9a-444d-8571-05d05b782f92,893f239e-2bb6-4662-893e-a73f13a7a216,2025-12-02,
29063c40-7cbd-4cd2-8373-14c5195b0da4,6ffa3178-5f9a-444d-8571-05d05b782f92,982d643e-14cd-4ef9-9cf4-4c49ef855fe7,2025-12-02,
06b786f2-f03e-4708-8d54-69b3fb41166c,14ef30e8-b3d9-4414-8c90-6dcc67e82083,772c96fe-683d-4e56-8af4-2b627d44dfdc,2025-12-02,
fb7903e6-5e0a-476f-a7eb-01e3c0d45439,14ef30e8-b3d9-4414-8c90-6dcc67e82083,ff3ba614-c520-4ee2-ba6e-f3ab47eaf3d1,2025-12-02,
444f2a8b-7eae-461a-86ba-6f03fd185adc,48aac26d-c3d2-4911-9dfa-4fee387a672a,772c96fe-683d-4e56-8af4-2b627d44dfdc,2025-12-02,
40fb59d3-0db7-44f0-8d6b-7fb6e296dfcb,48aac26d-c3d2-4911-9dfa-4fee387a672a,ff3ba614-c520-4ee2-ba6e-f3ab47eaf3d1,2025-12-02,
fd6241fc-80a3-4782-98ca-58a0ada89948,623363a3-a637-4ceb-8cb8-9b47069b71fc,ff3ba614-c520-4ee2-ba6e-f3ab47eaf3d1,2025-12-02,
425577f0-456d-4e19-9b28-a0b037b5b8ac,623363a3-a637-4ceb-8cb8-9b47069b71fc,982d643e-14cd-4ef9-9cf4-4c49ef855fe7,2025-12-02,
d4a49c00-3498-4ac9-a436-bc5c4de54c72,c1a854a4-a76d-4df5-86da-511daf39f9ef,893f239e-2bb6-4662-893e-a73f13a7a216,2025-12-02,
a2e9b2d6-af73-41ba-9415-8c98fbad1046,c1a854a4-a76d-4df5-86da-511daf39f9ef,982d643e-14cd-4ef9-9cf4-4c49ef855fe7,2025-12-02,
80e72a1f-1dcd-4e56-9964-abfbaeda294a,ffed0736-3b02-43a2-957f-7769c875e6ee,772c96fe-683d-4e56-8af4-2b627d44dfdc,2025-12-02,
9c9a573e-2074-4d89-8d80-a381769e967a,ffed0736-3b02-43a2-957f-7769c875e6ee,982d643e-14cd-4ef9-9cf4-4c49ef855fe7,2025-12-02,
884a3197-bee4-4a8a-b6cb-b47d7add7aac,6dd16490-cacb-4e51-9dc3-42de7b5509ab,982d643e-14cd-4ef9-9cf4-4c49ef855fe7,2025-12-02,
e9e5cd89-7a15-4848-8dfe-4b7980ccced0,6dd16490-cacb-4e51-9dc3-42de7b5509ab,893f239e-2bb6-4662-893e-a73f13a7a216,2025-12-02,
ff52628f-04d9-4ac3-871c-4ce379fc18a3,747e6156-2096-4d0c-9070-9edd57ec0547,ff3ba614-c520-4ee2-ba6e-f3ab47eaf3d1,2025-12-02,
62dee229-cff7-4d02-aae9-30e0dc34bcb0,747e6156-2096-4d0c-9070-9edd57ec0547,772c96fe-683d-4e56-8af4-2b627d44dfdc,2025-12-02,
c2de32a5-dd5f-4351-b370-955414305368,9bf72241-ec58-4152-b152-bbb24f24a1fd,ff3ba614-c520-4ee2-ba6e-f3ab47eaf3d1,2025-12-02,
3f207dce-f293-4359-a5dc-c2b4db4b7641,9bf72241-ec58-4152-b152-bbb24f24a1fd,772c96fe-683d-4e56-8af4-2b627d44dfdc,2025-12-02,
713effb4-02b9-4ef8-b54b-44b73af9f934,306ee3da-c62c-4db6-993c-703625383e83,772c96fe-683d-4e56-8af4-2b627d44dfdc,2025-12-02,
807ed389-dc27-4018-8d45-fcb2e84f2e0d,306ee3da-c62c-4db6-993c-703625383e83,ff3ba614-c520-4ee2-ba6e-f3ab47eaf3d1,2025-12-02,
221b64be-f054-477e-acfd-516da7e93523,64721f16-5633-4f33-b396-4c31f5717fee,772c96fe-683d-4e56-8af4-2b627d44dfdc,2025-12-02,
09e18b3b-16e3-499a-bb1d-57ad3ff33020,64721f16-5633-4f33-b396-4c31f5717fee,893f239e-2bb6-4662-893e-a73f13a7a216,2025-12-02,
92890fed-f6a6-4473-addc-64cb82d42552,4c7b1601-4f91-406a-8776-765f3fc8f8f7,893f239e-2bb6-4662-893e-a73f13a7a216,2025-12-02,
1e1055a0-d6ea-4e17-a8d6-1ad7e455444f,4c7b1601-4f91-406a-8776-765f3fc8f8f7,ff3ba614-c520-4ee2-ba6e-f3ab47eaf3d1,2025-12-02,
b8e5c806-d75d-4571-bc40-25844ba76dc2,dd90c02b-56b0-4ab3-9bf6-12fc8ff8c9f7,772c96fe-683d-4e56-8af4-2b627d44dfdc,2025-12-02,
8c55c58a-0b9a-4399-8f9d-53a7f9888b5b,dd90c02b-56b0-4ab3-9bf6-12fc8ff8c9f7,ff3ba614-c520-4ee2-ba6e-f3ab47eaf3d1,2025-12-02,
6bdf404b-0438-4303-9c78-309356785e8b,74ddda73-0835-490f-a9c9-db4b10e6b00e,893f239e-2bb6-4662-893e-a73f13a7a216,2025-12-02,
391645b3-29c3-440d-afd7-db775e90c83d,74ddda73-0835-490f-a9c9-db4b10e6b00e,982d643e-14cd-4ef9-9cf4-4c49ef855fe7,2025-12-02,
4c5a147c-501d-4614-b48e-93a9e199d778,e64dd192-3683-4509-8500-8c156cf996b7,772c96fe-683d-4e56-8af4-2b627d44dfdc,2025-12-02,
87999dfb-e1cd-440e-9a71-a7e39c5ac6c5,e64dd192-3683-4509-8500-8c156cf996b7,982d643e-14cd-4ef9-9cf4-4c49ef855fe7,2025-12-02,
504aa572-1e26-46bb-a303-7347cebceb9a,4944dd8e-2cc7-489c-adb5-5178bb542d53,893f239e-2bb6-4662-893e-a73f13a7a216,2025-12-02,
a652f101-66ad-4c58-a77c-52d18818ebe6,4944dd8e-2cc7-489c-adb5-5178bb542d53,982d643e-14cd-4ef9-9cf4-4c49ef855fe7,2025-12-02,
77887bd3-dd23-425b-ba6f-ab4f4d07c019,d06542ea-024a-41c9-8472-566b872a392a,772c96fe-683d-4e56-8af4-2b627d44dfdc,2025-12-02,
2abc2bc2-c6a9-4849-bf2a-6f769f2ffdf5,d06542ea-024a-41c9-8472-566b872a392a,982d643e-14cd-4ef9-9cf4-4c49ef855fe7,2025-12-02,
a7d04465-06a7-410a-83a0-fc1ba699c5cc,38c4d102-791b-494f-9539-e7cbcdf2f36f,893f239e-2bb6-4662-893e-a73f13a7a216,2025-12-02,
2010fc81-2b3c-437c-8d71-1b3b62d976f6,38c4d102-791b-494f-9539-e7cbcdf2f36f,ff3ba614-c520-4ee2-ba6e-f3ab47eaf3d1,2025-12-02,
00a2053b-d721-429f-95bb-f7a46f689474,dea5a081-75e1-45eb-8de3-1b5ea65ac0c4,ff3ba614-c520-4ee2-ba6e-f3ab47eaf3d1,2025-12-02,
37a094bb-7457-4b17-a6b6-32e619717d1b,dea5a081-75e1-45eb-8de3-1b5ea65ac0c4,982d643e-14cd-4ef9-9cf4-4c49ef855fe7,2025-12-02,
cca51ca4-dd34-4c35-834f-a5b044aaafcc,ea287e1d-c5de-470b-938e-819224688386,982d643e-14cd-4ef9-9cf4-4c49ef855fe7,2025-12-02,
29107abc-844a-470d-85ff-62578f10b87f,ea287e1d-c5de-470b-938e-819224688386,772c96fe-683d-4e56-8af4-2b627d44dfdc,2025-12-02,
c6d4d563-c980-4d99-be3c-f37c9d2d8938,5513f636-701f-4516-b5b5-f1d073a8254c,893f239e-2bb6-4662-893e-a73f13a7a216,2025-12-02,
65c6113d-7a14-4c13-87d8-774cd8297cef,5513f636-701f-4516-b5b5-f1d073a8254c,982d643e-14cd-4ef9-9cf4-4c49ef855fe7,2025-12-02,
15035326-f153-4aed-a698-e711989a7f33,f97adbb0-11eb-4128-9a23-29bcc256f912,982d643e-14cd-4ef9-9cf4-4c49ef855fe7,2025-12-02,
7d932d93-8a96-48c7-b215-913a12de6a7d,f97adbb0-11eb-4128-9a23-29bcc256f912,893f239e-2bb6-4662-893e-a73f13a7a216,2025-12-02,
c2122420-6575-43c0-b203-76856ef009a0,eb89cca3-263e-40fa-999c-c9d867ffd923,893f239e-2bb6-4662-893e-a73f13a7a216,2025-12-02,
68dd7ace-def3-4eda-9bb0-e707d73224af,eb89cca3-263e-40fa-999c-c9d867ffd923,772c96fe-683d-4e56-8af4-2b627d44dfdc,2025-12-02,
76671753-844c-476f-9009-f9d50890f940,8afec5f9-f465-413c-9ce0-8ae9dd3a42f3,893f239e-2bb6-4662-893e-a73f13a7a216,2025-12-02,
52650593-e7e2-415f-b3f9-72f0b0a871f2,8afec5f9-f465-413c-9ce0-8ae9dd3a42f3,982d643e-14cd-4ef9-9cf4-4c49ef855fe7,2025-12-02,
4118bb6c-861b-449a-869e-58c0a04f25fe,c1b1105d-bdfd-4a8a-9c2e-a11bc76849c3,982d643e-14cd-4ef9-9cf4-4c49ef855fe7,2025-12-02,
a9d469fd-7ae7-4f27-95b5-67811913ef06,c1b1105d-bdfd-4a8a-9c2e-a11bc76849c3,893f239e-2bb6-4662-893e-a73f13a7a216,2025-12-02,
dd50a5e9-d47c-4c27-b149-818e109a563f,37e25409-9c68-449b-9014-8cad94439880,ff3ba614-c520-4ee2-ba6e-f3ab47eaf3d1,2025-12-02,
92011e5d-f40c-4100-b25a-214919eb7e34,37e25409-9c68-449b-9014-8cad94439880,982d643e-14cd-4ef9-9cf4-4c49ef855fe7,2025-12-02,
80cd8c25-d7ac-4556-b0e5-e8b134600397,5e0b2cad-627d-4f7f-9b25-aef6c73d30c2,ff3ba614-c520-4ee2-ba6e-f3ab47eaf3d1,2025-12-02,
e0f230f1-6410-413a-9591-987673eeab22,5e0b2cad-627d-4f7f-9b25-aef6c73d30c2,772c96fe-683d-4e56-8af4-2b627d44dfdc,2025-12-02,
48098b41-587d-403d-84ce-6136ee68299d,5362c887-dca5-47e7-9a5a-23a3cf467951,982d643e-14cd-4ef9-9cf4-4c49ef855fe7,2025-12-02,
865bce26-bce1-4b7e-ae25-d5818c531857,5362c887-dca5-47e7-9a5a-23a3cf467951,772c96fe-683d-4e56-8af4-2b627d44dfdc,2025-12-02,
af983ac8-1126-4a7c-9eed-c3dd3dcb09da,e9836826-fe2a-4bd7-bdf6-4bfff677e55b,893f239e-2bb6-4662-893e-a73f13a7a216,2025-12-02,
2361bbbe-7267-4e7f-b7e0-52d522e573fc,e9836826-fe2a-4bd7-bdf6-4bfff677e55b,772c96fe-683d-4e56-8af4-2b627d44dfdc,2025-12-02,
dc9e9bb7-82d7-4238-99c1-2810a19ffedf,6b2ab9b7-ed56-463c-a7d6-c65c42315527,ff3ba614-c520-4ee2-ba6e-f3ab47eaf3d1,2025-12-02,
7262fde5-fe6c-4951-befa-8127ad3ed4ac,6b2ab9b7-ed56-463c-a7d6-c65c42315527,893f239e-2bb6-4662-893e-a73f13a7a216,2025-12-02,
90b4190e-e5a3-43f9-9227-9577e931ff83,df209b5f-6ab1-4fb0-a89d-500c917370c3,772c96fe-683d-4e56-8af4-2b627d44dfdc,2025-12-02,
f19dfd91-30b2-4cee-8e38-f1ecde7e208b,df209b5f-6ab1-4fb0-a89d-500c917370c3,ff3ba614-c520-4ee2-ba6e-f3ab47eaf3d1,2025-12-02,
e73fa124-2866-44bc-8e99-a96d9a6da197,4de6d862-c112-41ac-8a55-1fa60193bd0b,772c96fe-683d-4e56-8af4-2b627d44dfdc,2025-12-02,
fb193cdd-6493-4dec-a42a-8fc98d944670,4de6d862-c112-41ac-8a55-1fa60193bd0b,ff3ba614-c520-4ee2-ba6e-f3ab47eaf3d1,2025-12-02,
07949966-2f48-4b1f-9a30-d72e492c3ff2,2a42d558-f450-432b-a661-dec33b17d5e2,ff3ba614-c520-4ee2-ba6e-f3ab47eaf3d1,2025-12-02,
b036b513-7afc-48d5-a9fc-dc1a08d6f2e7,2a42d558-f450-432b-a661-dec33b17d5e2,772c96fe-683d-4e56-8af4-2b627d44dfdc,2025-12-02,
13ab758a-7c99-4c41-876a-841ff099c93f,189e4108-3b01-4ece-a42c-b5c604bedf2e,772c96fe-683d-4e56-8af4-2b627d44dfdc,2025-12-02,
d707a8f3-5fee-42a9-87d4-533fbe97e32d,189e4108-3b01-4ece-a42c-b5c604bedf2e,ff3ba614-c520-4ee2-ba6e-f3ab47eaf3d1,2025-12-02,
66a33e26-5ac3-408e-9344-5a0c98a8b471,26edfa66-de7d-4cf6-be3c-c25a47076290,893f239e-2bb6-4662-893e-a73f13a7a216,2025-12-02,
a9fea4dc-1ed0-4af7-86d7-765a5e1c30f0,26edfa66-de7d-4cf6-be3c-c25a47076290,ff3ba614-c520-4ee2-ba6e-f3ab47eaf3d1,2025-12-02,
8867e80e-6e9f-48b9-a85a-71f9d0fe5431,88d07fa7-fcdf-429f-8f2a-e20bef271296,982d643e-14cd-4ef9-9cf4-4c49ef855fe7,2025-12-02,
166fe147-6c97-4f6b-b98c-d38b8d29e5a0,88d07fa7-fcdf-429f-8f2a-e20bef271296,ff3ba614-c520-4ee2-ba6e-f3ab47eaf3d1,2025-12-02,
2d64cd74-ddb0-4b55-bb60-d48a293f4761,d3815f89-e9cc-4b6c-8c70-4398a9ca73b2,982d643e-14cd-4ef9-9cf4-4c49ef855fe7,2025-12-02,
034125d6-4fda-4e19-aa78-a6e94a31def9,d3815f89-e9cc-4b6c-8c70-4398a9ca73b2,893f239e-2bb6-4662-893e-a73f13a7a216,2025-12-02,
decd492d-8477-492e-bebb-fae5232d4a7a,10d03a63-200a-47ba-bf82-f9b0b9bb7b99,982d643e-14cd-4ef9-9cf4-4c49ef855fe7,2025-12-02,
fd2a127e-e63b-4df8-8219-e96f88ce0786,10d03a63-200a-47ba-bf82-f9b0b9bb7b99,772c96fe-683d-4e56-8af4-2b627d44dfdc,2025-12-02,
e85b8736-0c39-4958-a068-82a071418dc3,812e6505-a0fe-46ea-9b7c-c4252662a2fc,ff3ba614-c520-4ee2-ba6e-f3ab47eaf3d1,2025-12-02,
9e331468-5625-429c-b356-d0198594d662,812e6505-a0fe-46ea-9b7c-c4252662a2fc,772c96fe-683d-4e56-8af4-2b627d44dfdc,2025-12-02,
ba8bcba9-5ff5-4e5f-a5d7-717ffc6da592,4583070c-7bc1-428e-9cd0-c5620d5fc6bd,ff3ba614-c520-4ee2-ba6e-f3ab47eaf3d1,2025-12-02,
d184e73f-5d2d-46ca-8182-803fd14f0598,4583070c-7bc1-428e-9cd0-c5620d5fc6bd,772c96fe-683d-4e56-8af4-2b627d44dfdc,2025-12-02,
7e9f6b86-9db6-4697-ac25-4542aa3246c2,45383cfb-356d-4308-895b-cb384912d1a2,893f239e-2bb6-4662-893e-a73f13a7a216,2025-12-02,
7093c7a2-2a1a-4cf1-9726-7d7e3ee92268,45383cfb-356d-4308-895b-cb384912d1a2,772c96fe-683d-4e56-8af4-2b627d44dfdc,2025-12-02,
05dc2263-00e4-4d05-aa34-1a1c78d6b3fd,a28497a3-45cc-461c-807b-d947b9c45a15,982d643e-14cd-4ef9-9cf4-4c49ef855fe7,2025-12-02,
c4cab9e2-566b-46b6-866b-f22ac0e457d0,a28497a3-45cc-461c-807b-d947b9c45a15,893f239e-2bb6-4662-893e-a73f13a7a216,2025-12-02,
be2330c8-96ea-4e71-b60a-c044a255fe56,ed62d8c7-b7e2-44cb-a5d6-d296010a3e35,982d643e-14cd-4ef9-9cf4-4c49ef855fe7,2025-12-02,
755c1f01-04ec-424d-920d-845ae047e2ac,ed62d8c7-b7e2-44cb-a5d6-d296010a3e35,ff3ba614-c520-4ee2-ba6e-f3ab47eaf3d1,2025-12-02,
2a2f1298-a807-4b17-93fb-291049237118,0050e547-3b18-428d-a4f9-ad2eb56622bf,ff3ba614-c520-4ee2-ba6e-f3ab47eaf3d1,2025-12-02,
7b919ffc-316c-452c-9507-445071a972d5,0050e547-3b18-428d-a4f9-ad2eb56622bf,893f239e-2bb6-4662-893e-a73f13a7a216,2025-12-02,
cabb00c8-78b6-4f60-a1de-861a45bb0174,85cc13a3-9f1d-4fb3-98d1-ecd6ee6287cd,982d643e-14cd-4ef9-9cf4-4c49ef855fe7,2025-12-02,
564b51df-9f2b-464f-a458-a2b57e235370,85cc13a3-9f1d-4fb3-98d1-ecd6ee6287cd,893f239e-2bb6-4662-893e-a73f13a7a216,2025-12-02,
939b87b5-293b-445e-8855-877f4e78718f,4bb402ac-3351-4836-a4b4-71098fcd1cd7,ff3ba614-c520-4ee2-ba6e-f3ab47eaf3d1,2025-12-02,
fa9626ff-fa1a-4a63-a553-4f9aeefa7f81,4bb402ac-3351-4836-a4b4-71098fcd1cd7,772c96fe-683d-4e56-8af4-2b627d44dfdc,2025-12-02,
6cdfc0eb-f2a8-4e6f-bed2-a11b7ac7935b,6f4c1c0a-75a4-4996-ae72-7fe9e57c1e8e,ff3ba614-c520-4ee2-ba6e-f3ab47eaf3d1,2025-12-02,
74b0bb92-d172-4151-96c8-449657a895b5,6f4c1c0a-75a4-4996-ae72-7fe9e57c1e8e,772c96fe-683d-4e56-8af4-2b627d44dfdc,2025-12-02,
1060f8ea-17f0-4d11-899a-cc0dc404b8c4,5cdfdbbb-d2a5-40c7-85c6-4988f3b51bff,982d643e-14cd-4ef9-9cf4-4c49ef855fe7,2025-12-02,
6696e502-2dd1-4275-a568-a823f1759f9b,5cdfdbbb-d2a5-40c7-85c6-4988f3b51bff,ff3ba614-c520-4ee2-ba6e-f3ab47eaf3d1,2025-12-02,
6518cb38-fc66-4ef5-a904-232746447be7,2879f448-1bac-43ad-842a-c84a9e1da1bf,982d643e-14cd-4ef9-9cf4-4c49ef855fe7,2025-12-02,
d4733329-a45d-4715-8bde-549a533daf41,2879f448-1bac-43ad-842a-c84a9e1da1bf,893f239e-2bb6-4662-893e-a73f13a7a216,2025-12-02,
02064934-ec05-48c1-8389-db26c1dcc353,61597683-bf65-4db7-b694-5daa393d6cec,982d643e-14cd-4ef9-9cf4-4c49ef855fe7,2025-12-02,
e9fcf274-5eda-4b87-aab8-61793b6b17f2,61597683-bf65-4db7-b694-5daa393d6cec,ff3ba614-c520-4ee2-ba6e-f3ab47eaf3d1,2025-12-02,
85f523e3-407c-4983-be60-2f691464c041,f1392296-1aa4-4fa6-be5c-6242a61cea53,ff3ba614-c520-4ee2-ba6e-f3ab47eaf3d1,2025-12-02,
fa4ca03d-bc8c-4595-b435-f37d690b18c3,f1392296-1aa4-4fa6-be5c-6242a61cea53,772c96fe-683d-4e56-8af4-2b627d44dfdc,2025-12-02,
3b953525-fba8-4040-abed-25a18baec40c,8f4aa36a-5e67-47d4-89cb-ce70435de895,772c96fe-683d-4e56-8af4-2b627d44dfdc,2025-12-02,
7f1a9198-3bfa-41eb-93a6-d1bdbe9a1fe3,8f4aa36a-5e67-47d4-89cb-ce70435de895,893f239e-2bb6-4662-893e-a73f13a7a216,2025-12-02,
6a75fa66-a6af-409f-b48a-fdec0f80954b,21ceb7ac-a0d7-4360-89ef-e13e3ad69a9e,ff3ba614-c520-4ee2-ba6e-f3ab47eaf3d1,2025-12-02,
a4e2b5ce-ce8c-4a39-ac9b-59654005208c,21ceb7ac-a0d7-4360-89ef-e13e3ad69a9e,772c96fe-683d-4e56-8af4-2b627d44dfdc,2025-12-02,
359d475e-a715-4702-9c23-d34aa10c273b,fb3f2451-3bc4-4b75-a015-16144946238b,ff3ba614-c520-4ee2-ba6e-f3ab47eaf3d1,2025-12-02,
c128606e-1df4-4a19-9924-990701f6ee24,fb3f2451-3bc4-4b75-a015-16144946238b,982d643e-14cd-4ef9-9cf4-4c49ef855fe7,2025-12-02,
4b74e1c6-a6f8-4018-90a8-901aabf85dc3,6d59f742-e4ba-4199-a97f-08d77f0c3be2,ff3ba614-c520-4ee2-ba6e-f3ab47eaf3d1,2025-12-02,
9ac3ef2c-de5d-4424-843b-1589dfba448a,6d59f742-e4ba-4199-a97f-08d77f0c3be2,772c96fe-683d-4e56-8af4-2b627d44dfdc,2025-12-02,
62249d83-3dce-457f-ad7e-516f7d5861f3,5cf1cd19-a6b5-473b-8ff2-a5a1afee5b0d,ff3ba614-c520-4ee2-ba6e-f3ab47eaf3d1,2025-12-02,
3c25453a-9584-4d85-a161-6542dda86c19,5cf1cd19-a6b5-473b-8ff2-a5a1afee5b0d,982d643e-14cd-4ef9-9cf4-4c49ef855fe7,2025-12-02,
fb1d057a-d016-4660-9362-e678ad80d932,103e57a6-d65c-4c9c-a7f4-4b3ec093a6ba,982d643e-14cd-4ef9-9cf4-4c49ef855fe7,2025-12-02,
1f918927-db07-4e67-93a4-fa3d6c426224,103e57a6-d65c-4c9c-a7f4-4b3ec093a6ba,893f239e-2bb6-4662-893e-a73f13a7a216,2025-12-02,
8bcb74aa-da1a-4b1f-9d17-eae5c5a496f0,8a17ad71-8c8b-4974-ab17-440d11674e61,772c96fe-683d-4e56-8af4-2b627d44dfdc,2025-12-02,
2611e714-e3d8-4f74-8328-13e845f8e214,8a17ad71-8c8b-4974-ab17-440d11674e61,982d643e-14cd-4ef9-9cf4-4c49ef855fe7,2025-12-02,
b9e24411-bf50-4858-a4ba-5df0f2fc28f0,e13c9330-68fa-4854-9db9-aec58a4622c6,ff3ba614-c520-4ee2-ba6e-f3ab47eaf3d1,2025-12-02,
076b9466-b12c-4ef7-8feb-d9ab14426c5f,e13c9330-68fa-4854-9db9-aec58a4622c6,982d643e-14cd-4ef9-9cf4-4c49ef855fe7,2025-12-02,
64ebf13f-fa6a-4f0c-b305-9d4465747e1a,5b8dbf8c-6ca3-46ee-9d5d-e208376cbe79,772c96fe-683d-4e56-8af4-2b627d44dfdc,2025-12-02,
cca9b27d-cccd-4d5d-a7e6-dc7a223e99e5,5b8dbf8c-6ca3-46ee-9d5d-e208376cbe79,ff3ba614-c520-4ee2-ba6e-f3ab47eaf3d1,2025-12-02,
e7447486-3c5c-448e-ada1-a73aa883784c,fbdc8ced-6fad-4589-8ed5-dd2936af79fb,ff3ba614-c520-4ee2-ba6e-f3ab47eaf3d1,2025-12-02,
f65e4234-e8af-4135-bbcf-6e4ae94dda62,fbdc8ced-6fad-4589-8ed5-dd2936af79fb,893f239e-2bb6-4662-893e-a73f13a7a216,2025-12-02,
4c7af10e-753a-47cd-849d-45a51a1dbcd6,8f023de6-08a0-4ca6-bb92-8f4b94985f95,ff3ba614-c520-4ee2-ba6e-f3ab47eaf3d1,2025-12-02,
7edd357d-74f2-43f2-929c-49ad110ae886,8f023de6-08a0-4ca6-bb92-8f4b94985f95,982d643e-14cd-4ef9-9cf4-4c49ef855fe7,2025-12-02,
90cf8788-b8c3-416c-8236-8a0c8f469bd9,07e3d9e9-eba0-4764-84e1-e37b1de753f9,ff3ba614-c520-4ee2-ba6e-f3ab47eaf3d1,2025-12-02,
e686fe24-ad2a-434e-86d3-4219e8398aa6,07e3d9e9-eba0-4764-84e1-e37b1de753f9,982d643e-14cd-4ef9-9cf4-4c49ef855fe7,2025-12-02,
a840153b-894a-4033-b206-b78104c8ebe8,623a4ba9-9363-477f-89a0-bfeff7a9edef,982d643e-14cd-4ef9-9cf4-4c49ef855fe7,2025-12-02,
674f96b6-6890-4416-b260-d0c352cef26a,623a4ba9-9363-477f-89a0-bfeff7a9edef,893f239e-2bb6-4662-893e-a73f13a7a216,2025-12-02,
d9d873c4-012a-4844-8699-cbe49ccb18bb,1b2d3f9a-7094-4099-b37a-216972f5ceab,ff3ba614-c520-4ee2-ba6e-f3ab47eaf3d1,2025-12-02,
fddcf1b5-3de4-4af8-a492-1baa7d60d5d8,1b2d3f9a-7094-4099-b37a-216972f5ceab,772c96fe-683d-4e56-8af4-2b627d44dfdc,2025-12-02,
06d1a86e-afce-40bc-8931-eb7f904316ea,7983dd9d-c8ba-48db-9e84-cf42e62259a5,ff3ba614-c520-4ee2-ba6e-f3ab47eaf3d1,2025-12-02,
6b24b083-8c47-4cc3-a131-f11994c71240,7983dd9d-c8ba-48db-9e84-cf42e62259a5,772c96fe-683d-4e56-8af4-2b627d44dfdc,2025-12-02,
98675256-157e-4744-a7ff-3a88cadcd3d0,4d96f59c-c71b-4ff3-9c87-1bbedf68a670,772c96fe-683d-4e56-8af4-2b627d44dfdc,2025-12-02,
9e50d101-7e76-402e-a559-23d1036a0152,4d96f59c-c71b-4ff3-9c87-1bbedf68a670,893f239e-2bb6-4662-893e-a73f13a7a216,2025-12-02,
25cf70c6-5aa2-4644-8c29-9abd63907d4e,391aad6a-78dc-499e-93ae-0d6d43ab9708,982d643e-14cd-4ef9-9cf4-4c49ef855fe7,2025-12-02,
83591bcc-5668-4b8c-b1f7-a82acafd6d64,391aad6a-78dc-499e-93ae-0d6d43ab9708,893f239e-2bb6-4662-893e-a73f13a7a216,2025-12-02,
6dd12f65-bcdc-40e0-8a3b-a0fd6975d56d,0b58f4b5-a1b3-47e6-9f7d-35861b81cce7,ff3ba614-c520-4ee2-ba6e-f3ab47eaf3d1,2025-12-02,
dfb00040-df84-45fc-a2a4-b882304a6a24,0b58f4b5-a1b3-47e6-9f7d-35861b81cce7,982d643e-14cd-4ef9-9cf4-4c49ef855fe7,2025-12-02,
8c69aebc-2184-4b35-912d-4eb3ea59d984,9c81d92d-ea40-4b5d-b035-88f1a291d345,982d643e-14cd-4ef9-9cf4-4c49ef855fe7,2025-12-02,
46eb4e03-3ed4-42b7-b9c2-00a72b3c3c86,9c81d92d-ea40-4b5d-b035-88f1a291d345,772c96fe-683d-4e56-8af4-2b627d44dfdc,2025-12-02,
e0ffdae8-1e5d-4695-a69e-df3d51da0a6b,11ffae73-8883-4ea5-a7a8-4b5979caf522,772c96fe-683d-4e56-8af4-2b627d44dfdc,2025-12-02,
0887b462-abd6-48ae-88ce-11fb915102e6,11ffae73-8883-4ea5-a7a8-4b5979caf522,893f239e-2bb6-4662-893e-a73f13a7a216,2025-12-02,
6c2a95ba-3cfc-4177-acd6-1ad9c575ed82,a07f5f2d-63f3-4271-851f-3871fad90c4a,982d643e-14cd-4ef9-9cf4-4c49ef855fe7,2025-12-02,
5156f4be-3322-4403-84a2-13f564e3a945,a07f5f2d-63f3-4271-851f-3871fad90c4a,772c96fe-683d-4e56-8af4-2b627d44dfdc,2025-12-02,
5a559cf0-6706-465d-940d-71bde2199ce3,a64580d4-6d65-4670-a0f6-a941325bab80,772c96fe-683d-4e56-8af4-2b627d44dfdc,2025-12-02,
31a454e2-e8f1-4a39-975e-eb7360bad76e,a64580d4-6d65-4670-a0f6-a941325bab80,ff3ba614-c520-4ee2-ba6e-f3ab47eaf3d1,2025-12-02,
b4f5f3dc-adfb-4dfe-a150-591c50b84e16,f8c3df1a-3d49-4b2f-ae0e-4ba50db27338,ff3ba614-c520-4ee2-ba6e-f3ab47eaf3d1,2025-12-02,
cc2bc6f1-9423-4664-b830-c753fab06de8,f8c3df1a-3d49-4b2f-ae0e-4ba50db27338,772c96fe-683d-4e56-8af4-2b627d44dfdc,2025-12-02,
62e4d2a2-b6fa-4816-939a-011dd57b9e82,128d08c2-e2c1-47c0-86c2-3459602eb907,772c96fe-683d-4e56-8af4-2b627d44dfdc,2025-12-02,
3e5d6c96-4dce-4d80-94ec-dc05479b0b6f,128d08c2-e2c1-47c0-86c2-3459602eb907,982d643e-14cd-4ef9-9cf4-4c49ef855fe7,2025-12-02,
41b0b792-3480-49c1-88c3-51dcad0995ca,192568e9-53ea-4f7d-8433-7914a06e4e25,893f239e-2bb6-4662-893e-a73f13a7a216,2025-12-02,
fa8f7cab-19db-4f6a-970c-9d7bbcffcec9,192568e9-53ea-4f7d-8433-7914a06e4e25,ff3ba614-c520-4ee2-ba6e-f3ab47eaf3d1,2025-12-02,
382cbd93-62ee-494f-8579-ea1ac6dd388b,ee3944d5-e004-4ae4-882d-696f21b8df3c,772c96fe-683d-4e56-8af4-2b627d44dfdc,2025-12-02,
772786de-e884-4dd7-b706-fa4e5940eee9,ee3944d5-e004-4ae4-882d-696f21b8df3c,982d643e-14cd-4ef9-9cf4-4c49ef855fe7,2025-12-02,
377a73b4-f7e4-4595-b627-4e2352799290,54fde65f-e67d-4ea9-948f-4ab8a73b2339,893f239e-2bb6-4662-893e-a73f13a7a216,2025-12-02,
22d58edd-2ea8-49d9-acaf-a74035f5160e,54fde65f-e67d-4ea9-948f-4ab8a73b2339,ff3ba614-c520-4ee2-ba6e-f3ab47eaf3d1,2025-12-02,
3a9f6e01-239d-4a7e-8501-e01d666bb4e7,1c5741e4-2885-47ae-b64b-9c78e4ebc77a,ff3ba614-c520-4ee2-ba6e-f3ab47eaf3d1,2025-12-02,
39a261af-53ce-4742-97f0-143ab47451a4,1c5741e4-2885-47ae-b64b-9c78e4ebc77a,982d643e-14cd-4ef9-9cf4-4c49ef855fe7,2025-12-02,
c8dbda19-dcc2-46f6-befe-350851681b8b,a214cae6-84a5-462d-ad6a-64ef2a56f14a,893f239e-2bb6-4662-893e-a73f13a7a216,2025-12-02,
f5b680fe-102a-494f-b05f-c109de649a96,a214cae6-84a5-462d-ad6a-64ef2a56f14a,772c96fe-683d-4e56-8af4-2b627d44dfdc,2025-12-02,
71cc503d-4907-4839-a6e3-8aaa1fc32514,77c32418-b511-4c59-87da-d8e4abfed70e,772c96fe-683d-4e56-8af4-2b627d44dfdc,2025-12-02,
255f0688-eded-40c3-a663-fd9eaa1809cf,77c32418-b511-4c59-87da-d8e4abfed70e,893f239e-2bb6-4662-893e-a73f13a7a216,2025-12-02,
974370cf-abc9-439c-b3dc-8fe92dc2ca53,3d1b5421-88dd-4b34-aa86-32d95ee0d4fc,772c96fe-683d-4e56-8af4-2b627d44dfdc,2025-12-02,
5f486225-4570-45af-8332-cb64f8aafe40,3d1b5421-88dd-4b34-aa86-32d95ee0d4fc,893f239e-2bb6-4662-893e-a73f13a7a216,2025-12-02,
96971bb0-ba11-4bac-b355-bbca09d6cb7a,f894d49d-d852-42e7-8984-1947b24af0bc,772c96fe-683d-4e56-8af4-2b627d44dfdc,2025-12-02,
f14ccfca-8d5b-4ac7-ae04-ca652a7ab290,f894d49d-d852-42e7-8984-1947b24af0bc,893f239e-2bb6-4662-893e-a73f13a7a216,2025-12-02,
4968bbc6-dcbf-4f6d-988e-60d78526ce7a,41c0c637-dbdf-4462-9311-e6c97f2df445,ff3ba614-c520-4ee2-ba6e-f3ab47eaf3d1,2025-12-02,
64388af4-18be-4875-8931-b743036b5fcd,41c0c637-dbdf-4462-9311-e6c97f2df445,982d643e-14cd-4ef9-9cf4-4c49ef855fe7,2025-12-02,
0ea01963-09d9-42d7-80e6-26c2795fd5df,3723ae89-6d82-4817-b53b-ca493eb7c243,ff3ba614-c520-4ee2-ba6e-f3ab47eaf3d1,2025-12-02,
a3f80f02-3167-45ae-b4e9-85d052ce0bb0,3723ae89-6d82-4817-b53b-ca493eb7c243,982d643e-14cd-4ef9-9cf4-4c49ef855fe7,2025-12-02,
2451f479-15ac-48e2-a4f6-5e56e603d7f6,792bc74f-e7bc-438d-ba09-f7be2c2f83eb,893f239e-2bb6-4662-893e-a73f13a7a216,2025-12-02,
ea2982c7-27c5-4389-a26d-8baf1d8e42bd,792bc74f-e7bc-438d-ba09-f7be2c2f83eb,772c96fe-683d-4e56-8af4-2b627d44dfdc,2025-12-02,
128b127b-ef1a-44e6-ab5d-399428f9d49a,3fec3b12-b5f7-4c53-95fa-40e9854a706c,ff3ba614-c520-4ee2-ba6e-f3ab47eaf3d1,2025-12-02,
b115936d-1661-413c-bfe9-301838eb32ac,3fec3b12-b5f7-4c53-95fa-40e9854a706c,772c96fe-683d-4e56-8af4-2b627d44dfdc,2025-12-02,
5515e32c-080d-4b2b-928e-b0812473a288,e4ef615e-d10a-4017-900c-2d8777206729,ff3ba614-c520-4ee2-ba6e-f3ab47eaf3d1,2025-12-02,
d1e8fe23-f8fe-4ab1-8ee9-8f8aa8417aaa,e4ef615e-d10a-4017-900c-2d8777206729,893f239e-2bb6-4662-893e-a73f13a7a216,2025-12-02,
6dc37ec3-f350-4f15-bdd3-2a504d1630ee,c8434989-f165-4f74-b724-28837c9a6b88,893f239e-2bb6-4662-893e-a73f13a7a216,2025-12-02,
8d492485-784f-4271-bfb0-d99d7cd872fc,c8434989-f165-4f74-b724-28837c9a6b88,772c96fe-683d-4e56-8af4-2b627d44dfdc,2025-12-02,
fe409ab0-4742-4b86-afbd-972ebda725b3,d39eab48-b1dc-464e-ab19-d09eee764279,ff3ba614-c520-4ee2-ba6e-f3ab47eaf3d1,2025-12-02,
cb12c647-7fa2-483c-a94e-1cdcd95d6a65,d39eab48-b1dc-464e-ab19-d09eee764279,982d643e-14cd-4ef9-9cf4-4c49ef855fe7,2025-12-02,
564b51f5-b551-4631-aa00-eb7cee5d4420,37eb654c-40d3-4ee8-ad4a-a33d3e6a8fd0,893f239e-2bb6-4662-893e-a73f13a7a216,2025-12-02,
d65cc926-ae4f-4b22-aa02-0589ef88312d,37eb654c-40d3-4ee8-ad4a-a33d3e6a8fd0,772c96fe-683d-4e56-8af4-2b627d44dfdc,2025-12-02,
bc308dc8-1678-4d7d-b6c4-a917312b211b,b08de2d7-ecc7-4a58-bcf1-78e776de08ab,982d643e-14cd-4ef9-9cf4-4c49ef855fe7,2025-12-02,
573f3642-fcb5-4955-9d1a-13369db376c9,b08de2d7-ecc7-4a58-bcf1-78e776de08ab,ff3ba614-c520-4ee2-ba6e-f3ab47eaf3d1,2025-12-02,
146a7615-b6d4-43c5-a2c6-8c7612fcc2d8,e1e42701-d1a7-4a0c-910c-49a2c697f498,ff3ba614-c520-4ee2-ba6e-f3ab47eaf3d1,2025-12-02,
a90e28ac-c732-4a35-9038-d22e234035ea,e1e42701-d1a7-4a0c-910c-49a2c697f498,982d643e-14cd-4ef9-9cf4-4c49ef855fe7,2025-12-02,
9f570ae3-03c5-43db-ad91-f364ad8b0aa7,7b6c3223-bc9c-4816-8ab6-20d96f8f6a99,893f239e-2bb6-4662-893e-a73f13a7a216,2025-12-02,
73414fbc-664e-4369-9f83-5fc0cc4ac6a6,7b6c3223-bc9c-4816-8ab6-20d96f8f6a99,772c96fe-683d-4e56-8af4-2b627d44dfdc,2025-12-02,
4fe20397-31c1-402e-a5a2-28152efe66b9,7b7ef03f-1807-4d00-90dd-d167d5c5cc69,ff3ba614-c520-4ee2-ba6e-f3ab47eaf3d1,2025-12-02,
80e646af-a156-40f1-9df5-0e56eecee307,7b7ef03f-1807-4d00-90dd-d167d5c5cc69,893f239e-2bb6-4662-893e-a73f13a7a216,2025-12-02,
17937953-0185-4344-ab53-de4c590dfbd3,d8d4fe6d-5755-46ca-8059-573bc24e1108,982d643e-14cd-4ef9-9cf4-4c49ef855fe7,2025-12-02,
e5394a9b-03a3-432d-809e-064068db53e4,d8d4fe6d-5755-46ca-8059-573bc24e1108,ff3ba614-c520-4ee2-ba6e-f3ab47eaf3d1,2025-12-02,
25400282-c601-4003-8d2b-0842d72387ca,1f481dc9-e951-4868-8f02-4e230b2ca869,982d643e-14cd-4ef9-9cf4-4c49ef855fe7,2025-12-02,
0c068c00-24cc-4a0a-aba4-6e69ba89e0db,1f481dc9-e951-4868-8f02-4e230b2ca869,893f239e-2bb6-4662-893e-a73f13a7a216,2025-12-02,
4bad1772-0485-4242-acaf-261de8a6a4f0,c0778662-2622-4d47-8c6a-dc61c6fad4f4,772c96fe-683d-4e56-8af4-2b627d44dfdc,2025-12-02,
5d10087a-1f36-4ba9-a856-29fed22985d0,c0778662-2622-4d47-8c6a-dc61c6fad4f4,982d643e-14cd-4ef9-9cf4-4c49ef855fe7,2025-12-02,
bcde6101-60c2-49bb-ba86-10814679b45c,c0231385-f35d-4a71-adbe-504f3be4184c,982d643e-14cd-4ef9-9cf4-4c49ef855fe7,2025-12-02,
301a668e-3440-4c5b-91b6-e81f27dce284,c0231385-f35d-4a71-adbe-504f3be4184c,772c96fe-683d-4e56-8af4-2b627d44dfdc,2025-12-02,
af8d924e-9db8-4cbb-b31b-6e484241bddf,fa78c0fe-d300-4279-923e-c32ed908040f,ff3ba614-c520-4ee2-ba6e-f3ab47eaf3d1,2025-12-02,
db0c88bc-2e6e-42f0-bbd9-5dcb76974f45,fa78c0fe-d300-4279-923e-c32ed908040f,893f239e-2bb6-4662-893e-a73f13a7a216,2025-12-02,
7278c688-fb83-4cd4-afd3-2f709d09c637,a528fae2-5b20-41a6-bf49-62de3e1b307b,772c96fe-683d-4e56-8af4-2b627d44dfdc,2025-12-02,
6e048353-e2b3-47f8-84f6-ab04721add61,a528fae2-5b20-41a6-bf49-62de3e1b307b,ff3ba614-c520-4ee2-ba6e-f3ab47eaf3d1,2025-12-02,
f02c236b-291c-46b7-b470-b00b6fcd83c1,d77ed34a-e69a-46b7-b938-3c06f97410e5,ff3ba614-c520-4ee2-ba6e-f3ab47eaf3d1,2025-12-02,
fe09151f-a283-44b2-b2bf-6bd7faa0049f,d77ed34a-e69a-46b7-b938-3c06f97410e5,982d643e-14cd-4ef9-9cf4-4c49ef855fe7,2025-12-02,
d3a9ce26-b419-4ea8-91fa-caeee4df50ee,eeeff74e-c046-4edd-acb1-63147437806e,772c96fe-683d-4e56-8af4-2b627d44dfdc,2025-12-02,
121d84ce-2fc2-4dbc-8027-93954d4778e2,eeeff74e-c046-4edd-acb1-63147437806e,893f239e-2bb6-4662-893e-a73f13a7a216,2025-12-02,
ae6e6e0b-d54f-4273-b129-1fb2b035808a,53a3a11d-7b96-480d-a48d-20c65725e6ff,ff3ba614-c520-4ee2-ba6e-f3ab47eaf3d1,2025-12-02,
2fc22421-99c4-4672-b502-bb80718abde9,53a3a11d-7b96-480d-a48d-20c65725e6ff,893f239e-2bb6-4662-893e-a73f13a7a216,2025-12-02,
a69f1e75-dfb6-4a59-afa6-a03cc7175f7e,3f8ba5c9-5232-4888-8f53-db9c4bbaf74a,982d643e-14cd-4ef9-9cf4-4c49ef855fe7,2025-12-02,
d7e50d90-d61b-4bb5-a275-ef177297f1a9,3f8ba5c9-5232-4888-8f53-db9c4bbaf74a,ff3ba614-c520-4ee2-ba6e-f3ab47eaf3d1,2025-12-02,
5d6e66c7-3913-490c-b86f-741d23e46cef,c1ec9fc5-4aad-42a0-86f3-ebd4ffbc9398,982d643e-14cd-4ef9-9cf4-4c49ef855fe7,2025-12-02,
e7a0b57e-6714-438a-a98f-66ca6d1b4944,c1ec9fc5-4aad-42a0-86f3-ebd4ffbc9398,893f239e-2bb6-4662-893e-a73f13a7a216,2025-12-02,
78f984a9-a398-49b4-9cf8-94ef21c9e394,67c0f270-8df3-49bb-8b06-9aaca285aa32,ff3ba614-c520-4ee2-ba6e-f3ab47eaf3d1,2025-12-02,
30b8e08e-90aa-4a6a-9664-328069d2fec3,67c0f270-8df3-49bb-8b06-9aaca285aa32,982d643e-14cd-4ef9-9cf4-4c49ef855fe7,2025-12-02,
3a5ebd09-09a2-4e33-b9bf-7aeb5458726c,f1f5d31d-ff9d-4d66-848d-0038dc25bc61,982d643e-14cd-4ef9-9cf4-4c49ef855fe7,2025-12-02,
0ed8041b-4938-4e1b-a831-03c22a18703b,f1f5d31d-ff9d-4d66-848d-0038dc25bc61,ff3ba614-c520-4ee2-ba6e-f3ab47eaf3d1,2025-12-02,
eb9034a4-e5a2-48f0-b6c7-760d306cc9ab,cbcf373f-0b5b-4a64-9f36-91525bdd414b,982d643e-14cd-4ef9-9cf4-4c49ef855fe7,2025-12-02,
433af53c-bf38-4cba-90f4-005208af7bc9,cbcf373f-0b5b-4a64-9f36-91525bdd414b,893f239e-2bb6-4662-893e-a73f13a7a216,2025-12-02,
884bba86-be32-463e-a54b-da1a816e73c2,d515b8ca-fbe6-4742-babd-9925fc655c81,982d643e-14cd-4ef9-9cf4-4c49ef855fe7,2025-12-02,
8dbff4d2-0225-4ab3-9d3d-8c36ebccc1c8,d515b8ca-fbe6-4742-babd-9925fc655c81,893f239e-2bb6-4662-893e-a73f13a7a216,2025-12-02,
f345181d-4a49-46f6-8047-73ff4be34c0d,408f7ef3-b3c1-4813-90d0-3195c96b91f4,982d643e-14cd-4ef9-9cf4-4c49ef855fe7,2025-12-02,
b780310d-864d-4400-a88c-479014418b3f,408f7ef3-b3c1-4813-90d0-3195c96b91f4,772c96fe-683d-4e56-8af4-2b627d44dfdc,2025-12-02,
ccc3bf39-d59b-4ce6-a692-73f227ca1e03,719947c5-be11-448c-8a59-3eb82aea67aa,772c96fe-683d-4e56-8af4-2b627d44dfdc,2025-12-02,
3dc8f91a-f618-4e6c-9790-772cd1f2e864,719947c5-be11-448c-8a59-3eb82aea67aa,ff3ba614-c520-4ee2-ba6e-f3ab47eaf3d1,2025-12-02,
55a66b0b-a995-4db8-905a-106ddc93eab7,d8cc8863-688f-440c-9d6c-0663747e92fb,893f239e-2bb6-4662-893e-a73f13a7a216,2025-12-02,
e09e6973-0eb7-4375-b1dc-8e265ec7eb85,d8cc8863-688f-440c-9d6c-0663747e92fb,ff3ba614-c520-4ee2-ba6e-f3ab47eaf3d1,2025-12-02,
27abf3d3-276f-431d-a2a3-b464c2f15139,1eb1ca94-8fe5-4892-bee2-60f1657bd0da,982d643e-14cd-4ef9-9cf4-4c49ef855fe7,2025-12-02,
14a0cdc8-f039-4845-a542-e9b209eaa0dd,1eb1ca94-8fe5-4892-bee2-60f1657bd0da,772c96fe-683d-4e56-8af4-2b627d44dfdc,2025-12-02,
52098909-0b1b-4002-8152-d64cccd9cf8c,8a9a25dd-781a-4508-8165-727146179167,772c96fe-683d-4e56-8af4-2b627d44dfdc,2025-12-02,
3aa59817-46a1-4dc3-a6c4-5a41b728b557,8a9a25dd-781a-4508-8165-727146179167,893f239e-2bb6-4662-893e-a73f13a7a216,2025-12-02,
1141c650-2ae2-4b15-8328-ce2fd87c1800,70cabaa7-712c-46c4-aed1-8b859e38ee4e,772c96fe-683d-4e56-8af4-2b627d44dfdc,2025-12-02,
181d21a3-2d9e-44a2-9355-24db89abe4bc,70cabaa7-712c-46c4-aed1-8b859e38ee4e,ff3ba614-c520-4ee2-ba6e-f3ab47eaf3d1,2025-12-02,
e27767d3-26b9-499e-819c-b9cd08cc45fb,53573358-0de6-4795-8ea6-8880a4e2daf7,982d643e-14cd-4ef9-9cf4-4c49ef855fe7,2025-12-02,
685cd4de-075a-4d8e-8041-089f15935aa7,53573358-0de6-4795-8ea6-8880a4e2daf7,772c96fe-683d-4e56-8af4-2b627d44dfdc,2025-12-02,
cd352452-16d6-46a8-9789-4bd7e9edc273,f15a8bce-a04d-4805-b08a-de1d39fad27b,982d643e-14cd-4ef9-9cf4-4c49ef855fe7,2025-12-02,
9d904b5d-f6a6-4385-a706-fafa4502a6fb,f15a8bce-a04d-4805-b08a-de1d39fad27b,ff3ba614-c520-4ee2-ba6e-f3ab47eaf3d1,2025-12-02,
ab763c96-2a11-4b0f-9420-a26822421075,b2dce7f8-b7f7-4f12-932a-256b1fe78eac,772c96fe-683d-4e56-8af4-2b627d44dfdc,2025-12-02,
6267c15b-8e74-46cc-8381-60f24d9a1d0e,b2dce7f8-b7f7-4f12-932a-256b1fe78eac,ff3ba614-c520-4ee2-ba6e-f3ab47eaf3d1,2025-12-02,
15a1d74a-949a-4b85-9fcc-de783d1609d2,2e202d3e-17f1-4c4a-a51a-8f6dbf4069c6,893f239e-2bb6-4662-893e-a73f13a7a216,2025-12-02,
0059b381-85af-4e0f-8bc4-e3a947c518f5,2e202d3e-17f1-4c4a-a51a-8f6dbf4069c6,ff3ba614-c520-4ee2-ba6e-f3ab47eaf3d1,2025-12-02,
39a75146-58da-4f10-968d-02626c75c307,a548cb5a-5252-4df2-8660-eac99f67d9ba,893f239e-2bb6-4662-893e-a73f13a7a216,2025-12-02,
37917016-8595-45aa-8a02-93ab911fe4c2,a548cb5a-5252-4df2-8660-eac99f67d9ba,772c96fe-683d-4e56-8af4-2b627d44dfdc,2025-12-02,
0fd73897-0a8f-4b6d-b863-4d73c668b02d,6b5b4453-40d7-416f-aeb9-40fd3f448195,772c96fe-683d-4e56-8af4-2b627d44dfdc,2025-12-02,
9453de5e-1332-4025-b021-88eb32cbfd10,6b5b4453-40d7-416f-aeb9-40fd3f448195,ff3ba614-c520-4ee2-ba6e-f3ab47eaf3d1,2025-12-02,
9c520303-4b7a-410f-ab5d-fe71b09094c0,95a37bc3-0944-4f9c-86dc-0b0101fd57a4,ff3ba614-c520-4ee2-ba6e-f3ab47eaf3d1,2025-12-02,
acac6fa9-814e-4e64-94fe-70820749e105,95a37bc3-0944-4f9c-86dc-0b0101fd57a4,772c96fe-683d-4e56-8af4-2b627d44dfdc,2025-12-02,
6c902938-c649-47db-ac5d-4c4acc8852db,03208768-434d-45eb-a26f-5985f616eff3,982d643e-14cd-4ef9-9cf4-4c49ef855fe7,2025-12-02,
41d9ad38-b5f1-4f77-a0a1-45f618d5433b,03208768-434d-45eb-a26f-5985f616eff3,772c96fe-683d-4e56-8af4-2b627d44dfdc,2025-12-02,
0dc988bf-5dc3-45de-aefb-db536c673c40,9108efce-bc3c-4c69-b0bd-e9f71dc4e6f7,893f239e-2bb6-4662-893e-a73f13a7a216,2025-12-02,
170f183b-a25d-43db-9f10-4f35d3cd9b62,9108efce-bc3c-4c69-b0bd-e9f71dc4e6f7,ff3ba614-c520-4ee2-ba6e-f3ab47eaf3d1,2025-12-02,
37e2acd9-d94f-4836-8d80-d969375c80f5,93e035ee-5426-43b8-9b83-5b7ac151ff94,ff3ba614-c520-4ee2-ba6e-f3ab47eaf3d1,2025-12-02,
36dbfc59-54cf-4875-ad71-0738b3197ab1,93e035ee-5426-43b8-9b83-5b7ac151ff94,772c96fe-683d-4e56-8af4-2b627d44dfdc,2025-12-02,
d189e690-9c67-4beb-9529-f2a2495f0520,7be7cddd-6592-4c83-9207-818b04a8bdb8,893f239e-2bb6-4662-893e-a73f13a7a216,2025-12-02,
b58d2f91-ff01-483e-8915-d0cbf68c0214,7be7cddd-6592-4c83-9207-818b04a8bdb8,ff3ba614-c520-4ee2-ba6e-f3ab47eaf3d1,2025-12-02,
6134f8e2-3b76-43de-9b67-5ac2d2555e37,4d2b4d6a-d85f-47eb-b660-c5db9e359f17,893f239e-2bb6-4662-893e-a73f13a7a216,2025-12-02,
7f9c0ab0-62a2-4d54-96f4-a30d325a12dd,4d2b4d6a-d85f-47eb-b660-c5db9e359f17,772c96fe-683d-4e56-8af4-2b627d44dfdc,2025-12-02,
a9b76a86-2b5f-413c-a472-44e3e491595b,43d391dc-eb20-4dea-859b-66fa95ace717,982d643e-14cd-4ef9-9cf4-4c49ef855fe7,2025-12-02,
3ceec33d-8ff7-468b-9f0e-7079183cbf85,43d391dc-eb20-4dea-859b-66fa95ace717,893f239e-2bb6-4662-893e-a73f13a7a216,2025-12-02,
b5952340-b3ef-4130-9e44-7e580ca7fd67,c6c4c82f-0e9c-431e-ada9-9435392810bb,ff3ba614-c520-4ee2-ba6e-f3ab47eaf3d1,2025-12-02,
b8f2b1de-552e-4ffc-835b-2a43811abbc1,c6c4c82f-0e9c-431e-ada9-9435392810bb,772c96fe-683d-4e56-8af4-2b627d44dfdc,2025-12-02,
bb16bad4-163d-4c85-911d-819d20df41fa,d8c88cc2-5ca1-4b26-a8ea-71ca02a763b4,ff3ba614-c520-4ee2-ba6e-f3ab47eaf3d1,2025-12-02,
487f5837-6247-4042-8e98-2a5419fec210,d8c88cc2-5ca1-4b26-a8ea-71ca02a763b4,982d643e-14cd-4ef9-9cf4-4c49ef855fe7,2025-12-02,
61f14321-6460-45c3-89d1-0aecf317d043,e417c900-2b74-45a8-90ca-a39df7ae99bb,982d643e-14cd-4ef9-9cf4-4c49ef855fe7,2025-12-02,
7662ffdd-ee90-42ed-bb18-5490a2fb0c71,e417c900-2b74-45a8-90ca-a39df7ae99bb,772c96fe-683d-4e56-8af4-2b627d44dfdc,2025-12-02,
c59de52a-98a1-4266-836a-13696d0f4f64,a401d17b-f1cb-45e0-ad36-bf1ef7d8c682,893f239e-2bb6-4662-893e-a73f13a7a216,2025-12-02,
ac132210-3bcc-4ed8-91d7-51e68709cc34,a401d17b-f1cb-45e0-ad36-bf1ef7d8c682,982d643e-14cd-4ef9-9cf4-4c49ef855fe7,2025-12-02,
88d6b7c3-53fa-4d56-a073-f96c07667773,4cd4c213-b8b2-43fd-ab03-ead9805307ea,982d643e-14cd-4ef9-9cf4-4c49ef855fe7,2025-12-02,
84456aa3-9950-4260-8086-9eb440a4a9a7,4cd4c213-b8b2-43fd-ab03-ead9805307ea,893f239e-2bb6-4662-893e-a73f13a7a216,2025-12-02,
5226ea04-3f22-46e8-b33d-cf467f47be2c,bc5af511-99fd-46fc-bc14-d9ba98f50593,982d643e-14cd-4ef9-9cf4-4c49ef855fe7,2025-12-02,
cd3a7c94-8245-4d42-ba2f-acae05c337b9,bc5af511-99fd-46fc-bc14-d9ba98f50593,ff3ba614-c520-4ee2-ba6e-f3ab47eaf3d1,2025-12-02,
295ad946-7fde-4c1f-9dd0-106c069003e2,28546b29-a8a3-4d50-9f31-082714188a14,893f239e-2bb6-4662-893e-a73f13a7a216,2025-12-02,
04dd56a2-4364-4670-a573-50504345641f,28546b29-a8a3-4d50-9f31-082714188a14,772c96fe-683d-4e56-8af4-2b627d44dfdc,2025-12-02,
94dabca3-7af2-4456-9d07-47b6dff042e4,2b02af75-5129-4715-90b5-073f04703bf4,982d643e-14cd-4ef9-9cf4-4c49ef855fe7,2025-12-02,
81abbb10-eb73-42ef-b98a-a4d8f7d6d24c,2b02af75-5129-4715-90b5-073f04703bf4,ff3ba614-c520-4ee2-ba6e-f3ab47eaf3d1,2025-12-02,
84cf6a63-d157-4960-b57f-e07e0bd32b7b,6be5e892-7ac5-4bd1-9aa7-00c330d0db0c,982d643e-14cd-4ef9-9cf4-4c49ef855fe7,2025-12-02,
0ee4f569-5ca5-4132-afdc-7a3d0ab1b79c,6be5e892-7ac5-4bd1-9aa7-00c330d0db0c,ff3ba614-c520-4ee2-ba6e-f3ab47eaf3d1,2025-12-02,
0fa5214e-4ad8-473a-9bc8-f8fed2f907aa,24c1eb6c-b81d-48b3-aeca-7f5c9c66cef3,893f239e-2bb6-4662-893e-a73f13a7a216,2025-12-02,
a5072f2d-516f-4e06-bbff-ddadbc09f441,24c1eb6c-b81d-48b3-aeca-7f5c9c66cef3,ff3ba614-c520-4ee2-ba6e-f3ab47eaf3d1,2025-12-02,
1ecc1349-9912-4a08-a91a-b1b238ac7b6d,37cbf14b-2bf5-430b-8846-7e6a2454ea4e,982d643e-14cd-4ef9-9cf4-4c49ef855fe7,2025-12-02,
b9d5bc6b-885c-40ed-a30f-9b6baf02ae07,37cbf14b-2bf5-430b-8846-7e6a2454ea4e,772c96fe-683d-4e56-8af4-2b627d44dfdc,2025-12-02,
923623aa-f2ff-4a92-ae44-d798af219c91,ec5b5fea-0075-4b6c-abe0-854748c9ca37,ff3ba614-c520-4ee2-ba6e-f3ab47eaf3d1,2025-12-02,
14be529b-082d-442d-8fa6-0533a827bd8d,ec5b5fea-0075-4b6c-abe0-854748c9ca37,893f239e-2bb6-4662-893e-a73f13a7a216,2025-12-02,
fc6e6d78-bad5-418f-b545-142fd719e145,225feea0-bd2a-4ece-a0cd-8609ffab3c55,893f239e-2bb6-4662-893e-a73f13a7a216,2025-12-02,
0064723d-68ff-4b3b-afc5-e89b2e289bd1,225feea0-bd2a-4ece-a0cd-8609ffab3c55,982d643e-14cd-4ef9-9cf4-4c49ef855fe7,2025-12-02,
a067802d-7712-4f56-acde-fd4a4fa5cca0,a0d19503-7a97-4859-996b-7cc46bd59f6f,982d643e-14cd-4ef9-9cf4-4c49ef855fe7,2025-12-02,
c0da0ba5-a20f-4518-a5f4-b4fe53ec10a1,a0d19503-7a97-4859-996b-7cc46bd59f6f,ff3ba614-c520-4ee2-ba6e-f3ab47eaf3d1,2025-12-02,
b0c06fbe-224e-41ee-91e1-b653be35ab43,c52a2878-6e59-4ab1-9d91-3650c7900699,893f239e-2bb6-4662-893e-a73f13a7a216,2025-12-02,
5896a116-0524-4d97-84e8-aa68be34dcf9,c52a2878-6e59-4ab1-9d91-3650c7900699,982d643e-14cd-4ef9-9cf4-4c49ef855fe7,2025-12-02,
e78c25d5-26bb-458a-831d-5bbd6cfdcccf,f74ba58e-218b-46e4-962e-f694ef144f35,ff3ba614-c520-4ee2-ba6e-f3ab47eaf3d1,2025-12-02,
c9a04ac0-9b5e-4fd4-86e9-53087fb5c3f1,f74ba58e-218b-46e4-962e-f694ef144f35,772c96fe-683d-4e56-8af4-2b627d44dfdc,2025-12-02,
8ccf7326-b52b-45e0-b3cd-5595da5d94ed,ab23f747-bc0a-4ee9-b2b9-5bb4676f3754,893f239e-2bb6-4662-893e-a73f13a7a216,2025-12-02,
f07177e4-b6b4-4791-bf55-b1f7d8314535,ab23f747-bc0a-4ee9-b2b9-5bb4676f3754,ff3ba614-c520-4ee2-ba6e-f3ab47eaf3d1,2025-12-02,
6f17d943-3a1f-40a0-a634-45ba64858db8,ef580604-80b6-4695-b744-bff4581b7ad6,ff3ba614-c520-4ee2-ba6e-f3ab47eaf3d1,2025-12-02,
6120c768-a099-41fd-944f-9974e7a8c5d0,ef580604-80b6-4695-b744-bff4581b7ad6,772c96fe-683d-4e56-8af4-2b627d44dfdc,2025-12-02,
ef4a1bff-e727-4832-bff1-716c79f5b0ef,efbc47f0-14e2-4ce2-8e8b-8b1652b8423a,772c96fe-683d-4e56-8af4-2b627d44dfdc,2025-12-02,
2e8dde37-652c-4677-875b-905c55ae7f78,efbc47f0-14e2-4ce2-8e8b-8b1652b8423a,ff3ba614-c520-4ee2-ba6e-f3ab47eaf3d1,2025-12-02,
b7e5c2e1-61df-49a4-a0f8-ae0b2050e9bf,7cf6495e-5bce-4d0d-86b4-b0dc1b2f332e,893f239e-2bb6-4662-893e-a73f13a7a216,2025-12-02,
1c47408a-dcc4-4b7d-80c2-4fefc49f4165,7cf6495e-5bce-4d0d-86b4-b0dc1b2f332e,772c96fe-683d-4e56-8af4-2b627d44dfdc,2025-12-02,
2d6d789f-940f-43bc-a978-b0d1120e33a9,c7118dcf-1955-4091-afda-77553aa905d9,ff3ba614-c520-4ee2-ba6e-f3ab47eaf3d1,2025-12-02,
5c3c30ac-31df-4746-b27b-ddbe8de430e2,c7118dcf-1955-4091-afda-77553aa905d9,772c96fe-683d-4e56-8af4-2b627d44dfdc,2025-12-02,
da8135af-7fff-4c77-b6f7-4735fa392933,be993157-d13f-465a-ac83-152d3b0c2723,ff3ba614-c520-4ee2-ba6e-f3ab47eaf3d1,2025-12-02,
711919a1-663d-4cee-b44b-0afbbec0f088,be993157-d13f-465a-ac83-152d3b0c2723,893f239e-2bb6-4662-893e-a73f13a7a216,2025-12-02,
3d8c8b75-d5ce-4a67-b2d3-6676a64b411b,59bc8320-d43c-4541-830c-c13883211cce,ff3ba614-c520-4ee2-ba6e-f3ab47eaf3d1,2025-12-02,
448a2b56-0760-4988-8458-b923731b75ca,59bc8320-d43c-4541-830c-c13883211cce,772c96fe-683d-4e56-8af4-2b627d44dfdc,2025-12-02,
6aee7049-f10b-4dcf-bbe4-56a423b85fc2,417c1251-e534-4f94-8a2b-62dc5f796788,772c96fe-683d-4e56-8af4-2b627d44dfdc,2025-12-02,
eb13750f-28c7-42b7-9813-e4462ce30d36,417c1251-e534-4f94-8a2b-62dc5f796788,893f239e-2bb6-4662-893e-a73f13a7a216,2025-12-02,
07f85fa2-ec17-48e0-a032-7602032ecc04,b4a4eb9e-dd75-401e-9e4e-dd9e04042385,893f239e-2bb6-4662-893e-a73f13a7a216,2025-12-02,
f322c325-7833-44bb-9654-01a79988ad21,b4a4eb9e-dd75-401e-9e4e-dd9e04042385,ff3ba614-c520-4ee2-ba6e-f3ab47eaf3d1,2025-12-02,
5077aa0d-903b-43e6-897d-e31ac7c8892d,84088593-3587-40c1-b832-7ae0032adad7,ff3ba614-c520-4ee2-ba6e-f3ab47eaf3d1,2025-12-02,
60dd4cc7-067c-44b5-9052-3f01cb0ded7b,84088593-3587-40c1-b832-7ae0032adad7,772c96fe-683d-4e56-8af4-2b627d44dfdc,2025-12-02,
0411ba7c-b0d5-4a20-995d-55c56d9b00c8,0cd8a6f4-f71c-4452-84e9-d18b8205aeca,772c96fe-683d-4e56-8af4-2b627d44dfdc,2025-12-02,
110b105b-c3ad-4d49-ad7a-2246dd6b4da1,0cd8a6f4-f71c-4452-84e9-d18b8205aeca,893f239e-2bb6-4662-893e-a73f13a7a216,2025-12-02,
fc628567-9a84-4991-b26d-6aa6d6b21fe9,3038a96e-7983-44f3-8207-977817648579,893f239e-2bb6-4662-893e-a73f13a7a216,2025-12-02,
4f193c97-65cf-43ff-9eab-19895b73d939,3038a96e-7983-44f3-8207-977817648579,772c96fe-683d-4e56-8af4-2b627d44dfdc,2025-12-02,
1d0eda54-377f-4a68-899e-6b915c67b6e9,9f519db7-451d-4cd2-adac-9cc81ee2fc5d,982d643e-14cd-4ef9-9cf4-4c49ef855fe7,2025-12-02,
9c4bb0ab-bef6-4b1e-ba4d-f47fa7dd7a1f,9f519db7-451d-4cd2-adac-9cc81ee2fc5d,893f239e-2bb6-4662-893e-a73f13a7a216,2025-12-02,
0dc6e500-723b-4df4-9391-841d2ac1e4cf,ffbf34f5-d92d-430f-a8d8-054490b094ad,893f239e-2bb6-4662-893e-a73f13a7a216,2025-12-02,
5b9ce6be-08f6-41cb-97a5-3e3f42ea88bf,ffbf34f5-d92d-430f-a8d8-054490b094ad,772c96fe-683d-4e56-8af4-2b627d44dfdc,2025-12-02,
c516ee16-7e41-4625-8ede-c57ec1c89520,132d8512-1aaf-4d64-8341-41a88eb33488,772c96fe-683d-4e56-8af4-2b627d44dfdc,2025-12-02,
c03cfbbe-7e84-4b02-8c92-d3dda729cf66,132d8512-1aaf-4d64-8341-41a88eb33488,ff3ba614-c520-4ee2-ba6e-f3ab47eaf3d1,2025-12-02,
968cc9b8-cadc-44e1-941a-fc50cb80a172,8d1a51cb-38a0-40ff-82ac-1398248f2680,893f239e-2bb6-4662-893e-a73f13a7a216,2025-12-02,
dbbc4263-f45e-420b-80d5-da2491830a2c,8d1a51cb-38a0-40ff-82ac-1398248f2680,982d643e-14cd-4ef9-9cf4-4c49ef855fe7,2025-12-02,
62a1e137-714a-4c8b-b639-b9d68cd6d22e,d63eea11-950b-4d0d-83e9-9ceff806f922,ff3ba614-c520-4ee2-ba6e-f3ab47eaf3d1,2025-12-02,
92203b96-1451-4101-b83f-c2eea2fc063e,d63eea11-950b-4d0d-83e9-9ceff806f922,982d643e-14cd-4ef9-9cf4-4c49ef855fe7,2025-12-02,
4ce8d67b-615d-40b1-a8c9-1acf5bc6d0ef,9f9bc396-ed37-49a5-bd5f-33d90da85a24,ff3ba614-c520-4ee2-ba6e-f3ab47eaf3d1,2025-12-02,
51c7bb7a-3ca3-4c39-9ad2-64362bc37c3b,9f9bc396-ed37-49a5-bd5f-33d90da85a24,982d643e-14cd-4ef9-9cf4-4c49ef855fe7,2025-12-02,
5f6ba864-5740-4926-8f5c-4b584fb98ce5,6cf4c634-3969-4d5a-b10a-ed495f166c11,982d643e-14cd-4ef9-9cf4-4c49ef855fe7,2025-12-02,
4db2b812-d2d0-40ea-9717-d10f5e62fe99,6cf4c634-3969-4d5a-b10a-ed495f166c11,772c96fe-683d-4e56-8af4-2b627d44dfdc,2025-12-02,
bc889a30-2203-4ca1-a399-3b1ac9472300,1dc52de2-6c7f-49fb-a727-3099b8a0d83a,982d643e-14cd-4ef9-9cf4-4c49ef855fe7,2025-12-02,
efb612f5-3263-4687-ab59-f701efe9011d,1dc52de2-6c7f-49fb-a727-3099b8a0d83a,772c96fe-683d-4e56-8af4-2b627d44dfdc,2025-12-02,
7a1546fc-e82d-4d15-a7c4-426f3d8cb9c7,1a5c5cb8-0e32-443b-b232-c8592e56e3de,ff3ba614-c520-4ee2-ba6e-f3ab47eaf3d1,2025-12-02,
38428af3-27bb-4ab1-bec2-2676194c2096,1a5c5cb8-0e32-443b-b232-c8592e56e3de,982d643e-14cd-4ef9-9cf4-4c49ef855fe7,2025-12-02,
8a6c26ba-33eb-4c10-b109-1af79b9325bb,362513f3-a9ac-48fd-ba95-be6ec8b43755,ff3ba614-c520-4ee2-ba6e-f3ab47eaf3d1,2025-12-02,
5d0bbfa2-a881-4ba8-b71e-449f52c37c14,362513f3-a9ac-48fd-ba95-be6ec8b43755,893f239e-2bb6-4662-893e-a73f13a7a216,2025-12-02,
cac31ccf-12f0-4b9e-b370-019c77db0393,8d2b089a-7b95-4b37-ac53-70f03d102b51,893f239e-2bb6-4662-893e-a73f13a7a216,2025-12-02,
59b8e12d-8a42-4da0-9f05-00e8f4d67364,8d2b089a-7b95-4b37-ac53-70f03d102b51,ff3ba614-c520-4ee2-ba6e-f3ab47eaf3d1,2025-12-02,
91cea20f-206a-4454-b326-8bb178232f75,ad0a8aeb-fe64-48c8-b8b5-5e9bdf63b475,ff3ba614-c520-4ee2-ba6e-f3ab47eaf3d1,2025-12-02,
162e74f1-88c3-4ea8-90bf-88cc1d83ffd9,ad0a8aeb-fe64-48c8-b8b5-5e9bdf63b475,893f239e-2bb6-4662-893e-a73f13a7a216,2025-12-02,
7c92ad89-0c96-46ee-9822-cfdc199fc2f9,a1a0a5dd-067d-4d01-a88c-568cfd66cb16,893f239e-2bb6-4662-893e-a73f13a7a216,2025-12-02,
cf06ea9e-7c23-45be-b04f-0f88e55358a4,a1a0a5dd-067d-4d01-a88c-568cfd66cb16,ff3ba614-c520-4ee2-ba6e-f3ab47eaf3d1,2025-12-02,
be537df5-9f94-4494-8909-b626b614b29b,623316cf-98ce-4926-b2c4-6a0a87ce609c,ff3ba614-c520-4ee2-ba6e-f3ab47eaf3d1,2025-12-02,
38654fae-451f-4741-babc-39ba26bca4a8,623316cf-98ce-4926-b2c4-6a0a87ce609c,982d643e-14cd-4ef9-9cf4-4c49ef855fe7,2025-12-02,
ef30bd18-400b-4caa-9ed4-27931f86ecc7,72b4533d-14b6-4bfa-822e-feb6cdc89e8f,893f239e-2bb6-4662-893e-a73f13a7a216,2025-12-02,
a16aaf36-e4ac-4cf6-8255-df234beeb50d,72b4533d-14b6-4bfa-822e-feb6cdc89e8f,772c96fe-683d-4e56-8af4-2b627d44dfdc,2025-12-02,
699227f4-3b68-4489-bfd5-529a23cc1096,cf1e8dc7-466e-4cb0-9379-b7c0c7ffef63,982d643e-14cd-4ef9-9cf4-4c49ef855fe7,2025-12-02,
2f1f3558-fd7c-41db-aea6-52de93153ba7,cf1e8dc7-466e-4cb0-9379-b7c0c7ffef63,893f239e-2bb6-4662-893e-a73f13a7a216,2025-12-02,
01c69daa-5552-4c59-a4be-5b3af8b0e7d3,658771f4-0c82-4dcc-91ab-1c646aaf976d,ff3ba614-c520-4ee2-ba6e-f3ab47eaf3d1,2025-12-02,
b3d158b6-c101-44a2-ba97-6ddb43e55e65,658771f4-0c82-4dcc-91ab-1c646aaf976d,772c96fe-683d-4e56-8af4-2b627d44dfdc,2025-12-02,
61137426-6de0-4e26-89d2-5ea6beee6d1d,622119a1-9948-4162-9037-5d4411e992de,893f239e-2bb6-4662-893e-a73f13a7a216,2025-12-02,
3dd76003-d9ea-441e-9183-7df2c36d224e,622119a1-9948-4162-9037-5d4411e992de,772c96fe-683d-4e56-8af4-2b627d44dfdc,2025-12-02,
710c73e8-3779-4634-88ff-7bfa51642748,aa3e9454-63b3-48c1-8035-55dac82ee9e5,772c96fe-683d-4e56-8af4-2b627d44dfdc,2025-12-02,
e77ae45d-c0e7-4eca-8120-b462baef5f94,aa3e9454-63b3-48c1-8035-55dac82ee9e5,893f239e-2bb6-4662-893e-a73f13a7a216,2025-12-02,
1e423b18-dc09-4366-8c72-53e3f5739722,449c9dcc-19d8-49de-bacf-92f38dfd7421,982d643e-14cd-4ef9-9cf4-4c49ef855fe7,2025-12-02,
29ade8a0-0513-4c97-8af7-c81700555593,449c9dcc-19d8-49de-bacf-92f38dfd7421,772c96fe-683d-4e56-8af4-2b627d44dfdc,2025-12-02,
d1ae9d7c-ea41-4e7e-b502-c16ee9c09af7,20166787-a389-4e26-910b-cc93c7345dcf,772c96fe-683d-4e56-8af4-2b627d44dfdc,2025-12-02,
f3ac9099-757c-4007-a98e-2c28745e8c69,20166787-a389-4e26-910b-cc93c7345dcf,893f239e-2bb6-4662-893e-a73f13a7a216,2025-12-02,
77e70120-be6d-4409-b309-9489cd308739,7b6a248b-bd34-4490-a65c-28336138c989,893f239e-2bb6-4662-893e-a73f13a7a216,2025-12-02,
49eaa340-4d81-421f-ac7d-847155ed2cdb,7b6a248b-bd34-4490-a65c-28336138c989,772c96fe-683d-4e56-8af4-2b627d44dfdc,2025-12-02,
0f472a82-8b41-4b9a-9c88-5a00d9d446bc,f0b9cc7a-baf3-41de-9e74-f12d65035d49,893f239e-2bb6-4662-893e-a73f13a7a216,2025-12-02,
d2c6aaef-3743-4bb6-95aa-94925655d36f,f0b9cc7a-baf3-41de-9e74-f12d65035d49,772c96fe-683d-4e56-8af4-2b627d44dfdc,2025-12-02,
de3a9665-d3b7-4463-be98-d29f19d8a25b,f9b0f8e7-6631-4ecd-8114-04a800b2d715,893f239e-2bb6-4662-893e-a73f13a7a216,2025-12-02,
3ac4c0af-b8bd-4ce7-b173-b14cd0798755,f9b0f8e7-6631-4ecd-8114-04a800b2d715,ff3ba614-c520-4ee2-ba6e-f3ab47eaf3d1,2025-12-02,
3fcaa142-85f7-4fde-895c-aef41a6157dd,8d99e507-eadc-45e9-94fd-a466147c0864,982d643e-14cd-4ef9-9cf4-4c49ef855fe7,2025-12-02,
2729fce8-a310-4bfa-a777-61604b3074fb,8d99e507-eadc-45e9-94fd-a466147c0864,772c96fe-683d-4e56-8af4-2b627d44dfdc,2025-12-02,
c2233dbe-6bcf-401e-acf5-320270292ca4,e416e58d-d2df-4fcd-93eb-c5ec03483d58,893f239e-2bb6-4662-893e-a73f13a7a216,2025-12-02,
c62030a9-69b7-40cb-84af-8132f3b28898,e416e58d-d2df-4fcd-93eb-c5ec03483d58,ff3ba614-c520-4ee2-ba6e-f3ab47eaf3d1,2025-12-02,
c911aedb-48c1-483f-8a84-4d7463827bd1,494278ec-58e4-41cc-9b09-fe72b3a39336,893f239e-2bb6-4662-893e-a73f13a7a216,2025-12-02,
13e8e19b-78ba-43ac-bcfd-f4182652489f,494278ec-58e4-41cc-9b09-fe72b3a39336,982d643e-14cd-4ef9-9cf4-4c49ef855fe7,2025-12-02,
95c7ed7c-c884-4fc3-9e8d-dab219307fb9,faaaa88e-2986-404c-9c17-2e83f4ae131b,ff3ba614-c520-4ee2-ba6e-f3ab47eaf3d1,2025-12-02,
dc5585bb-6a8a-4644-8262-1629f5ba4030,faaaa88e-2986-404c-9c17-2e83f4ae131b,982d643e-14cd-4ef9-9cf4-4c49ef855fe7,2025-12-02,
472d07c5-14b9-4a30-a3db-813303a377d2,b28ed44c-0c2d-45f4-9a53-2dfeaf4ddcfd,0728281a-5c53-40d0-b4a1-d717888ddaf1,2025-12-02,
3c705dea-14ba-42d7-af33-0ddc01f92ff7,b28ed44c-0c2d-45f4-9a53-2dfeaf4ddcfd,b534da7f-c9ef-4414-b702-05b60083b8a3,2025-12-02,
92c9f506-7d79-4c4a-b2fb-84a4f0b50ffb,789efd53-7c6f-475e-b18a-667150af663e,b534da7f-c9ef-4414-b702-05b60083b8a3,2025-12-02,
7d698325-f466-4cd0-990f-b94c167a4b5f,789efd53-7c6f-475e-b18a-667150af663e,0728281a-5c53-40d0-b4a1-d717888ddaf1,2025-12-02,
60aae6ca-fb2f-46c0-a81f-19b924a6d799,655d421f-4cab-48c4-a25c-694878d35d11,0a704772-73cd-4f27-87ba-4a56f04875b7,2025-12-02,
71ea1e78-b8f1-41d8-807f-c4b8ef454a50,655d421f-4cab-48c4-a25c-694878d35d11,50670627-6342-4123-ae50-5796ca7892bc,2025-12-02,
018d3ae2-e3ae-47a9-8cfb-adcd31d7b2b7,8a683851-ce6b-4646-93e9-f33f49cd27b9,50670627-6342-4123-ae50-5796ca7892bc,2025-12-02,
ce708bdb-55a3-4447-a9f9-2fb989b77527,8a683851-ce6b-4646-93e9-f33f49cd27b9,0a704772-73cd-4f27-87ba-4a56f04875b7,2025-12-02,
3e0282a0-7417-41ee-b67d-e1c375b99726,150e6dd1-4439-40ea-a06e-3963dcc1e040,0728281a-5c53-40d0-b4a1-d717888ddaf1,2025-12-02,
41287e59-94a9-414f-89da-6390d479efaa,150e6dd1-4439-40ea-a06e-3963dcc1e040,50670627-6342-4123-ae50-5796ca7892bc,2025-12-02,
955307e2-1151-48aa-a7d5-c9233f2c991d,e4cf719d-743b-4967-95d7-44dcc3515b88,50670627-6342-4123-ae50-5796ca7892bc,2025-12-02,
e1d3565d-791a-4d5e-8912-3c16475941bc,e4cf719d-743b-4967-95d7-44dcc3515b88,0a704772-73cd-4f27-87ba-4a56f04875b7,2025-12-02,
e0e94f38-f47a-4a20-842d-d4325fac2609,1ce6af4c-f129-4669-b83e-5f1dec8180e3,0a704772-73cd-4f27-87ba-4a56f04875b7,2025-12-02,
c789ce81-640e-4db2-a91f-6cd9ec7eebee,1ce6af4c-f129-4669-b83e-5f1dec8180e3,b534da7f-c9ef-4414-b702-05b60083b8a3,2025-12-02,
663ea1fc-1ca8-4a70-9d8c-e5e819e37090,07e57e49-2909-4490-bd5e-917768a4b310,0a704772-73cd-4f27-87ba-4a56f04875b7,2025-12-02,
f8cd8295-96de-4b0c-a034-7dbf6acab9e6,07e57e49-2909-4490-bd5e-917768a4b310,0728281a-5c53-40d0-b4a1-d717888ddaf1,2025-12-02,
0456faed-334f-4753-afe3-0b2d7bdfb32d,ce20644d-e1dc-4511-8c3a-b7485eb1f7c0,0a704772-73cd-4f27-87ba-4a56f04875b7,2025-12-02,
246957f2-47e9-4795-aeae-9ee349a3d059,ce20644d-e1dc-4511-8c3a-b7485eb1f7c0,0728281a-5c53-40d0-b4a1-d717888ddaf1,2025-12-02,
70e6910e-d368-4ace-84ac-96aba01f5bb3,7aafac2e-5494-4bc5-b06d-e9407e6e6944,0728281a-5c53-40d0-b4a1-d717888ddaf1,2025-12-02,
02a52ce0-9e75-4f25-8d87-b7e88ca078a7,7aafac2e-5494-4bc5-b06d-e9407e6e6944,50670627-6342-4123-ae50-5796ca7892bc,2025-12-02,
b2b64ad5-4555-4d3e-af90-e8cf61b1ad76,56c9bff5-9d5f-4b08-8d84-3440c77418a7,0a704772-73cd-4f27-87ba-4a56f04875b7,2025-12-02,
f034b107-0117-4c72-8758-37e77999ae1c,56c9bff5-9d5f-4b08-8d84-3440c77418a7,0728281a-5c53-40d0-b4a1-d717888ddaf1,2025-12-02,
a82f6f23-5149-4f49-892e-81da52cb2215,0070ca5d-ff48-4ebc-a30d-12e2367ba48c,0a704772-73cd-4f27-87ba-4a56f04875b7,2025-12-02,
8ed3e22d-2745-4e9f-8978-d238ce5b7105,0070ca5d-ff48-4ebc-a30d-12e2367ba48c,0728281a-5c53-40d0-b4a1-d717888ddaf1,2025-12-02,
14341404-50a3-480a-9851-28d70fda90c8,3e30c03f-2f38-4999-ad76-c831322719d8,0728281a-5c53-40d0-b4a1-d717888ddaf1,2025-12-02,
bb85816f-1185-45d0-8975-b36c97b362e4,3e30c03f-2f38-4999-ad76-c831322719d8,b534da7f-c9ef-4414-b702-05b60083b8a3,2025-12-02,
6440a5a4-9607-43ac-b9ee-05e642d84bbc,0020c3e9-4f74-4aba-8cb4-f866805c90f6,0728281a-5c53-40d0-b4a1-d717888ddaf1,2025-12-02,
4324b5ea-7c46-406d-8b4c-30fc910dc826,0020c3e9-4f74-4aba-8cb4-f866805c90f6,0a704772-73cd-4f27-87ba-4a56f04875b7,2025-12-02,
daee28be-ac92-4654-9d2f-bc7b844154eb,a07040e0-502a-4292-aa68-76bd20f2c39a,0a704772-73cd-4f27-87ba-4a56f04875b7,2025-12-02,
fb7d179c-879c-4fd7-87c0-a8a9619cdeba,a07040e0-502a-4292-aa68-76bd20f2c39a,0728281a-5c53-40d0-b4a1-d717888ddaf1,2025-12-02,
22f9b237-2a22-4674-a08f-dbf23044d45d,afd9eaa8-70ce-4c3f-9dad-7ee96d661a67,50670627-6342-4123-ae50-5796ca7892bc,2025-12-02,
67ef07e0-bb90-49df-a9c3-04f95848270b,afd9eaa8-70ce-4c3f-9dad-7ee96d661a67,0728281a-5c53-40d0-b4a1-d717888ddaf1,2025-12-02,
dcd3d3f7-748d-4d9a-b789-a0a2bbd983ab,422381e5-b8ef-4c4c-a7e0-aa064551cc9d,b534da7f-c9ef-4414-b702-05b60083b8a3,2025-12-02,
55379a85-af3c-4ee9-b75e-508a0e3f6061,422381e5-b8ef-4c4c-a7e0-aa064551cc9d,0728281a-5c53-40d0-b4a1-d717888ddaf1,2025-12-02,
da0743b4-593a-40a5-a3a9-56651eed28c8,bf8dae23-9b71-4cdf-8288-546e4aa821db,b534da7f-c9ef-4414-b702-05b60083b8a3,2025-12-02,
102e4239-5821-445d-b34a-f551b5f0fde4,bf8dae23-9b71-4cdf-8288-546e4aa821db,0728281a-5c53-40d0-b4a1-d717888ddaf1,2025-12-02,
e3b9564e-5358-4081-98aa-1c0a302f289e,18ed9b2a-4abc-4574-88fd-cf1c8286196e,50670627-6342-4123-ae50-5796ca7892bc,2025-12-02,
be44ef42-243c-49f9-baa0-30c8ad5d6675,18ed9b2a-4abc-4574-88fd-cf1c8286196e,0a704772-73cd-4f27-87ba-4a56f04875b7,2025-12-02,
21bd13b6-03c3-42eb-b902-16af6a20e786,fa54979d-4dff-43ab-b366-f8decad539d7,0a704772-73cd-4f27-87ba-4a56f04875b7,2025-12-02,
d9bea844-032a-48c8-9ce1-5f32d9e1fdbe,fa54979d-4dff-43ab-b366-f8decad539d7,b534da7f-c9ef-4414-b702-05b60083b8a3,2025-12-02,
5ec0c4b0-e668-4413-8a11-8952fc03c55a,256b45d3-35b8-4157-b2cd-075f3b3fdaba,0a704772-73cd-4f27-87ba-4a56f04875b7,2025-12-02,
1d5b08ca-8022-44e4-9add-825fddf139a7,256b45d3-35b8-4157-b2cd-075f3b3fdaba,b534da7f-c9ef-4414-b702-05b60083b8a3,2025-12-02,
aae87725-1109-4f89-ac97-65d8fe9b14df,cc31f01f-90d0-4beb-91b7-7c70a1c76878,50670627-6342-4123-ae50-5796ca7892bc,2025-12-02,
8e03be02-4e01-4550-ae77-bed1a9543f2c,cc31f01f-90d0-4beb-91b7-7c70a1c76878,b534da7f-c9ef-4414-b702-05b60083b8a3,2025-12-02,
9a281201-6f43-4b39-92f8-94738488ffa4,f10f92ae-b94e-4d3d-a784-47b146bb9590,50670627-6342-4123-ae50-5796ca7892bc,2025-12-02,
90059adc-84d1-4a12-8a44-f8f5a2b8fb77,f10f92ae-b94e-4d3d-a784-47b146bb9590,0a704772-73cd-4f27-87ba-4a56f04875b7,2025-12-02,
dc324e6a-2bcd-4b90-a52f-7abba63b008f,02f2677d-2a2c-488e-b9b8-60921d81c270,50670627-6342-4123-ae50-5796ca7892bc,2025-12-02,
daaed28e-7220-4162-87e0-fc0626f48e5d,02f2677d-2a2c-488e-b9b8-60921d81c270,0728281a-5c53-40d0-b4a1-d717888ddaf1,2025-12-02,
03d0836f-53ba-4821-8d04-ac89300f6008,35bacb7b-92db-4d34-940c-c9fa6161c93b,0728281a-5c53-40d0-b4a1-d717888ddaf1,2025-12-02,
7ac8acd2-a83d-42bb-b141-9c640cc63ab0,35bacb7b-92db-4d34-940c-c9fa6161c93b,b534da7f-c9ef-4414-b702-05b60083b8a3,2025-12-02,
93b24b35-204c-41cb-9cdf-f7bcd74aaf79,af65a89b-3edd-4774-ab8a-673d268839c0,50670627-6342-4123-ae50-5796ca7892bc,2025-12-02,
db1647e2-f323-4ec5-a195-ebc179f56130,af65a89b-3edd-4774-ab8a-673d268839c0,0a704772-73cd-4f27-87ba-4a56f04875b7,2025-12-02,
6fdf227c-5682-436d-b16c-afd49dd4a5b3,efe3e271-da01-4d4f-aca5-51fc59de5486,50670627-6342-4123-ae50-5796ca7892bc,2025-12-02,
40050fec-ae23-4f60-8482-14af29ab4647,efe3e271-da01-4d4f-aca5-51fc59de5486,b534da7f-c9ef-4414-b702-05b60083b8a3,2025-12-02,
924799e4-f0fd-4c0e-8703-82a2268222d6,5e7314a2-3a93-46ba-8d94-d4dff8a5bf4d,b534da7f-c9ef-4414-b702-05b60083b8a3,2025-12-02,
ebe0ad1b-0a04-4596-80fe-d551b431c488,5e7314a2-3a93-46ba-8d94-d4dff8a5bf4d,50670627-6342-4123-ae50-5796ca7892bc,2025-12-02,
0a3ae58f-7376-472b-bffa-4cf177089564,8030f799-9a69-44e2-8d72-3990fde6d6ca,b534da7f-c9ef-4414-b702-05b60083b8a3,2025-12-02,
27b88754-6dc5-4968-91c6-792b083bd028,8030f799-9a69-44e2-8d72-3990fde6d6ca,50670627-6342-4123-ae50-5796ca7892bc,2025-12-02,
19e6a133-22fc-4d4c-ba44-3822ac6fb3a7,4c5e5e2d-a3ba-4879-a632-04b72d5354dc,0a704772-73cd-4f27-87ba-4a56f04875b7,2025-12-02,
9e59c864-1ffb-45b5-930b-7d368b686ccd,4c5e5e2d-a3ba-4879-a632-04b72d5354dc,0728281a-5c53-40d0-b4a1-d717888ddaf1,2025-12-02,
2ba1dd80-5fff-4155-9982-85c291439068,7a955d6a-19d3-44fe-9db2-41996ae11c1c,0a704772-73cd-4f27-87ba-4a56f04875b7,2025-12-02,
46d9ae27-7b19-41e0-b21f-79f9e7c2b487,7a955d6a-19d3-44fe-9db2-41996ae11c1c,50670627-6342-4123-ae50-5796ca7892bc,2025-12-02,
f3c63ed1-06ee-48a5-8cde-469faa91cd8a,6cd30464-43c3-47a8-b570-e82702676fba,0a704772-73cd-4f27-87ba-4a56f04875b7,2025-12-02,
ab8d6c9e-fa08-4a37-8bac-6d738a094efa,6cd30464-43c3-47a8-b570-e82702676fba,b534da7f-c9ef-4414-b702-05b60083b8a3,2025-12-02,
a7d864d4-0380-4b32-a72e-30bd2e0a64e1,ae2cf286-b238-4988-b042-3f4ecc75d0d6,50670627-6342-4123-ae50-5796ca7892bc,2025-12-02,
0868755b-eea9-4eb4-846e-c2e1fbcc2fa1,ae2cf286-b238-4988-b042-3f4ecc75d0d6,0728281a-5c53-40d0-b4a1-d717888ddaf1,2025-12-02,
34436edc-0c98-42bb-b14c-27c37f1ddb65,0915d172-23cb-44b8-a9d0-a12f7074bd34,0728281a-5c53-40d0-b4a1-d717888ddaf1,2025-12-02,
ad336f18-342d-447d-a8d7-f1ec3e4678bc,0915d172-23cb-44b8-a9d0-a12f7074bd34,b534da7f-c9ef-4414-b702-05b60083b8a3,2025-12-02,
7313a39a-31e7-4f43-a3a5-655294210016,21cb0562-8e89-4275-aabf-539b39047f09,b534da7f-c9ef-4414-b702-05b60083b8a3,2025-12-02,
fa1727ea-ddba-4cca-a7eb-26f2b6d5053f,21cb0562-8e89-4275-aabf-539b39047f09,0728281a-5c53-40d0-b4a1-d717888ddaf1,2025-12-02,
605c6d3b-d308-4026-9906-8eaabb17f28f,4e8bf9a1-d24b-494f-94ad-c9f189843394,0a704772-73cd-4f27-87ba-4a56f04875b7,2025-12-02,
d7eb54a8-8c4a-42df-8ff3-72013feae07a,4e8bf9a1-d24b-494f-94ad-c9f189843394,b534da7f-c9ef-4414-b702-05b60083b8a3,2025-12-02,
e4689a4e-9977-4945-abb2-f9080eaed5cc,8c0d8533-2560-42e0-b1c7-40c70e14d5a5,50670627-6342-4123-ae50-5796ca7892bc,2025-12-02,
44a5a8df-f078-44bd-99e0-ad7157fcdaf9,8c0d8533-2560-42e0-b1c7-40c70e14d5a5,b534da7f-c9ef-4414-b702-05b60083b8a3,2025-12-02,
f347e7bf-3918-4564-992f-ccdbaeea5eac,f9b04680-3944-4af3-a20e-7882ad84cf68,0a704772-73cd-4f27-87ba-4a56f04875b7,2025-12-02,
de25e01b-fd74-433f-a238-d62b8fe1a9f8,f9b04680-3944-4af3-a20e-7882ad84cf68,50670627-6342-4123-ae50-5796ca7892bc,2025-12-02,
c99a4b61-3be5-4945-aff8-ca2f41aa3f08,b0f78c17-f9c2-4f13-bd95-c3d3fe2ffe1c,b534da7f-c9ef-4414-b702-05b60083b8a3,2025-12-02,
640c9150-2b7f-4694-8179-6f2029f9289b,b0f78c17-f9c2-4f13-bd95-c3d3fe2ffe1c,0a704772-73cd-4f27-87ba-4a56f04875b7,2025-12-02,
bd77593e-7d3d-4775-949b-840d9668093b,9f82ab6a-97cf-45c6-9615-ba07b59c864a,0a704772-73cd-4f27-87ba-4a56f04875b7,2025-12-02,
cdbf7cdb-a466-4ba6-9442-9a45a8bd78fa,9f82ab6a-97cf-45c6-9615-ba07b59c864a,50670627-6342-4123-ae50-5796ca7892bc,2025-12-02,
421b618f-378e-4820-8ebc-a775521f93a6,e77fde29-f6d8-441e-a34a-704f2ba90467,b534da7f-c9ef-4414-b702-05b60083b8a3,2025-12-02,
50fb79a5-c231-4a32-aa0a-c1a23205e7cc,e77fde29-f6d8-441e-a34a-704f2ba90467,0a704772-73cd-4f27-87ba-4a56f04875b7,2025-12-02,
dd8e7b08-759f-4da6-affa-3d83a0b50289,d279e141-bde6-464d-a35a-3542f3912e4d,0a704772-73cd-4f27-87ba-4a56f04875b7,2025-12-02,
dbcb653a-00b2-4eaf-9a20-b2bfe5d38066,d279e141-bde6-464d-a35a-3542f3912e4d,50670627-6342-4123-ae50-5796ca7892bc,2025-12-02,
ea03c874-9d62-4623-ad71-52b1f5685e18,0e2006ef-c603-4177-b420-14668f3a263c,50670627-6342-4123-ae50-5796ca7892bc,2025-12-02,
7b7a310d-28ba-4be3-8bf3-47fcc827023d,0e2006ef-c603-4177-b420-14668f3a263c,b534da7f-c9ef-4414-b702-05b60083b8a3,2025-12-02,
cce37452-663a-47df-bd37-4d82b2ea8104,109b7676-47a2-4a01-8ca2-4cb9669278f9,0728281a-5c53-40d0-b4a1-d717888ddaf1,2025-12-02,
12c4fa61-be55-4905-9da7-2aa7aa0de0f1,109b7676-47a2-4a01-8ca2-4cb9669278f9,0a704772-73cd-4f27-87ba-4a56f04875b7,2025-12-02,
37c828f0-ed43-444e-b7df-5c0f5d6d2a21,dde6565d-3d3e-4fb9-adfb-493f8c846f68,50670627-6342-4123-ae50-5796ca7892bc,2025-12-02,
57484f0c-45b3-44e9-bf2f-37578fda5f8f,dde6565d-3d3e-4fb9-adfb-493f8c846f68,0728281a-5c53-40d0-b4a1-d717888ddaf1,2025-12-02,
ccea0e9a-ad41-493a-9dbd-d09f7224d68f,9f7d72f4-44e7-481a-b9bd-425bf88d3ee8,b534da7f-c9ef-4414-b702-05b60083b8a3,2025-12-02,
135cfca8-158f-403b-9bf1-f29bfb6142c0,9f7d72f4-44e7-481a-b9bd-425bf88d3ee8,0728281a-5c53-40d0-b4a1-d717888ddaf1,2025-12-02,
085834cb-eb46-4dde-a022-57578bca8ed5,27afceee-f74b-493b-a3ad-bae25d8d493f,0a704772-73cd-4f27-87ba-4a56f04875b7,2025-12-02,
fafdb5b4-c18f-4334-a592-59010a00b61b,27afceee-f74b-493b-a3ad-bae25d8d493f,0728281a-5c53-40d0-b4a1-d717888ddaf1,2025-12-02,
5c845ffa-da09-4a4c-95fc-5c0042fe2eff,0f5a94e5-3cd8-44de-845d-60e20f0a4b68,0a704772-73cd-4f27-87ba-4a56f04875b7,2025-12-02,
40409011-97ce-4e46-8a64-74a04fe4ca19,0f5a94e5-3cd8-44de-845d-60e20f0a4b68,b534da7f-c9ef-4414-b702-05b60083b8a3,2025-12-02,
69e15be7-1c97-411f-a094-e410d7fb59e6,2538e5b5-ae96-4758-aa24-a337a44049ae,0a704772-73cd-4f27-87ba-4a56f04875b7,2025-12-02,
f81af98f-2cd8-423c-80de-9237b097e398,2538e5b5-ae96-4758-aa24-a337a44049ae,b534da7f-c9ef-4414-b702-05b60083b8a3,2025-12-02,
a509bea6-dace-4178-93ab-52cf57e60c0c,9ae6206a-104b-4e7e-b71c-5236d0e2893c,0728281a-5c53-40d0-b4a1-d717888ddaf1,2025-12-02,
2fb9c581-6d19-4607-b5a2-3c82983f4fc6,9ae6206a-104b-4e7e-b71c-5236d0e2893c,50670627-6342-4123-ae50-5796ca7892bc,2025-12-02,
ce157acb-9ce2-4b3a-a4c8-2d28f1da8a98,02b22c10-7741-4973-aa28-bc92e9bfbdbb,0728281a-5c53-40d0-b4a1-d717888ddaf1,2025-12-02,
2ddbeacc-cb4c-4626-95df-d452d53a7d15,02b22c10-7741-4973-aa28-bc92e9bfbdbb,0a704772-73cd-4f27-87ba-4a56f04875b7,2025-12-02,
462a6427-3f23-42d9-b10d-a2cea60ed0a5,69c3a141-e8a6-46cf-92ce-affbd0b7a313,b534da7f-c9ef-4414-b702-05b60083b8a3,2025-12-02,
19c32e55-d464-4772-86ae-bc8a4cc596b8,69c3a141-e8a6-46cf-92ce-affbd0b7a313,0a704772-73cd-4f27-87ba-4a56f04875b7,2025-12-02,
334027d1-be9a-446c-a517-7b83e82f6126,905ae1e3-54b4-47ed-a65f-8aa0c6e81790,b534da7f-c9ef-4414-b702-05b60083b8a3,2025-12-02,
ca58eb16-bed4-4eff-8ebb-ef85d65812b6,905ae1e3-54b4-47ed-a65f-8aa0c6e81790,0728281a-5c53-40d0-b4a1-d717888ddaf1,2025-12-02,
bbd332b9-45ed-44ec-89ed-d826e75361ff,0ab3401b-f783-48d3-960a-e115fb28164c,b534da7f-c9ef-4414-b702-05b60083b8a3,2025-12-02,
c3706072-01c0-4e86-8fd6-e3353504b908,0ab3401b-f783-48d3-960a-e115fb28164c,0a704772-73cd-4f27-87ba-4a56f04875b7,2025-12-02,
3cc93587-760a-494b-8818-8789a0e9f69d,92eaf967-a10e-425c-8387-ad67103aba8e,0728281a-5c53-40d0-b4a1-d717888ddaf1,2025-12-02,
150227eb-0db5-4c9c-96ab-816e4d5db146,92eaf967-a10e-425c-8387-ad67103aba8e,b534da7f-c9ef-4414-b702-05b60083b8a3,2025-12-02,
600643b3-6827-43cd-88cf-88970a64683f,ece26161-1d8e-4821-897a-af320996faa8,50670627-6342-4123-ae50-5796ca7892bc,2025-12-02,
977bf94c-fe3f-4d39-a178-a1afdfd3a52d,ece26161-1d8e-4821-897a-af320996faa8,0a704772-73cd-4f27-87ba-4a56f04875b7,2025-12-02,
38d53d15-9814-4979-8488-28b4ed712698,b3230830-b85f-4e0a-a77f-4b73b9e25897,50670627-6342-4123-ae50-5796ca7892bc,2025-12-02,
49284f54-728d-43fa-a657-89530b963273,b3230830-b85f-4e0a-a77f-4b73b9e25897,b534da7f-c9ef-4414-b702-05b60083b8a3,2025-12-02,
82f139da-db1f-4d26-a7f4-85f0eac3a2f8,c5a8c43d-0bd3-40ed-ba9d-18229de65192,0a704772-73cd-4f27-87ba-4a56f04875b7,2025-12-02,
c5d983e5-9efa-4cf3-bf64-a7b59509cd3a,c5a8c43d-0bd3-40ed-ba9d-18229de65192,0728281a-5c53-40d0-b4a1-d717888ddaf1,2025-12-02,
15461de6-f05e-4a16-8974-1a9a159ee3b1,1545f31f-827a-45e2-8dae-a0093e302dd8,0a704772-73cd-4f27-87ba-4a56f04875b7,2025-12-02,
67db995d-bd04-4b10-94b5-ca1580071ee7,1545f31f-827a-45e2-8dae-a0093e302dd8,50670627-6342-4123-ae50-5796ca7892bc,2025-12-02,
0daecbe1-3f7e-4960-9f7b-b0a45c968031,ed40b0fa-a5dc-41cd-b326-527e5692ccc2,0728281a-5c53-40d0-b4a1-d717888ddaf1,2025-12-02,
2249f672-51bd-421c-b99b-d4cab2a604a8,ed40b0fa-a5dc-41cd-b326-527e5692ccc2,50670627-6342-4123-ae50-5796ca7892bc,2025-12-02,
3bc0bf8c-f0d6-4641-9a9b-920b241c7fdd,8ed4bcd3-b4ed-4601-9e74-e3d9ab2c3fab,0728281a-5c53-40d0-b4a1-d717888ddaf1,2025-12-02,
086f9f45-4c95-4465-bf57-61a08fa48a3e,8ed4bcd3-b4ed-4601-9e74-e3d9ab2c3fab,0a704772-73cd-4f27-87ba-4a56f04875b7,2025-12-02,
7a75bd40-07dc-45e1-8ec1-157624829ce1,51160f68-3fe8-4a80-8b68-ccf571d086bc,0728281a-5c53-40d0-b4a1-d717888ddaf1,2025-12-02,
1aef7786-d7d2-43d5-87f2-b0e3e8055d31,51160f68-3fe8-4a80-8b68-ccf571d086bc,0a704772-73cd-4f27-87ba-4a56f04875b7,2025-12-02,
21e9858e-e289-4eb6-b704-85502da2f41c,c9fd0e6f-81b5-44d8-99d8-cffab50e8186,b534da7f-c9ef-4414-b702-05b60083b8a3,2025-12-02,
07b717f8-f5d4-4b6f-a136-cf07dfd5c729,c9fd0e6f-81b5-44d8-99d8-cffab50e8186,50670627-6342-4123-ae50-5796ca7892bc,2025-12-02,
2cc15808-d628-47b2-93f9-4f3b60dfe5b6,f06c79e7-1942-447d-b0fe-f88fe1dba636,0728281a-5c53-40d0-b4a1-d717888ddaf1,2025-12-02,
c1f02f68-9cfd-4e3a-b2e4-f6ebcb981ee3,f06c79e7-1942-447d-b0fe-f88fe1dba636,b534da7f-c9ef-4414-b702-05b60083b8a3,2025-12-02,
cf0b6f2e-6122-4c10-8530-5e2c347331eb,990a5dba-45e5-4852-84ba-c6a6feeeea43,0a704772-73cd-4f27-87ba-4a56f04875b7,2025-12-02,
99694e7c-d6b2-46ac-a052-dcccd9466fbb,990a5dba-45e5-4852-84ba-c6a6feeeea43,50670627-6342-4123-ae50-5796ca7892bc,2025-12-02,
d1d82002-a502-4a64-b090-effd063ad026,8adaea8b-7243-402d-8321-170d25ffc145,0a704772-73cd-4f27-87ba-4a56f04875b7,2025-12-02,
6e5f65a9-b27a-41fd-98f3-70dccc734035,8adaea8b-7243-402d-8321-170d25ffc145,50670627-6342-4123-ae50-5796ca7892bc,2025-12-02,
ba8b4e2d-24bf-43f8-ab35-313ef2ebc86e,4f095398-3765-4846-8683-472ba8053521,b534da7f-c9ef-4414-b702-05b60083b8a3,2025-12-02,
170734a5-7344-4497-a687-557478afc43e,4f095398-3765-4846-8683-472ba8053521,0728281a-5c53-40d0-b4a1-d717888ddaf1,2025-12-02,
27718adb-6e6f-4719-8dfd-9bb973610bb2,a0f7e0ef-1647-403d-adde-8be71dcef91f,0728281a-5c53-40d0-b4a1-d717888ddaf1,2025-12-02,
7d415b32-fea7-43df-9064-dbb6bc48f722,a0f7e0ef-1647-403d-adde-8be71dcef91f,50670627-6342-4123-ae50-5796ca7892bc,2025-12-02,
90c9b336-f259-44f5-b63d-3226ff9cff09,9d346eda-3d1c-4997-a931-1ca5c58bd661,b534da7f-c9ef-4414-b702-05b60083b8a3,2025-12-02,
41cb7d68-f5b7-4538-ab48-2e38175362a9,9d346eda-3d1c-4997-a931-1ca5c58bd661,0728281a-5c53-40d0-b4a1-d717888ddaf1,2025-12-02,
1368e253-35cf-4dea-b1e5-206f7a8c8be1,836daad6-5441-4133-af1c-7e5e06152ecf,b534da7f-c9ef-4414-b702-05b60083b8a3,2025-12-02,
a79272dc-5c7c-4c5c-8767-77e94c7c0525,836daad6-5441-4133-af1c-7e5e06152ecf,0728281a-5c53-40d0-b4a1-d717888ddaf1,2025-12-02,
3c7b5acf-b0f6-4725-9ace-933847fd2db0,c28d4b00-cc9b-41ea-b456-0de6b2420e32,b534da7f-c9ef-4414-b702-05b60083b8a3,2025-12-02,
7b581334-0ea4-4284-a5f0-16bfdb03b0f4,c28d4b00-cc9b-41ea-b456-0de6b2420e32,50670627-6342-4123-ae50-5796ca7892bc,2025-12-02,
a9673f72-b144-4fab-a0a0-df331a0c5925,d58b044a-b1b4-49bc-80c9-250e8860dfd1,0a704772-73cd-4f27-87ba-4a56f04875b7,2025-12-02,
7daa8edc-6ad4-49b4-817b-5ef372a8389e,d58b044a-b1b4-49bc-80c9-250e8860dfd1,0728281a-5c53-40d0-b4a1-d717888ddaf1,2025-12-02,
bacd54f5-1442-439e-acd9-dbaed0f177c2,cf53b305-646d-4f87-8f0d-1bd27be1b27a,0a704772-73cd-4f27-87ba-4a56f04875b7,2025-12-02,
3ae187d3-11cb-4a82-91a5-371ddf7692d3,cf53b305-646d-4f87-8f0d-1bd27be1b27a,b534da7f-c9ef-4414-b702-05b60083b8a3,2025-12-02,
b643d8fe-4275-4535-aad5-de5ca534aa38,f32a3b13-fb8b-4dcd-9354-601dfc07a7bc,50670627-6342-4123-ae50-5796ca7892bc,2025-12-02,
49494a46-e44b-4705-bdb0-a521fb61fb16,f32a3b13-fb8b-4dcd-9354-601dfc07a7bc,0a704772-73cd-4f27-87ba-4a56f04875b7,2025-12-02,
20d6837b-2be8-4aa7-8d79-e17821706702,d062d1e8-34e0-44fe-9f9f-d746972f3b5f,b534da7f-c9ef-4414-b702-05b60083b8a3,2025-12-02,
392e8820-e6c5-4ea1-9f4e-6982b4b4a81e,d062d1e8-34e0-44fe-9f9f-d746972f3b5f,0728281a-5c53-40d0-b4a1-d717888ddaf1,2025-12-02,
1183ba8e-f86b-4a7d-8d90-2988fbe73b05,38d0f2e4-177d-4780-b38a-bd89e2c472f7,0728281a-5c53-40d0-b4a1-d717888ddaf1,2025-12-02,
62b856ca-d315-456a-81e3-4ab902d62016,38d0f2e4-177d-4780-b38a-bd89e2c472f7,50670627-6342-4123-ae50-5796ca7892bc,2025-12-02,
789c5fd5-dbfc-4144-a672-905512b14cb4,c6d3a5e1-14fe-4471-b19f-e42f1ec37db4,b534da7f-c9ef-4414-b702-05b60083b8a3,2025-12-02,
b728dbed-abc2-4a31-a118-cd8b68aee09b,c6d3a5e1-14fe-4471-b19f-e42f1ec37db4,0728281a-5c53-40d0-b4a1-d717888ddaf1,2025-12-02,
1eddcaf2-f685-48bd-b0e9-427c1b74f0bd,6f61f93d-7b3a-4f6c-92c1-9d82126ed5d9,0728281a-5c53-40d0-b4a1-d717888ddaf1,2025-12-02,
b90cf3f9-9aff-45dd-97e1-57cc69205588,6f61f93d-7b3a-4f6c-92c1-9d82126ed5d9,0a704772-73cd-4f27-87ba-4a56f04875b7,2025-12-02,
f99b4071-2372-4a6f-929c-871ac909afe9,3fae53b2-d0ad-4d78-95e9-410953304fa3,0a704772-73cd-4f27-87ba-4a56f04875b7,2025-12-02,
b310a1e6-b347-485b-9eed-2c6b3d8fbab7,3fae53b2-d0ad-4d78-95e9-410953304fa3,b534da7f-c9ef-4414-b702-05b60083b8a3,2025-12-02,
9f3a5300-5403-43ca-b1b6-5fe95cc07f0d,b17b199d-0085-43c6-8199-4365ea5e3d4b,0a704772-73cd-4f27-87ba-4a56f04875b7,2025-12-02,
1f8b560d-8fc5-451c-9fcb-03d64ddb2877,b17b199d-0085-43c6-8199-4365ea5e3d4b,b534da7f-c9ef-4414-b702-05b60083b8a3,2025-12-02,
b506bb44-5de1-4360-b0b6-b75e465c609a,2f9bcce6-b505-41f8-8c88-5a761eaacb14,50670627-6342-4123-ae50-5796ca7892bc,2025-12-02,
ab305ef8-4035-4163-b7c2-2360472d36b4,2f9bcce6-b505-41f8-8c88-5a761eaacb14,0a704772-73cd-4f27-87ba-4a56f04875b7,2025-12-02,
90238387-cf93-45d2-8f68-3ba244a8d0a1,964a5f0b-b78c-4ae9-9686-8379544f30ff,b534da7f-c9ef-4414-b702-05b60083b8a3,2025-12-02,
6a15e1ad-5ba9-4dca-be66-18c8d9ffe0a4,964a5f0b-b78c-4ae9-9686-8379544f30ff,0a704772-73cd-4f27-87ba-4a56f04875b7,2025-12-02,
78367e28-79e5-4758-978b-2ffccf02625f,81198188-c8df-4731-8bb9-d9502605a6c5,0a704772-73cd-4f27-87ba-4a56f04875b7,2025-12-02,
132a310b-25bc-4205-8af7-03880264c48b,81198188-c8df-4731-8bb9-d9502605a6c5,0728281a-5c53-40d0-b4a1-d717888ddaf1,2025-12-02,
1b6f1384-c8d8-4d00-a1d7-a4b06fdc477a,6c643c12-1646-4a7e-b14e-dedc167fb603,0a704772-73cd-4f27-87ba-4a56f04875b7,2025-12-02,
f0946fd5-a793-445f-b63d-f6d872b2992b,6c643c12-1646-4a7e-b14e-dedc167fb603,0728281a-5c53-40d0-b4a1-d717888ddaf1,2025-12-02,
c5224725-e61c-4feb-b4a4-bb2458ba82a4,394b097e-3183-463a-b82d-2f7b8e35f394,0a704772-73cd-4f27-87ba-4a56f04875b7,2025-12-02,
379b0ecd-62a9-40ae-83a6-53c91f8555ba,394b097e-3183-463a-b82d-2f7b8e35f394,50670627-6342-4123-ae50-5796ca7892bc,2025-12-02,
b2c2e9e1-596b-4704-8a16-1ab9888815ab,e9f6eb32-b8bd-4b5e-9677-831f0feb24c4,b534da7f-c9ef-4414-b702-05b60083b8a3,2025-12-02,
f6e2fd0d-ad34-4cc7-9955-50a4eb6b5715,e9f6eb32-b8bd-4b5e-9677-831f0feb24c4,0a704772-73cd-4f27-87ba-4a56f04875b7,2025-12-02,
a19c7454-e038-48da-af2b-67110af1d84b,14c32fd7-df97-4193-854e-d84e9db70b4c,0a704772-73cd-4f27-87ba-4a56f04875b7,2025-12-02,
5630e83b-094b-48f4-98a5-cb288e94029a,14c32fd7-df97-4193-854e-d84e9db70b4c,b534da7f-c9ef-4414-b702-05b60083b8a3,2025-12-02,
b0ec7135-465a-4dfd-90a3-f8e332207ccb,ee80294c-03a9-4be4-941f-5d674f06b07d,50670627-6342-4123-ae50-5796ca7892bc,2025-12-02,
d0b758d9-0ade-4a2b-a5c3-da2d8f1102ce,ee80294c-03a9-4be4-941f-5d674f06b07d,b534da7f-c9ef-4414-b702-05b60083b8a3,2025-12-02,
062fdd9b-eef0-47de-a3fe-8af73f2d8189,0fb0fad5-6aa1-4bf5-a68b-6c921897ff3e,0728281a-5c53-40d0-b4a1-d717888ddaf1,2025-12-02,
c937cdd6-ba5d-48a0-9b26-bcee944b498b,0fb0fad5-6aa1-4bf5-a68b-6c921897ff3e,b534da7f-c9ef-4414-b702-05b60083b8a3,2025-12-02,
dd3c29fa-c5bc-4cdc-8559-9b2568ac510b,27897647-4fab-42a4-9e76-2319f6bd4d9c,0728281a-5c53-40d0-b4a1-d717888ddaf1,2025-12-02,
11ea61aa-cddf-4ec8-92b3-97058dc60d77,27897647-4fab-42a4-9e76-2319f6bd4d9c,0a704772-73cd-4f27-87ba-4a56f04875b7,2025-12-02,
e3a6f753-a841-4281-8a14-b80bd5b0277e,083271c3-e793-4fcc-ad70-6d44855331bb,50670627-6342-4123-ae50-5796ca7892bc,2025-12-02,
f40b597f-d49d-480e-889b-6bdf8831352f,083271c3-e793-4fcc-ad70-6d44855331bb,0a704772-73cd-4f27-87ba-4a56f04875b7,2025-12-02,
1e206407-2a4a-4197-8b4b-3dc3899c0380,6a11afc2-4d5b-40cc-88d5-2c922f78ccd9,0a704772-73cd-4f27-87ba-4a56f04875b7,2025-12-02,
376bb31f-236c-42b8-a539-df4dbf2b11be,6a11afc2-4d5b-40cc-88d5-2c922f78ccd9,b534da7f-c9ef-4414-b702-05b60083b8a3,2025-12-02,
da414935-94d4-42e6-813f-5b6e95796441,dce4c098-b5d6-479f-b74e-f20d7cb10d7e,b534da7f-c9ef-4414-b702-05b60083b8a3,2025-12-02,
0454e0bd-43a7-4a62-800a-762fc7690864,dce4c098-b5d6-479f-b74e-f20d7cb10d7e,50670627-6342-4123-ae50-5796ca7892bc,2025-12-02,
a57521d8-fd33-4cce-a524-2adeba964c49,61df8f1b-0957-42fa-aa80-87d92e492491,b534da7f-c9ef-4414-b702-05b60083b8a3,2025-12-02,
fe570abe-d3c7-469c-8bb6-1e37c0dac0e9,61df8f1b-0957-42fa-aa80-87d92e492491,0a704772-73cd-4f27-87ba-4a56f04875b7,2025-12-02,
c1c05208-c67b-4bdf-a5e9-802b7cd7d0b4,73a4cb1d-87ef-4842-b21c-e2b77a680446,0728281a-5c53-40d0-b4a1-d717888ddaf1,2025-12-02,
6218f6ec-622f-427d-bf75-5d75f6756c4f,73a4cb1d-87ef-4842-b21c-e2b77a680446,0a704772-73cd-4f27-87ba-4a56f04875b7,2025-12-02,
be0285a9-79da-46df-901a-c1b824502161,df52c447-f8ef-4234-af90-9052d50f7f91,b534da7f-c9ef-4414-b702-05b60083b8a3,2025-12-02,
adc555eb-ea5a-4a97-a49a-d52b9a188a9a,df52c447-f8ef-4234-af90-9052d50f7f91,50670627-6342-4123-ae50-5796ca7892bc,2025-12-02,
b3e27877-20a7-42a4-89aa-f057c4db44bf,316d0892-6651-40c4-bdef-422f3a2cf97e,0728281a-5c53-40d0-b4a1-d717888ddaf1,2025-12-02,
844589ba-3d35-4890-9a3c-c9b2bbad512f,316d0892-6651-40c4-bdef-422f3a2cf97e,0a704772-73cd-4f27-87ba-4a56f04875b7,2025-12-02,
338f2171-fbf1-4201-b9a9-03f6f7850715,6a3582b3-e4a0-48cc-9a7e-9e45f535228b,0a704772-73cd-4f27-87ba-4a56f04875b7,2025-12-02,
661f1149-6a94-4bc1-8536-96ae7436b838,6a3582b3-e4a0-48cc-9a7e-9e45f535228b,b534da7f-c9ef-4414-b702-05b60083b8a3,2025-12-02,
bc4815dd-3b36-4bf2-af1f-f9a65c08ac60,3717e8d4-dd62-4788-92ef-7897be769c40,50670627-6342-4123-ae50-5796ca7892bc,2025-12-02,
c2b660a8-1433-4bce-b591-d9994ca69a3d,3717e8d4-dd62-4788-92ef-7897be769c40,0a704772-73cd-4f27-87ba-4a56f04875b7,2025-12-02,
3b8c5c0d-c8a4-4ea4-b055-637f98b4a939,a62808a6-3cea-480e-955b-d9b6caf1901b,0a704772-73cd-4f27-87ba-4a56f04875b7,2025-12-02,
3b27c628-ebd4-4a78-b081-ca83d5c6c891,a62808a6-3cea-480e-955b-d9b6caf1901b,0728281a-5c53-40d0-b4a1-d717888ddaf1,2025-12-02,
24ca68f7-78f2-4a20-b17c-635ca8722fa5,acdf31c6-f590-4626-87fc-70f11f7b82b7,0728281a-5c53-40d0-b4a1-d717888ddaf1,2025-12-02,
93d27ff5-8fd3-49f1-b7c1-eb6e0b73dd70,acdf31c6-f590-4626-87fc-70f11f7b82b7,50670627-6342-4123-ae50-5796ca7892bc,2025-12-02,
ca29526e-a8be-46e3-b8d3-3ecdff8a8438,8668f0f8-4c16-479a-9655-6f7b48a27f71,b534da7f-c9ef-4414-b702-05b60083b8a3,2025-12-02,
b0cd08cd-2e6f-4113-baa5-c478d546d209,8668f0f8-4c16-479a-9655-6f7b48a27f71,0a704772-73cd-4f27-87ba-4a56f04875b7,2025-12-02,
f17140ff-618a-43bf-929e-103023cb6666,c1581811-353a-4de7-a2cf-7d4f85402d85,50670627-6342-4123-ae50-5796ca7892bc,2025-12-02,
c9cc56bf-6276-46c1-aa49-8bf2a565a43b,c1581811-353a-4de7-a2cf-7d4f85402d85,0a704772-73cd-4f27-87ba-4a56f04875b7,2025-12-02,
00111772-7e24-424b-894e-93dc7e88610b,326d6f8d-2b15-44ca-b0b6-7bf1a0d07dd8,50670627-6342-4123-ae50-5796ca7892bc,2025-12-02,
8834b8ec-f87e-4d0d-ab20-88f24651e9d8,326d6f8d-2b15-44ca-b0b6-7bf1a0d07dd8,b534da7f-c9ef-4414-b702-05b60083b8a3,2025-12-02,
f2bab328-87b5-4c74-9dc6-f1ce3d687dcb,d45d71d5-d8cd-4e22-998f-4da51e04139b,50670627-6342-4123-ae50-5796ca7892bc,2025-12-02,
a2c41507-7000-4c52-a942-b533c9778045,d45d71d5-d8cd-4e22-998f-4da51e04139b,b534da7f-c9ef-4414-b702-05b60083b8a3,2025-12-02,
777056c5-fd29-4ed9-9433-b595914f362a,0a493e7c-c1a6-43c0-8048-3800fd0ed20c,0a704772-73cd-4f27-87ba-4a56f04875b7,2025-12-02,
ee6c3beb-4fd5-4346-9890-9d53573db34e,0a493e7c-c1a6-43c0-8048-3800fd0ed20c,50670627-6342-4123-ae50-5796ca7892bc,2025-12-02,
c989972b-4ff7-4aaa-9537-a9c6004e8989,c3ee8973-aa82-493c-a8d9-ec29c65399b0,0728281a-5c53-40d0-b4a1-d717888ddaf1,2025-12-02,
d6ef8193-e983-41c5-a4fd-b11e5aa9fdc6,c3ee8973-aa82-493c-a8d9-ec29c65399b0,50670627-6342-4123-ae50-5796ca7892bc,2025-12-02,
59e1385a-a27f-4aaa-b51e-fdeac594ef5c,43d342c8-433d-451d-80f4-f388f67f565d,0728281a-5c53-40d0-b4a1-d717888ddaf1,2025-12-02,
3727abc3-9ab9-45ed-a840-06c08766d498,43d342c8-433d-451d-80f4-f388f67f565d,0a704772-73cd-4f27-87ba-4a56f04875b7,2025-12-02,
4c6c4c4e-47b9-494c-bf35-7e388b0296c2,b36f9b27-4118-4965-b35e-cb27d79018c9,0728281a-5c53-40d0-b4a1-d717888ddaf1,2025-12-02,
f3cdbbd4-86c9-48ba-bc59-4f194c1eaf38,b36f9b27-4118-4965-b35e-cb27d79018c9,0a704772-73cd-4f27-87ba-4a56f04875b7,2025-12-02,
45b89318-5afd-4ca3-8e64-4a69d23f799e,a62a0764-b669-44cd-adab-6554c2127b38,0a704772-73cd-4f27-87ba-4a56f04875b7,2025-12-02,
9b843128-7887-4f67-aa8a-48f7109e1c4c,a62a0764-b669-44cd-adab-6554c2127b38,50670627-6342-4123-ae50-5796ca7892bc,2025-12-02,
4fd1375c-bd9e-471a-8e83-a53fe5bee880,06bbfb42-d6b5-4963-bd07-1b64d4638e8b,0a704772-73cd-4f27-87ba-4a56f04875b7,2025-12-02,
64e02bfd-6e45-40ae-85b2-1545ac508817,06bbfb42-d6b5-4963-bd07-1b64d4638e8b,b534da7f-c9ef-4414-b702-05b60083b8a3,2025-12-02,
73318aa0-71e8-4fed-a70b-fd381b58906d,adce69e7-c2bc-4a83-bf06-55d12f62e559,50670627-6342-4123-ae50-5796ca7892bc,2025-12-02,
813edc9d-1b0d-4d48-8e80-54f049ce4de5,adce69e7-c2bc-4a83-bf06-55d12f62e559,b534da7f-c9ef-4414-b702-05b60083b8a3,2025-12-02,
bc265bf4-4c9c-4a30-a50d-6e6c4541fe88,cbb4b137-e023-4bdf-b7c8-2b2f2f960b18,50670627-6342-4123-ae50-5796ca7892bc,2025-12-02,
fac06367-a987-4121-b1cb-f977dff362f6,cbb4b137-e023-4bdf-b7c8-2b2f2f960b18,b534da7f-c9ef-4414-b702-05b60083b8a3,2025-12-02,
36fabe88-de9c-4d89-92ca-f63246fa0e6a,9d48b1ff-c39d-44ba-b869-09ab13721641,b534da7f-c9ef-4414-b702-05b60083b8a3,2025-12-02,
46e68dba-f37a-4497-bdbf-f68d8ed85f8b,9d48b1ff-c39d-44ba-b869-09ab13721641,0a704772-73cd-4f27-87ba-4a56f04875b7,2025-12-02,
3c4f7fe6-12c9-42fb-918f-0117ab20c513,adb75059-2a94-4eb1-99d9-3b605895f2de,50670627-6342-4123-ae50-5796ca7892bc,2025-12-02,
d33e4582-554f-4d64-a47a-a1d8e6453187,adb75059-2a94-4eb1-99d9-3b605895f2de,0a704772-73cd-4f27-87ba-4a56f04875b7,2025-12-02,
e908a788-5247-4eb9-9a7c-cbb421a31cbd,1a4f9fd1-161d-4efa-b4d0-1372cfac1b76,b534da7f-c9ef-4414-b702-05b60083b8a3,2025-12-02,
5fd3685d-00cd-4ff5-85e3-0743ed7b9678,1a4f9fd1-161d-4efa-b4d0-1372cfac1b76,0a704772-73cd-4f27-87ba-4a56f04875b7,2025-12-02,
1d5fb495-bd13-4c83-b99b-57a934f8d2bf,8225146d-3d54-4029-a146-9b86a99e2854,b534da7f-c9ef-4414-b702-05b60083b8a3,2025-12-02,
c01c7cda-c211-4625-9443-2e6eb9041671,8225146d-3d54-4029-a146-9b86a99e2854,0a704772-73cd-4f27-87ba-4a56f04875b7,2025-12-02,
0faa1f92-3538-43ea-ad8d-f2b261d0a573,bbf2c68c-d378-4ed2-a5da-8b8a72f6ed6f,0a704772-73cd-4f27-87ba-4a56f04875b7,2025-12-02,
8da8830b-e722-4d46-8b13-3d1e62b746f2,bbf2c68c-d378-4ed2-a5da-8b8a72f6ed6f,0728281a-5c53-40d0-b4a1-d717888ddaf1,2025-12-02,
0b2adb16-cb75-4941-926a-2fcaad17f78e,fe140029-d234-4dee-a4b8-7a07ee51e8dc,b534da7f-c9ef-4414-b702-05b60083b8a3,2025-12-02,
3b1e4040-fb38-46fa-8582-75573326fe94,fe140029-d234-4dee-a4b8-7a07ee51e8dc,0a704772-73cd-4f27-87ba-4a56f04875b7,2025-12-02,
c451e52a-2eaa-4771-b133-3c4ccd938a0c,ddaf2fc4-5bcc-4347-b662-d66189b857c4,0728281a-5c53-40d0-b4a1-d717888ddaf1,2025-12-02,
a578b29a-412a-40d6-8707-079022610adf,ddaf2fc4-5bcc-4347-b662-d66189b857c4,0a704772-73cd-4f27-87ba-4a56f04875b7,2025-12-02,
824e3c8c-25bc-4b4b-8500-49ba91d4603b,76c35dc5-8232-4ad8-b149-37cc8e67ce70,0a704772-73cd-4f27-87ba-4a56f04875b7,2025-12-02,
7d020923-3ded-45ca-8208-308a0bf3a5f1,76c35dc5-8232-4ad8-b149-37cc8e67ce70,0728281a-5c53-40d0-b4a1-d717888ddaf1,2025-12-02,
cdc4f407-44a4-4528-87c3-1009226acc25,e806d472-c097-4f05-b562-72a639908783,50670627-6342-4123-ae50-5796ca7892bc,2025-12-02,
f8bb2e95-77c8-4d48-a49c-d819253cdb1e,e806d472-c097-4f05-b562-72a639908783,b534da7f-c9ef-4414-b702-05b60083b8a3,2025-12-02,
cf325832-5649-43c1-b300-66914eb2c4ce,1e780af5-e94c-4b3a-9b2e-6cd2f6d7aa55,b534da7f-c9ef-4414-b702-05b60083b8a3,2025-12-02,
4cc7f57c-aefa-4f85-a927-5ff2c1baa157,1e780af5-e94c-4b3a-9b2e-6cd2f6d7aa55,50670627-6342-4123-ae50-5796ca7892bc,2025-12-02,
2d520e5d-25e4-430b-ac51-439b6abf4edb,8da6df1b-c330-4a6c-a7b2-5d69f65f1a95,0728281a-5c53-40d0-b4a1-d717888ddaf1,2025-12-02,
26050947-59c2-4efc-b4b3-92be0544d7d4,8da6df1b-c330-4a6c-a7b2-5d69f65f1a95,b534da7f-c9ef-4414-b702-05b60083b8a3,2025-12-02,
ffd736a2-15b6-4fca-acdd-ebe7b02ab1f7,90dc408a-3ac6-48fc-84d5-cc80bdc719f6,0a704772-73cd-4f27-87ba-4a56f04875b7,2025-12-02,
b43f7926-2f45-45e8-a4ec-aaeadc8678de,90dc408a-3ac6-48fc-84d5-cc80bdc719f6,b534da7f-c9ef-4414-b702-05b60083b8a3,2025-12-02,
ea7ba66b-8562-4b1e-8aa3-3fb9e94abd44,b1263436-ff82-4448-932e-db328ec4436a,0a704772-73cd-4f27-87ba-4a56f04875b7,2025-12-02,
81318b4a-7c61-4a4d-a330-1997bde9e8b5,b1263436-ff82-4448-932e-db328ec4436a,0728281a-5c53-40d0-b4a1-d717888ddaf1,2025-12-02,
88fa918e-0c96-4ffe-8c52-500acf369d0e,b7646896-1dcc-43cf-ba2a-9ec02177441f,0728281a-5c53-40d0-b4a1-d717888ddaf1,2025-12-02,
eebb8454-23ee-455c-93b9-1faa7cc16258,b7646896-1dcc-43cf-ba2a-9ec02177441f,b534da7f-c9ef-4414-b702-05b60083b8a3,2025-12-02,
3faeaf2f-871e-48d0-aafd-a71b419037d4,cf886ed4-555d-43bd-9d0b-697bc0756d49,b534da7f-c9ef-4414-b702-05b60083b8a3,2025-12-02,
23243c4e-11c4-475c-9f18-1e23fa2d4212,cf886ed4-555d-43bd-9d0b-697bc0756d49,50670627-6342-4123-ae50-5796ca7892bc,2025-12-02,
d050acb7-cc07-42b7-8083-1c63595626fd,63ee15f0-fb20-4921-90ac-f52dd693a7ff,0a704772-73cd-4f27-87ba-4a56f04875b7,2025-12-02,
82c84748-2cfd-414b-aae6-0ff6db7cbef0,63ee15f0-fb20-4921-90ac-f52dd693a7ff,b534da7f-c9ef-4414-b702-05b60083b8a3,2025-12-02,
45f6a9ca-ae08-42a0-8a19-7101a6ae562e,ea79204a-7cf7-4e36-893c-bad5f17b0dfc,0728281a-5c53-40d0-b4a1-d717888ddaf1,2025-12-02,
b02b60b4-0a1b-41bd-81fb-2de607495830,ea79204a-7cf7-4e36-893c-bad5f17b0dfc,50670627-6342-4123-ae50-5796ca7892bc,2025-12-02,
d172e5b1-0cce-4960-980d-ba0135241c0a,2a0c0aa2-5e44-4f0f-8cb2-5068c164c321,b534da7f-c9ef-4414-b702-05b60083b8a3,2025-12-02,
250a7f73-b689-4cfd-a622-28ec754c4e05,2a0c0aa2-5e44-4f0f-8cb2-5068c164c321,50670627-6342-4123-ae50-5796ca7892bc,2025-12-02,
7a643283-9256-4eb1-b623-70ddc18160a6,f80ecc25-9de1-4a22-ae70-b282bee4db6a,0a704772-73cd-4f27-87ba-4a56f04875b7,2025-12-02,
69c8a1e2-90d1-4f5d-b17f-a38c402ca66e,f80ecc25-9de1-4a22-ae70-b282bee4db6a,b534da7f-c9ef-4414-b702-05b60083b8a3,2025-12-02,
92c3c0ad-9b31-4ec8-bf08-b131be5d5473,ddd02a53-865b-4b98-a799-07393233effb,0a704772-73cd-4f27-87ba-4a56f04875b7,2025-12-02,
e1e6f724-7779-4d5d-aaef-bd8f805de35c,ddd02a53-865b-4b98-a799-07393233effb,0728281a-5c53-40d0-b4a1-d717888ddaf1,2025-12-02,
6addd0ed-520c-4f69-a549-a114bab2f35f,94bf051f-5b6d-480d-a87d-30aeaf76f9d4,b534da7f-c9ef-4414-b702-05b60083b8a3,2025-12-02,
100195ec-6628-48d0-aec1-b788a731d89b,94bf051f-5b6d-480d-a87d-30aeaf76f9d4,0a704772-73cd-4f27-87ba-4a56f04875b7,2025-12-02,
31417532-e904-4088-8f5f-514fda8bcaaf,00940fb4-d687-46b4-918e-ba1f17e4c7c6,b534da7f-c9ef-4414-b702-05b60083b8a3,2025-12-02,
830d0770-5682-405d-927e-a97cdf289d58,00940fb4-d687-46b4-918e-ba1f17e4c7c6,50670627-6342-4123-ae50-5796ca7892bc,2025-12-02,
123179d6-d4f3-43f9-9605-f33c76aee38d,b1bbb4fb-41c6-427a-8bca-568c8906ac7b,b534da7f-c9ef-4414-b702-05b60083b8a3,2025-12-02,
5cc8eca6-b7e5-429a-871c-0033a6f9e453,b1bbb4fb-41c6-427a-8bca-568c8906ac7b,0728281a-5c53-40d0-b4a1-d717888ddaf1,2025-12-02,
0210ec21-5340-45d5-bdbe-3ee7b8fe197e,4d9bd7a8-697a-4e38-b547-507c08d27b43,0728281a-5c53-40d0-b4a1-d717888ddaf1,2025-12-02,
ca23fddd-e9c0-4fed-b086-1e466048074f,4d9bd7a8-697a-4e38-b547-507c08d27b43,b534da7f-c9ef-4414-b702-05b60083b8a3,2025-12-02,
78581f89-f421-4416-925e-573919ad211e,6021d91d-9e00-49c3-a9b6-242189ae1836,0728281a-5c53-40d0-b4a1-d717888ddaf1,2025-12-02,
c7a17900-1da9-4802-8b97-a7be209b719a,6021d91d-9e00-49c3-a9b6-242189ae1836,0a704772-73cd-4f27-87ba-4a56f04875b7,2025-12-02,
2d077afd-329f-4a59-be0f-1bfc0b0ae76d,4e23dc8b-4f0e-4fcd-b87b-a7fa8b274727,0728281a-5c53-40d0-b4a1-d717888ddaf1,2025-12-02,
0cd9ef08-f5c1-47a3-9dbf-1f80c2434900,4e23dc8b-4f0e-4fcd-b87b-a7fa8b274727,0a704772-73cd-4f27-87ba-4a56f04875b7,2025-12-02,
ab929968-7283-4a1c-9323-f58e1ab62a7f,80d8fcae-09c2-4a1c-b5bb-325549bc85b7,50670627-6342-4123-ae50-5796ca7892bc,2025-12-02,
8b1dc77a-fc02-4e22-ad6c-c0a8a98511ea,80d8fcae-09c2-4a1c-b5bb-325549bc85b7,b534da7f-c9ef-4414-b702-05b60083b8a3,2025-12-02,
8e95651e-616a-4c72-a34e-4a2b463dd5d5,e9e21940-db55-4c50-964a-e53c0084ffe6,50670627-6342-4123-ae50-5796ca7892bc,2025-12-02,
6d1905d3-35bf-4eb8-a75a-4fa82eff2ce4,e9e21940-db55-4c50-964a-e53c0084ffe6,b534da7f-c9ef-4414-b702-05b60083b8a3,2025-12-02,
6ca03e2e-e4f0-4f56-b9d3-ea7273d97931,ec2f3c4b-358c-4fde-bfda-2d76c9e465fe,50670627-6342-4123-ae50-5796ca7892bc,2025-12-02,
fa030fd3-4e78-4b64-8376-c85fe18ba7be,ec2f3c4b-358c-4fde-bfda-2d76c9e465fe,0728281a-5c53-40d0-b4a1-d717888ddaf1,2025-12-02,
a251ec74-ecb7-47b5-805d-67410d36dece,ccc151f3-5c99-42c6-9bb7-e9e225592e33,0a704772-73cd-4f27-87ba-4a56f04875b7,2025-12-02,
ac73a399-be35-456f-a540-66dc3df8dde5,ccc151f3-5c99-42c6-9bb7-e9e225592e33,0728281a-5c53-40d0-b4a1-d717888ddaf1,2025-12-02,
24674fde-1bb8-494c-aba3-67745fbedf8e,76d6b9c7-7b03-4c94-8827-e33c2626288c,0728281a-5c53-40d0-b4a1-d717888ddaf1,2025-12-02,
9e522fce-fd2c-4b6b-9877-34404e124235,76d6b9c7-7b03-4c94-8827-e33c2626288c,50670627-6342-4123-ae50-5796ca7892bc,2025-12-02,
cf2110d7-2eb9-4386-be5f-b9f860723e07,4badf759-93dd-4818-9a4c-17d4e15602c3,0728281a-5c53-40d0-b4a1-d717888ddaf1,2025-12-02,
1f6943c5-8855-488d-9ce3-5ae7c438af43,4badf759-93dd-4818-9a4c-17d4e15602c3,b534da7f-c9ef-4414-b702-05b60083b8a3,2025-12-02,
bd314115-38a1-452f-b557-886e7c93a9e8,953faa8a-fd38-4f45-81bb-f78dd5af28c0,0a704772-73cd-4f27-87ba-4a56f04875b7,2025-12-02,
b8db4bfe-4d61-4227-883e-114832bb5ffe,953faa8a-fd38-4f45-81bb-f78dd5af28c0,0728281a-5c53-40d0-b4a1-d717888ddaf1,2025-12-02,
a3896bc6-79d1-4bd7-a3b3-6702000f3ad8,09ca3519-bd1b-4668-aa10-cfea4e7f597e,0a704772-73cd-4f27-87ba-4a56f04875b7,2025-12-02,
b540b14a-96e5-4888-b64a-04d7a0367a84,09ca3519-bd1b-4668-aa10-cfea4e7f597e,b534da7f-c9ef-4414-b702-05b60083b8a3,2025-12-02,
1feaea79-ac54-4bf4-af80-620f09bc9b44,e75d14c3-4948-4a6e-b6bb-2321bc562fdc,50670627-6342-4123-ae50-5796ca7892bc,2025-12-02,
192b0142-9d45-4cb8-a255-81579de73549,e75d14c3-4948-4a6e-b6bb-2321bc562fdc,0a704772-73cd-4f27-87ba-4a56f04875b7,2025-12-02,
57ec7d8d-44f5-4de6-ae24-ccb5608f0854,9b243ab3-78f8-40d5-9262-bbd4a986eade,0728281a-5c53-40d0-b4a1-d717888ddaf1,2025-12-02,
c047c903-eb58-4825-85e9-7d425338e579,9b243ab3-78f8-40d5-9262-bbd4a986eade,0a704772-73cd-4f27-87ba-4a56f04875b7,2025-12-02,
c8d98ce4-9299-4e34-899a-bd14bf20e686,ce59703d-535b-4110-9825-0c03a73cf50a,50670627-6342-4123-ae50-5796ca7892bc,2025-12-02,
a1f003c3-5fc4-4601-bd30-1758cf62b912,ce59703d-535b-4110-9825-0c03a73cf50a,0728281a-5c53-40d0-b4a1-d717888ddaf1,2025-12-02,
dfbaa676-162d-46ad-8421-de471d130127,f8c3f60b-0431-4a16-b39a-ae691de4eefc,b534da7f-c9ef-4414-b702-05b60083b8a3,2025-12-02,
0ab9d3fd-d523-4f0e-a379-3326d106b3c1,f8c3f60b-0431-4a16-b39a-ae691de4eefc,0728281a-5c53-40d0-b4a1-d717888ddaf1,2025-12-02,
5d425131-1107-4331-9a02-8810d051fb46,de21631b-4947-4124-9a3b-02646fca8661,b534da7f-c9ef-4414-b702-05b60083b8a3,2025-12-02,
4cdddf08-9cbe-46e4-bd3b-e02bb295f57e,de21631b-4947-4124-9a3b-02646fca8661,0a704772-73cd-4f27-87ba-4a56f04875b7,2025-12-02,
0b139c6b-3e03-444d-a921-c3527a8c328b,9fe746ab-356a-4a14-9d49-d91cb42a9f53,0a704772-73cd-4f27-87ba-4a56f04875b7,2025-12-02,
87a7d31c-ef08-4cbb-8069-f7fc146929bb,9fe746ab-356a-4a14-9d49-d91cb42a9f53,b534da7f-c9ef-4414-b702-05b60083b8a3,2025-12-02,
a3c07c6f-8b5c-4645-b693-fd2ac2d24101,9517b1de-c640-4acd-a09f-9b9d936f8a71,50670627-6342-4123-ae50-5796ca7892bc,2025-12-02,
aa3b4818-0bb9-478b-b824-52a0332db506,9517b1de-c640-4acd-a09f-9b9d936f8a71,0a704772-73cd-4f27-87ba-4a56f04875b7,2025-12-02,
f128eaeb-3b3d-47a9-ae3e-a20623f8a70f,a3d5448f-1632-493f-9b81-e31a11873baa,0728281a-5c53-40d0-b4a1-d717888ddaf1,2025-12-02,
0dd59e59-9542-4cf0-a4f0-2904c13f494e,a3d5448f-1632-493f-9b81-e31a11873baa,50670627-6342-4123-ae50-5796ca7892bc,2025-12-02,
32eab872-e0e2-462c-a37b-5d6c838d1bf5,63bc9443-1f7a-4356-91fd-4c7cf650c940,0728281a-5c53-40d0-b4a1-d717888ddaf1,2025-12-02,
71a03ce5-1870-41a8-8ddf-44da178fb5f3,63bc9443-1f7a-4356-91fd-4c7cf650c940,b534da7f-c9ef-4414-b702-05b60083b8a3,2025-12-02,
9ac3d26f-332b-4c0e-a7b0-1acbeec76053,bf2f487a-42ab-4b3f-a33b-f5f2bf84c9a6,b534da7f-c9ef-4414-b702-05b60083b8a3,2025-12-02,
2ab1d8d1-c80e-4812-a43b-75d115605118,bf2f487a-42ab-4b3f-a33b-f5f2bf84c9a6,50670627-6342-4123-ae50-5796ca7892bc,2025-12-02,
750b2642-d213-4369-8904-bb41785ed0a3,971c5522-7e75-471d-bc24-e9459867fb3c,50670627-6342-4123-ae50-5796ca7892bc,2025-12-02,
6a32e213-2ce2-4504-957c-8a3f0434eb51,971c5522-7e75-471d-bc24-e9459867fb3c,b534da7f-c9ef-4414-b702-05b60083b8a3,2025-12-02,
c2b6f096-4d39-4579-b3f2-dc7ee25486a7,62398629-b5fc-4b68-8cd5-1fcb535170a0,0728281a-5c53-40d0-b4a1-d717888ddaf1,2025-12-02,
0a5da737-1b71-4a72-9fe1-4cf45409215b,62398629-b5fc-4b68-8cd5-1fcb535170a0,0a704772-73cd-4f27-87ba-4a56f04875b7,2025-12-02,
b7dc8987-8ace-445d-bd4f-a46e7b9b3d38,0e1d30ee-ff42-4f6a-b296-0957473270db,0a704772-73cd-4f27-87ba-4a56f04875b7,2025-12-02,
d2ad158e-d034-483d-ac53-df632e0306dc,0e1d30ee-ff42-4f6a-b296-0957473270db,b534da7f-c9ef-4414-b702-05b60083b8a3,2025-12-02,
027eada9-36a9-4e09-a446-2ba047be001a,32f5c78f-34b3-4b96-8a9f-2ef12df817ff,0a704772-73cd-4f27-87ba-4a56f04875b7,2025-12-02,
4b7e14a2-0820-4785-9d7f-2d6fbbc83817,32f5c78f-34b3-4b96-8a9f-2ef12df817ff,b534da7f-c9ef-4414-b702-05b60083b8a3,2025-12-02,
a032c62f-4289-4090-86e7-2183dde801cf,c9a8c166-23e2-4f98-a83d-e9b76f6ecf02,50670627-6342-4123-ae50-5796ca7892bc,2025-12-02,
61b9f566-0600-4294-91a4-567db1cb62bf,c9a8c166-23e2-4f98-a83d-e9b76f6ecf02,b534da7f-c9ef-4414-b702-05b60083b8a3,2025-12-02,
9f10c5a2-58b1-4f83-bc0a-d583b5d95836,d57963b2-1c46-4506-abf7-060b82a28d2f,0728281a-5c53-40d0-b4a1-d717888ddaf1,2025-12-02,
19df6a3c-673a-457b-822d-2aca747c50a3,d57963b2-1c46-4506-abf7-060b82a28d2f,50670627-6342-4123-ae50-5796ca7892bc,2025-12-02,
57734c70-c784-462e-a106-ff09288ba8ea,354591e5-ed67-4d86-b2f9-6bec92f28586,0728281a-5c53-40d0-b4a1-d717888ddaf1,2025-12-02,
105719f8-0a7c-4c40-bd48-a8c3d4b998d8,354591e5-ed67-4d86-b2f9-6bec92f28586,50670627-6342-4123-ae50-5796ca7892bc,2025-12-02,
29fb44bc-d372-4d6d-a481-d8b7aa29a1da,7dacc0f3-be87-47d6-9082-c24f6aaa5c30,0a704772-73cd-4f27-87ba-4a56f04875b7,2025-12-02,
9b0ea818-447b-4bba-9566-0428857500a5,7dacc0f3-be87-47d6-9082-c24f6aaa5c30,b534da7f-c9ef-4414-b702-05b60083b8a3,2025-12-02,
dee2a1c4-3263-4aeb-83f6-655cb278f066,ed9d69f5-60d8-47b1-8879-33c6fc1e0aca,0a704772-73cd-4f27-87ba-4a56f04875b7,2025-12-02,
24c28d35-96d6-439f-84ff-4061af02c3e4,ed9d69f5-60d8-47b1-8879-33c6fc1e0aca,0728281a-5c53-40d0-b4a1-d717888ddaf1,2025-12-02,
ffe6fe4e-1067-44de-9b19-9590cd617a9e,03e883f2-4c33-470e-adea-e18cfefe3e5a,0a704772-73cd-4f27-87ba-4a56f04875b7,2025-12-02,
b16ff7f4-3244-41dc-bdd1-fa4dfb69de52,03e883f2-4c33-470e-adea-e18cfefe3e5a,50670627-6342-4123-ae50-5796ca7892bc,2025-12-02,
68f30890-3cb5-42a7-807d-2bef1258ec3c,caf03a53-173c-448b-a6c6-8875c803421b,50670627-6342-4123-ae50-5796ca7892bc,2025-12-02,
68d1d111-7721-44a6-8737-1d16354f04ad,caf03a53-173c-448b-a6c6-8875c803421b,0a704772-73cd-4f27-87ba-4a56f04875b7,2025-12-02,
1884e5c2-2c81-4f4a-86dd-0d6585b72938,713100c3-33ab-48da-8098-a3212ae20777,b534da7f-c9ef-4414-b702-05b60083b8a3,2025-12-02,
5abd7087-b648-48bb-844c-245f9a9ca4e7,713100c3-33ab-48da-8098-a3212ae20777,0728281a-5c53-40d0-b4a1-d717888ddaf1,2025-12-02,
f31700fd-0697-48a1-8499-5bf248d9647f,67f61110-855f-4d29-8a0b-4bd9ccb7750e,0a704772-73cd-4f27-87ba-4a56f04875b7,2025-12-02,
91c74bca-6434-4d56-ba6b-e3e8fa381dc4,67f61110-855f-4d29-8a0b-4bd9ccb7750e,50670627-6342-4123-ae50-5796ca7892bc,2025-12-02,
b7d0629c-bc7e-4a57-9e32-00ea1d3be2df,6a22abef-da5c-48a4-a986-abebf1f831bd,50670627-6342-4123-ae50-5796ca7892bc,2025-12-02,
02f77438-3f80-42af-ad0f-35856fe05eef,6a22abef-da5c-48a4-a986-abebf1f831bd,b534da7f-c9ef-4414-b702-05b60083b8a3,2025-12-02,
728ee046-366b-4514-832d-9eeef718b882,0462374c-6527-4941-b220-8bccfa2e38a8,0728281a-5c53-40d0-b4a1-d717888ddaf1,2025-12-02,
68acd18d-3159-4e35-a92b-66e6b101fc21,0462374c-6527-4941-b220-8bccfa2e38a8,50670627-6342-4123-ae50-5796ca7892bc,2025-12-02,
230bdc58-a499-4116-9716-9004e7efb824,b764cea1-86d5-467f-af4f-d0c95f65deab,b534da7f-c9ef-4414-b702-05b60083b8a3,2025-12-02,
ec749c62-fd6d-40b9-affb-62e24f0ab351,b764cea1-86d5-467f-af4f-d0c95f65deab,50670627-6342-4123-ae50-5796ca7892bc,2025-12-02,
34dde887-9aa3-41b4-8223-ccacee48b275,bf8aa4cc-14f7-4240-991e-bc534987b405,0a704772-73cd-4f27-87ba-4a56f04875b7,2025-12-02,
0873b4fd-6a24-4d75-8031-d06f781f0f88,bf8aa4cc-14f7-4240-991e-bc534987b405,b534da7f-c9ef-4414-b702-05b60083b8a3,2025-12-02,
bc9141d4-708a-47a1-ba5e-235f53f1761c,8ea230f0-2698-44e2-bc05-89b2305f443d,b534da7f-c9ef-4414-b702-05b60083b8a3,2025-12-02,
e8eb13f1-b73e-4677-9d25-7a30ffced8b9,8ea230f0-2698-44e2-bc05-89b2305f443d,0a704772-73cd-4f27-87ba-4a56f04875b7,2025-12-02,
52200113-230a-4ccb-b85b-30e400eeade3,03c70456-6541-4067-aa0f-361605b869c8,b534da7f-c9ef-4414-b702-05b60083b8a3,2025-12-02,
3dddaa4e-d24b-43bf-81eb-c3070fe77f7b,03c70456-6541-4067-aa0f-361605b869c8,0728281a-5c53-40d0-b4a1-d717888ddaf1,2025-12-02,
f82eca90-b5ca-416a-88ab-a313a42434b7,0ddc30b6-a072-4716-a517-c577062f75ee,50670627-6342-4123-ae50-5796ca7892bc,2025-12-02,
b8621627-0f32-453e-8976-173c3d5687a6,0ddc30b6-a072-4716-a517-c577062f75ee,0a704772-73cd-4f27-87ba-4a56f04875b7,2025-12-02,
8b7d33e4-a858-47db-b4d5-3f63a51352c4,d3a79eac-a482-44dd-b7a2-71432a23e272,0a704772-73cd-4f27-87ba-4a56f04875b7,2025-12-02,
5a2234b9-5f27-435b-a495-6a5b7b5b8680,d3a79eac-a482-44dd-b7a2-71432a23e272,b534da7f-c9ef-4414-b702-05b60083b8a3,2025-12-02,
6ae20425-52a8-4da7-82cb-922a03c202eb,bc1096c0-d9ea-445a-8021-3a6a188e694a,b534da7f-c9ef-4414-b702-05b60083b8a3,2025-12-02,
7e07d28a-b125-4a05-a4f7-313d965f05ae,bc1096c0-d9ea-445a-8021-3a6a188e694a,0a704772-73cd-4f27-87ba-4a56f04875b7,2025-12-02,
6c954820-ae61-40c7-8c5c-564eeddce488,b1eb2602-103e-4aff-a82a-80ad279f3d29,0728281a-5c53-40d0-b4a1-d717888ddaf1,2025-12-02,
38feac7b-9f5c-4440-85bb-ca379ac42f75,b1eb2602-103e-4aff-a82a-80ad279f3d29,b534da7f-c9ef-4414-b702-05b60083b8a3,2025-12-02,
6b4b2f8b-cb18-42fc-bf06-17ab3675f079,63c0d01f-ff51-4678-b295-d83b266c66cb,0728281a-5c53-40d0-b4a1-d717888ddaf1,2025-12-02,
461477fc-1653-41dd-9f3a-1278f1b81595,63c0d01f-ff51-4678-b295-d83b266c66cb,0a704772-73cd-4f27-87ba-4a56f04875b7,2025-12-02,
5af4912b-6319-478e-9d9f-fb40c732daf0,3b6fd718-d063-4e30-a179-70745da4283b,0a704772-73cd-4f27-87ba-4a56f04875b7,2025-12-02,
b49fd992-e2fe-4e6b-bf26-4f507c10fff2,3b6fd718-d063-4e30-a179-70745da4283b,50670627-6342-4123-ae50-5796ca7892bc,2025-12-02,
b4cc30a2-d47c-4994-8421-15e30b01e812,246083f8-477d-4426-9358-e40f0a168fb8,0728281a-5c53-40d0-b4a1-d717888ddaf1,2025-12-02,
41d7d4f9-1d38-4d83-8ea4-a1dcbef44522,246083f8-477d-4426-9358-e40f0a168fb8,0a704772-73cd-4f27-87ba-4a56f04875b7,2025-12-02,
4c970a9c-f0bb-465b-af4b-d26d0bf81030,07bf2d94-e13c-4bcf-b694-e1a3752288eb,0728281a-5c53-40d0-b4a1-d717888ddaf1,2025-12-02,
cd626031-97d6-4312-80c5-89655e1b524e,07bf2d94-e13c-4bcf-b694-e1a3752288eb,50670627-6342-4123-ae50-5796ca7892bc,2025-12-02,
8acfc84e-3666-47af-8ba9-d4596aaeb316,9a5fdae0-452a-4e69-9e1b-8d1d338f9523,0728281a-5c53-40d0-b4a1-d717888ddaf1,2025-12-02,
c0629f39-8f72-465e-97ec-de6007a5a5e1,9a5fdae0-452a-4e69-9e1b-8d1d338f9523,0a704772-73cd-4f27-87ba-4a56f04875b7,2025-12-02,
4f98b3a7-3461-4b46-9bc3-7a49066b682c,40b60fd1-c5cb-40cd-9760-6f08400e4270,0a704772-73cd-4f27-87ba-4a56f04875b7,2025-12-02,
4fa32bdc-649d-4b67-8af6-1117e7bda604,40b60fd1-c5cb-40cd-9760-6f08400e4270,b534da7f-c9ef-4414-b702-05b60083b8a3,2025-12-02,
bf4bc629-0e18-4ad9-93dc-79d7d30130d1,615261be-c5c1-4a1f-9074-22937a6da384,0728281a-5c53-40d0-b4a1-d717888ddaf1,2025-12-02,
712826b2-455e-4c0b-bc2e-73daf5cf1ade,615261be-c5c1-4a1f-9074-22937a6da384,0a704772-73cd-4f27-87ba-4a56f04875b7,2025-12-02,
8e07c345-6a49-4d46-bde4-74cec81ad7fb,93c92bc8-b8db-4fdc-ac23-6a72dd033b80,50670627-6342-4123-ae50-5796ca7892bc,2025-12-02,
d99d3615-2e06-464f-9219-9a25ad567b1a,93c92bc8-b8db-4fdc-ac23-6a72dd033b80,0728281a-5c53-40d0-b4a1-d717888ddaf1,2025-12-02,
5bdf98fe-1745-4fb1-a41f-1c3fcacbbb3c,fe38d2d1-708f-4caf-8c53-887ac8538a39,50670627-6342-4123-ae50-5796ca7892bc,2025-12-02,
1c9d4239-88be-4710-b3b2-dc970c2bcd25,fe38d2d1-708f-4caf-8c53-887ac8538a39,0728281a-5c53-40d0-b4a1-d717888ddaf1,2025-12-02,
e66fc002-3d3d-435a-b4e4-f4466b443d38,b79721bb-d140-44cd-a035-e71e8980eab4,50670627-6342-4123-ae50-5796ca7892bc,2025-12-02,
6166b5e7-6f23-4169-970d-fdcec6d8dff9,b79721bb-d140-44cd-a035-e71e8980eab4,b534da7f-c9ef-4414-b702-05b60083b8a3,2025-12-02,
d4e9d576-cb3d-425c-91d5-ab8c6834064d,62668c72-cc71-4036-a5ff-e151db80c59b,0a704772-73cd-4f27-87ba-4a56f04875b7,2025-12-02,
763bf4b0-8e63-4de0-95c6-fab75ed0e001,62668c72-cc71-4036-a5ff-e151db80c59b,b534da7f-c9ef-4414-b702-05b60083b8a3,2025-12-02,
940ac33b-acc0-4174-9180-b1c4449dc60c,09b51b06-2436-4e4f-8a3a-e91fa53faf4e,0728281a-5c53-40d0-b4a1-d717888ddaf1,2025-12-02,
b1679d20-9aac-4c1d-acdf-2c8249efab98,09b51b06-2436-4e4f-8a3a-e91fa53faf4e,50670627-6342-4123-ae50-5796ca7892bc,2025-12-02,
91f1a41e-2b8d-45fa-aa69-5fe13e7c4f67,a6e994ce-46bd-4c1a-8260-43a42366d72c,b534da7f-c9ef-4414-b702-05b60083b8a3,2025-12-02,
501e55e2-da2c-4e72-8f8a-6b006b095a32,a6e994ce-46bd-4c1a-8260-43a42366d72c,50670627-6342-4123-ae50-5796ca7892bc,2025-12-02,
6461a412-33a8-494b-a99b-650d373fc8d1,4a9028f0-06ec-423a-8b2b-555c007eb319,b534da7f-c9ef-4414-b702-05b60083b8a3,2025-12-02,
f71f7308-bbca-4a6b-9b17-1f0924aa8909,4a9028f0-06ec-423a-8b2b-555c007eb319,50670627-6342-4123-ae50-5796ca7892bc,2025-12-02,
371cbc51-7bdb-420a-9764-4836cad331d3,cc8bc5bb-0895-4fe4-b97f-7b404a1560a4,b534da7f-c9ef-4414-b702-05b60083b8a3,2025-12-02,
d883f6c2-84d9-41e6-b080-e1da413e4fdb,cc8bc5bb-0895-4fe4-b97f-7b404a1560a4,0a704772-73cd-4f27-87ba-4a56f04875b7,2025-12-02,
d544a208-f14a-40ea-b1c0-54ec22495349,18936279-3371-4641-8244-d641600a9aee,b534da7f-c9ef-4414-b702-05b60083b8a3,2025-12-02,
5958a18a-8c05-4f7e-9839-bf37ef0e1d3a,18936279-3371-4641-8244-d641600a9aee,0a704772-73cd-4f27-87ba-4a56f04875b7,2025-12-02,
a36aecbc-b826-4b62-bb37-d2778787b8da,40323b47-6f8a-4d81-9165-3f8705fbe61b,0728281a-5c53-40d0-b4a1-d717888ddaf1,2025-12-02,
4c119ba7-6641-4bcb-b91a-5ad3070f8a8b,40323b47-6f8a-4d81-9165-3f8705fbe61b,50670627-6342-4123-ae50-5796ca7892bc,2025-12-02,
f3c3f896-ebe3-4b45-9657-11e0a0b64b69,ce8cf7d4-0474-411f-8887-7283c4efd9c6,0728281a-5c53-40d0-b4a1-d717888ddaf1,2025-12-02,
5a61e866-9b29-4ec2-a867-d37e512a2501,ce8cf7d4-0474-411f-8887-7283c4efd9c6,0a704772-73cd-4f27-87ba-4a56f04875b7,2025-12-02,
719b619d-f571-424f-89f9-8908808bb75f,b7984fa5-582d-4b8c-874a-aa0a941ec6d5,0a704772-73cd-4f27-87ba-4a56f04875b7,2025-12-02,
b8def88d-2b8e-4917-b2e7-6ed8da6a3e31,b7984fa5-582d-4b8c-874a-aa0a941ec6d5,50670627-6342-4123-ae50-5796ca7892bc,2025-12-02,
0f8d5f59-7e7a-4e71-8e86-7dabe9b3e86f,d585b3f4-8ae8-407a-918c-c3713a80479f,50670627-6342-4123-ae50-5796ca7892bc,2025-12-02,
c8b7a604-1a30-4945-a321-0c9886a7ce88,d585b3f4-8ae8-407a-918c-c3713a80479f,b534da7f-c9ef-4414-b702-05b60083b8a3,2025-12-02,
f12317b5-85f7-4ca8-a9e9-bd532bce556a,c23974c4-3958-4c45-959a-f4d5163df99e,97383948-df6b-4370-b87c-787ebdc5ca24,2025-12-02,
6471f853-9db1-4695-91aa-67bb7d4ac32a,c23974c4-3958-4c45-959a-f4d5163df99e,49031cc3-80ce-466b-8b8e-3f34a21d7d23,2025-12-02,
8f1877ed-0501-4119-a4be-0a8342aea4f6,82d5cc83-30b9-4fab-8480-e9019e34499f,49031cc3-80ce-466b-8b8e-3f34a21d7d23,2025-12-02,
399acee8-91f9-4bc5-98b8-5656e4fe9a26,82d5cc83-30b9-4fab-8480-e9019e34499f,47560c3d-119c-468e-a28f-338c6ff2fe6e,2025-12-02,
172df0bc-9c70-4c37-a877-df17df1f4c7e,498b503c-69b3-49a8-bd73-cae1e11bfeb7,47560c3d-119c-468e-a28f-338c6ff2fe6e,2025-12-02,
5bd34859-eb2d-432c-9dee-c1de7970f468,498b503c-69b3-49a8-bd73-cae1e11bfeb7,49031cc3-80ce-466b-8b8e-3f34a21d7d23,2025-12-02,
7fee7f0a-66c2-42a9-96f2-1a03c764c6ab,32d3674a-f486-4b3d-8897-b15fad8c4acd,97383948-df6b-4370-b87c-787ebdc5ca24,2025-12-02,
baf4614a-a542-4ab2-bd8f-8a039a7825de,32d3674a-f486-4b3d-8897-b15fad8c4acd,49031cc3-80ce-466b-8b8e-3f34a21d7d23,2025-12-02,
4dcb39f8-a277-4f4d-9db4-18bac28fb0f0,27dc46a6-0317-4e06-b86a-06f57d41e835,47560c3d-119c-468e-a28f-338c6ff2fe6e,2025-12-02,
9bfb4005-64fb-43e4-9084-bfcc4fc0c564,27dc46a6-0317-4e06-b86a-06f57d41e835,97383948-df6b-4370-b87c-787ebdc5ca24,2025-12-02,
bbcd8ee3-a7f5-42e7-b86d-d164ed455566,c6384a38-811d-4ade-9ccc-0bbf7af2ebca,47560c3d-119c-468e-a28f-338c6ff2fe6e,2025-12-02,
4a5b80da-cdb0-41bd-bf99-f4eb63f36a23,c6384a38-811d-4ade-9ccc-0bbf7af2ebca,49031cc3-80ce-466b-8b8e-3f34a21d7d23,2025-12-02,
fdef8287-a573-4615-a4c2-5d5903b79f4c,29a4fcab-4414-4ed5-95c6-e9f7bfdad29f,86e255b3-add9-4004-8f42-e1f6b1ce3524,2025-12-02,
5a0b2a3a-598a-492f-b868-280b9df158de,29a4fcab-4414-4ed5-95c6-e9f7bfdad29f,97383948-df6b-4370-b87c-787ebdc5ca24,2025-12-02,
3612e758-6c3f-496b-b7c0-a140923c0d59,fa64e9eb-fbcc-46d9-9399-1360224f70a5,86e255b3-add9-4004-8f42-e1f6b1ce3524,2025-12-02,
7042da1d-0b7b-4daa-9473-0356a9e6ff7b,fa64e9eb-fbcc-46d9-9399-1360224f70a5,47560c3d-119c-468e-a28f-338c6ff2fe6e,2025-12-02,
98bfe3c3-a440-4092-b42a-64fbe2101dc1,a7713d8b-e71c-43a1-866e-599109b20500,97383948-df6b-4370-b87c-787ebdc5ca24,2025-12-02,
94a90878-f1e6-4c01-aea3-ed2643d11b11,a7713d8b-e71c-43a1-866e-599109b20500,86e255b3-add9-4004-8f42-e1f6b1ce3524,2025-12-02,
f3a1cf1c-c53b-4bbf-9d94-87bd623f08c0,2e364849-a955-4380-98f3-e292fb9f9ea7,86e255b3-add9-4004-8f42-e1f6b1ce3524,2025-12-02,
835c82fb-1261-4974-92be-85660b7d877d,2e364849-a955-4380-98f3-e292fb9f9ea7,97383948-df6b-4370-b87c-787ebdc5ca24,2025-12-02,
2dfc2b79-aa0a-4168-a1ab-57bfd9e28872,5f8832ab-239c-4f9d-b808-8a8f76c57573,49031cc3-80ce-466b-8b8e-3f34a21d7d23,2025-12-02,
d6d8aff7-ad14-4c4c-ad61-9664340df132,5f8832ab-239c-4f9d-b808-8a8f76c57573,97383948-df6b-4370-b87c-787ebdc5ca24,2025-12-02,
a424a79a-dc6e-4170-9847-56f72af1c3eb,b3021e68-8115-4c09-b933-9feea9235067,97383948-df6b-4370-b87c-787ebdc5ca24,2025-12-02,
3da653e1-4de8-4025-857f-cde531b20016,b3021e68-8115-4c09-b933-9feea9235067,86e255b3-add9-4004-8f42-e1f6b1ce3524,2025-12-02,
82d909c2-d469-4e8a-a357-d4ae45c3be47,bfd2f89c-b66c-4b89-936f-3a1ce4eb999b,49031cc3-80ce-466b-8b8e-3f34a21d7d23,2025-12-02,
387b8fae-9a78-4a31-8827-308f9b1ee29f,bfd2f89c-b66c-4b89-936f-3a1ce4eb999b,97383948-df6b-4370-b87c-787ebdc5ca24,2025-12-02,
7aee0f7b-d281-4561-9526-976ae09a14fa,49b01f1a-1e63-430c-8715-cb4dfbd0ec11,97383948-df6b-4370-b87c-787ebdc5ca24,2025-12-02,
3549d2cb-2639-4945-8a97-c9b63095521d,49b01f1a-1e63-430c-8715-cb4dfbd0ec11,47560c3d-119c-468e-a28f-338c6ff2fe6e,2025-12-02,
cf23a1b7-baed-488a-b3a2-ce743060259a,857a8490-6efc-4e67-a76e-aea99e164f84,86e255b3-add9-4004-8f42-e1f6b1ce3524,2025-12-02,
839fe6a3-4369-4c04-b9bf-2ff10846708c,857a8490-6efc-4e67-a76e-aea99e164f84,97383948-df6b-4370-b87c-787ebdc5ca24,2025-12-02,
947ed8c7-cce7-4d66-9b9a-d0e3da2f2ac7,b67ddae5-f744-4e38-b93f-ff25672f7743,49031cc3-80ce-466b-8b8e-3f34a21d7d23,2025-12-02,
85c4d477-195a-4f43-9dce-2cb3ecbe4034,b67ddae5-f744-4e38-b93f-ff25672f7743,86e255b3-add9-4004-8f42-e1f6b1ce3524,2025-12-02,
de2499aa-f2cb-48e7-bed5-b5e42c86715f,b99043c3-9793-4b00-8770-f4cd44f5ac67,97383948-df6b-4370-b87c-787ebdc5ca24,2025-12-02,
9b1be552-1582-48ad-aa07-c7003ac40551,b99043c3-9793-4b00-8770-f4cd44f5ac67,49031cc3-80ce-466b-8b8e-3f34a21d7d23,2025-12-02,
eeaf4736-818b-4a3e-9ffb-a9dc5b31adb3,a6f7a0f5-38af-47ee-bc15-bd604866db7f,86e255b3-add9-4004-8f42-e1f6b1ce3524,2025-12-02,
aef4819f-4a84-4bd5-ae54-1aec23c62bc6,a6f7a0f5-38af-47ee-bc15-bd604866db7f,49031cc3-80ce-466b-8b8e-3f34a21d7d23,2025-12-02,
057a4776-0947-47fe-9709-0f91672243a2,e0585cac-e56e-4f70-9539-7d01165beadb,49031cc3-80ce-466b-8b8e-3f34a21d7d23,2025-12-02,
8ae9020e-110a-4d57-9b29-f8921a3475c8,e0585cac-e56e-4f70-9539-7d01165beadb,97383948-df6b-4370-b87c-787ebdc5ca24,2025-12-02,
cb9f4361-4c4f-4e12-9600-de0adba1c69f,ef3a6892-0ec5-461e-bfc5-799b0ff7ccd6,49031cc3-80ce-466b-8b8e-3f34a21d7d23,2025-12-02,
4b6647f4-7ade-4c61-8ccc-42d4ce18d0a4,ef3a6892-0ec5-461e-bfc5-799b0ff7ccd6,47560c3d-119c-468e-a28f-338c6ff2fe6e,2025-12-02,
1cfc852a-a91c-4f60-9681-8bf2352cea56,8b83f039-a299-4ce8-b615-a2c38b29a48b,86e255b3-add9-4004-8f42-e1f6b1ce3524,2025-12-02,
89b1de78-2405-464e-962a-f9a1c5879e51,8b83f039-a299-4ce8-b615-a2c38b29a48b,97383948-df6b-4370-b87c-787ebdc5ca24,2025-12-02,
1fcaa9b9-5d96-44d0-90fa-1f87a9bcb07e,1167922c-702e-4176-b443-93f0ce691344,86e255b3-add9-4004-8f42-e1f6b1ce3524,2025-12-02,
b8f5ac78-87c6-4f55-b1f6-ae5903dacec3,1167922c-702e-4176-b443-93f0ce691344,97383948-df6b-4370-b87c-787ebdc5ca24,2025-12-02,
ef7b479f-cd62-4927-a0df-d5bf7538877f,4658197d-e38c-43c5-9bba-fa55aaa929f8,86e255b3-add9-4004-8f42-e1f6b1ce3524,2025-12-02,
d9552d54-6a07-42ce-8d13-c2ec7745b471,4658197d-e38c-43c5-9bba-fa55aaa929f8,47560c3d-119c-468e-a28f-338c6ff2fe6e,2025-12-02,
a73f7c18-5bdf-4564-8fe4-612d9fc1edd0,bec51d17-bf41-40cf-96e9-e98169bd85f2,97383948-df6b-4370-b87c-787ebdc5ca24,2025-12-02,
49e4c06d-f29b-461a-b2f4-3295c5172564,bec51d17-bf41-40cf-96e9-e98169bd85f2,86e255b3-add9-4004-8f42-e1f6b1ce3524,2025-12-02,
20111e81-af95-439b-af81-ec577f0638b8,3aa849f7-41b0-4c54-a338-312f161bf277,47560c3d-119c-468e-a28f-338c6ff2fe6e,2025-12-02,
205da21a-fdfa-4e3a-a044-363187fa461f,3aa849f7-41b0-4c54-a338-312f161bf277,86e255b3-add9-4004-8f42-e1f6b1ce3524,2025-12-02,
5b15f839-1af1-4704-8dbe-c1403117f049,d3108eb4-8eef-4249-8cfe-052d104883ed,49031cc3-80ce-466b-8b8e-3f34a21d7d23,2025-12-02,
4a1aa44f-b4a5-4323-9ccf-6c8b40bac5c4,d3108eb4-8eef-4249-8cfe-052d104883ed,97383948-df6b-4370-b87c-787ebdc5ca24,2025-12-02,
ef920dd7-e20a-421d-bff1-877958dcbae0,54a26a00-0d05-45c3-9ea5-365e2eb98194,86e255b3-add9-4004-8f42-e1f6b1ce3524,2025-12-02,
5f2ca255-c67f-42cc-aa9a-341025ae8d46,54a26a00-0d05-45c3-9ea5-365e2eb98194,49031cc3-80ce-466b-8b8e-3f34a21d7d23,2025-12-02,
f7bea420-6b14-4e03-91fa-5f8dfce2c481,4cf0ffc8-72e3-41e2-bee7-b6299faa1b67,47560c3d-119c-468e-a28f-338c6ff2fe6e,2025-12-02,
15c46db0-463c-4896-8848-4194adb56308,4cf0ffc8-72e3-41e2-bee7-b6299faa1b67,86e255b3-add9-4004-8f42-e1f6b1ce3524,2025-12-02,
48b958b9-98a1-4973-916d-7107af56c492,f24b2bd4-ce76-4b77-b10b-9408d636d559,86e255b3-add9-4004-8f42-e1f6b1ce3524,2025-12-02,
10e73f1f-7fab-417b-b322-f4b015cad0ec,f24b2bd4-ce76-4b77-b10b-9408d636d559,47560c3d-119c-468e-a28f-338c6ff2fe6e,2025-12-02,
e168640b-89f3-45c1-b4a0-f938c08835b7,92ac6ec4-f383-4857-8a9c-985ebe493802,86e255b3-add9-4004-8f42-e1f6b1ce3524,2025-12-02,
49f2489b-2ebe-4b7d-bee2-059f45884f55,92ac6ec4-f383-4857-8a9c-985ebe493802,49031cc3-80ce-466b-8b8e-3f34a21d7d23,2025-12-02,
a67e5610-ed69-49d3-8833-2662d1d4c440,d0f07cb6-6acf-49b9-aa97-e9386f3778fb,97383948-df6b-4370-b87c-787ebdc5ca24,2025-12-02,
0903c237-7f93-4923-bdb2-76032ebe0063,d0f07cb6-6acf-49b9-aa97-e9386f3778fb,47560c3d-119c-468e-a28f-338c6ff2fe6e,2025-12-02,
b85cecfb-fa81-491c-8a3f-be18cc046be0,f41ea448-4587-42d5-a070-27b90b2e7539,97383948-df6b-4370-b87c-787ebdc5ca24,2025-12-02,
a5c397bf-75c9-43e7-9143-1f10d07a5f03,f41ea448-4587-42d5-a070-27b90b2e7539,49031cc3-80ce-466b-8b8e-3f34a21d7d23,2025-12-02,
974fd95f-7208-482f-b3b0-fcbe1c4de659,69df908c-4c1b-45ae-adcd-d4c58d10d6c4,47560c3d-119c-468e-a28f-338c6ff2fe6e,2025-12-02,
a645cdb5-ba00-49f0-8ad3-a46db7a62615,69df908c-4c1b-45ae-adcd-d4c58d10d6c4,97383948-df6b-4370-b87c-787ebdc5ca24,2025-12-02,
d2a97c1b-8fc4-4952-9d86-10154bce2ea6,b68be1f0-383c-4241-ac1d-d603dff923e5,47560c3d-119c-468e-a28f-338c6ff2fe6e,2025-12-02,
cb4bb41f-0d68-4728-a93b-b1a09c84a876,b68be1f0-383c-4241-ac1d-d603dff923e5,86e255b3-add9-4004-8f42-e1f6b1ce3524,2025-12-02,
c7b5f068-2453-4344-9299-da010c6d0833,b0a21bb2-861b-4460-998c-55c69a283015,47560c3d-119c-468e-a28f-338c6ff2fe6e,2025-12-02,
29de5312-1078-4580-9b97-10ddb9fc0397,b0a21bb2-861b-4460-998c-55c69a283015,49031cc3-80ce-466b-8b8e-3f34a21d7d23,2025-12-02,
4ba42a64-0828-4d93-987d-d7d915fcb10a,84bd9b12-8599-40f0-8298-25ea6dd042a4,97383948-df6b-4370-b87c-787ebdc5ca24,2025-12-02,
3d2fb2d7-dc2f-4b5c-a397-2f2747e0b26a,84bd9b12-8599-40f0-8298-25ea6dd042a4,86e255b3-add9-4004-8f42-e1f6b1ce3524,2025-12-02,
29779eab-e069-4423-a45c-e6b91ad2ae93,c83cfe93-b7ec-4482-a1fc-51edea6f7d49,49031cc3-80ce-466b-8b8e-3f34a21d7d23,2025-12-02,
c9a726b3-e36f-40e0-989e-912f5c4508ef,c83cfe93-b7ec-4482-a1fc-51edea6f7d49,97383948-df6b-4370-b87c-787ebdc5ca24,2025-12-02,
61f2c56a-d53d-45c9-807c-41828881b03f,29d8e7bf-1f31-4228-8a23-97b7469722f4,97383948-df6b-4370-b87c-787ebdc5ca24,2025-12-02,
2122ff99-4894-4348-8257-fe34088ff45b,29d8e7bf-1f31-4228-8a23-97b7469722f4,86e255b3-add9-4004-8f42-e1f6b1ce3524,2025-12-02,
eece0e98-25f2-4080-90d2-826d4f6936dc,8da87cee-c880-4669-9b9e-31fd705f254b,97383948-df6b-4370-b87c-787ebdc5ca24,2025-12-02,
d1534b47-a56d-4db5-bb1e-e6d44f9f0a86,8da87cee-c880-4669-9b9e-31fd705f254b,47560c3d-119c-468e-a28f-338c6ff2fe6e,2025-12-02,
b380266c-1f68-4f94-bab3-b2857a484e4c,ecbd474f-c58e-4936-8dd0-59aa28f1c654,49031cc3-80ce-466b-8b8e-3f34a21d7d23,2025-12-02,
a1c06971-b195-4cdd-8c8c-ef96016fea73,ecbd474f-c58e-4936-8dd0-59aa28f1c654,86e255b3-add9-4004-8f42-e1f6b1ce3524,2025-12-02,
68c9a325-2f54-4b9b-8fd9-5a10ab2a75ac,f90a1b93-d8dc-415a-8f7f-24310fa11bba,86e255b3-add9-4004-8f42-e1f6b1ce3524,2025-12-02,
602b9f31-fcf3-4760-be1d-9591fe2bdf1d,f90a1b93-d8dc-415a-8f7f-24310fa11bba,47560c3d-119c-468e-a28f-338c6ff2fe6e,2025-12-02,
9d8c573b-7788-4059-b3dd-ddf2c1c4e6fe,60f7e0e1-6a69-4a41-9f94-d7dde73da6f1,86e255b3-add9-4004-8f42-e1f6b1ce3524,2025-12-02,
4c1c07bf-57ab-474c-aefe-3c1e651badbf,60f7e0e1-6a69-4a41-9f94-d7dde73da6f1,49031cc3-80ce-466b-8b8e-3f34a21d7d23,2025-12-02,
a259ff80-3b97-4103-a066-f916d4d440ac,b962d360-6dd2-4795-8c79-a2e48eb227fb,47560c3d-119c-468e-a28f-338c6ff2fe6e,2025-12-02,
0a188213-bacf-4c3c-ab87-59f0246f80d0,b962d360-6dd2-4795-8c79-a2e48eb227fb,97383948-df6b-4370-b87c-787ebdc5ca24,2025-12-02,
8b3a4c95-3ea0-4a30-88cc-1451ef955941,6fb1d403-acaa-4838-baef-32c60707a143,86e255b3-add9-4004-8f42-e1f6b1ce3524,2025-12-02,
603858b1-7a1b-44ad-a236-5b13304dd331,6fb1d403-acaa-4838-baef-32c60707a143,47560c3d-119c-468e-a28f-338c6ff2fe6e,2025-12-02,
34da75cc-fd9a-4caa-a4da-05792c357efa,9c0c9f61-99ee-4aa6-ad14-10d86e5d4929,86e255b3-add9-4004-8f42-e1f6b1ce3524,2025-12-02,
5ad32aea-8767-4468-957a-4b7beb7228ec,9c0c9f61-99ee-4aa6-ad14-10d86e5d4929,97383948-df6b-4370-b87c-787ebdc5ca24,2025-12-02,
a9005782-2c7f-4942-8764-9a0f97d69ce6,6d50d1f7-5039-4212-a9ec-f74495b253e2,86e255b3-add9-4004-8f42-e1f6b1ce3524,2025-12-02,
6c2c22c5-a88f-4e43-ba1c-d5949483bc84,6d50d1f7-5039-4212-a9ec-f74495b253e2,97383948-df6b-4370-b87c-787ebdc5ca24,2025-12-02,
a84dab14-5622-43dc-ab89-c19fc348ff82,4604414a-2a41-457a-8766-dc3cabb41db8,47560c3d-119c-468e-a28f-338c6ff2fe6e,2025-12-02,
9f25816b-a1b0-4f01-9980-b75f3409054e,4604414a-2a41-457a-8766-dc3cabb41db8,86e255b3-add9-4004-8f42-e1f6b1ce3524,2025-12-02,
8018440d-4c40-42aa-9de1-442fde6dbf34,70fc65f4-cf68-409b-8e8e-4cef58cc58d3,47560c3d-119c-468e-a28f-338c6ff2fe6e,2025-12-02,
26740197-fc51-488c-a648-b6e52ce06f73,70fc65f4-cf68-409b-8e8e-4cef58cc58d3,97383948-df6b-4370-b87c-787ebdc5ca24,2025-12-02,
3b55521d-07ba-4920-adcb-1e21099f63bc,243d369c-203c-4275-afc5-1c3c427223ba,86e255b3-add9-4004-8f42-e1f6b1ce3524,2025-12-02,
c2b7ada9-2cfa-4dad-a50b-4cd985e85215,243d369c-203c-4275-afc5-1c3c427223ba,97383948-df6b-4370-b87c-787ebdc5ca24,2025-12-02,
57071cab-1f66-4f1c-b856-18b6fb7c6eaf,f36ae0b4-54b2-438e-8518-2881b74949e1,86e255b3-add9-4004-8f42-e1f6b1ce3524,2025-12-02,
361cc810-1d34-4e6c-9b04-fe7f28e2eb49,f36ae0b4-54b2-438e-8518-2881b74949e1,49031cc3-80ce-466b-8b8e-3f34a21d7d23,2025-12-02,
81ff5e33-9e8a-4294-9cee-76840cfd2c83,0f90dd49-e576-4d49-8718-c0518a130483,97383948-df6b-4370-b87c-787ebdc5ca24,2025-12-02,
0b63974f-d36d-4b02-b9a9-40f9b90b95c3,0f90dd49-e576-4d49-8718-c0518a130483,47560c3d-119c-468e-a28f-338c6ff2fe6e,2025-12-02,
ab1b57e9-b008-46a8-a503-867b5e830470,323e3036-7de8-4d69-9fc3-e95cbfc36ec5,97383948-df6b-4370-b87c-787ebdc5ca24,2025-12-02,
4577c416-2fa0-4dd2-aa1b-322ce3b5ae4e,323e3036-7de8-4d69-9fc3-e95cbfc36ec5,49031cc3-80ce-466b-8b8e-3f34a21d7d23,2025-12-02,
3baee368-aeac-440b-b323-26db7e018ec0,f411f380-e9bb-465f-a4da-72349d27f541,97383948-df6b-4370-b87c-787ebdc5ca24,2025-12-02,
6eef48a7-7a7a-4cbf-bccc-7fbf772d22fd,f411f380-e9bb-465f-a4da-72349d27f541,49031cc3-80ce-466b-8b8e-3f34a21d7d23,2025-12-02,
4a39c770-7f62-4da9-af59-216e30c888d5,ce612154-54eb-4f7e-9546-caf80ed483b4,86e255b3-add9-4004-8f42-e1f6b1ce3524,2025-12-02,
7f0f0cd6-08e0-4db2-a75d-8e79c442c4ac,ce612154-54eb-4f7e-9546-caf80ed483b4,47560c3d-119c-468e-a28f-338c6ff2fe6e,2025-12-02,
5f4e90a1-3434-4a49-8730-d174a3bc8a0f,a96902f2-1ade-44a7-9a30-71b4f8abf251,86e255b3-add9-4004-8f42-e1f6b1ce3524,2025-12-02,
4bc1e48d-756b-4dd2-87d7-a755372d85ec,a96902f2-1ade-44a7-9a30-71b4f8abf251,47560c3d-119c-468e-a28f-338c6ff2fe6e,2025-12-02,
783c69db-d929-49b3-9b1c-ae8616262960,4f4f87ab-36b9-4d69-b9d9-01bc1e0a4b08,97383948-df6b-4370-b87c-787ebdc5ca24,2025-12-02,
0433b687-0ed0-4c0c-b5a4-788c7311d5ef,4f4f87ab-36b9-4d69-b9d9-01bc1e0a4b08,47560c3d-119c-468e-a28f-338c6ff2fe6e,2025-12-02,
2c195775-8359-49f9-924b-e944a8b7b5ad,01cd9ddb-59df-4c67-b6bb-15bafb31276c,97383948-df6b-4370-b87c-787ebdc5ca24,2025-12-02,
9b7d59c7-4214-4fae-946f-586f01afe9c6,01cd9ddb-59df-4c67-b6bb-15bafb31276c,86e255b3-add9-4004-8f42-e1f6b1ce3524,2025-12-02,
1f2171f2-c3ac-4d93-8425-a4edcb5b6694,d7ba9f5e-048b-4485-b7be-00415dac059a,97383948-df6b-4370-b87c-787ebdc5ca24,2025-12-02,
96c16bf4-819d-4791-8637-adb3b4919ada,d7ba9f5e-048b-4485-b7be-00415dac059a,49031cc3-80ce-466b-8b8e-3f34a21d7d23,2025-12-02,
b0eed897-4112-48d7-b145-b7e618f8056d,7d4ae9d5-7490-4e55-876c-fba8d406d1d1,49031cc3-80ce-466b-8b8e-3f34a21d7d23,2025-12-02,
ebaf0a52-b609-4c2f-b953-d1f639440c52,7d4ae9d5-7490-4e55-876c-fba8d406d1d1,86e255b3-add9-4004-8f42-e1f6b1ce3524,2025-12-02,
e06cc5ae-c1df-46c8-b1ae-e16a4b2dfcee,a070dc31-2236-430a-bb11-12257d7e1ba4,49031cc3-80ce-466b-8b8e-3f34a21d7d23,2025-12-02,
72f8fd48-8464-4da9-90a8-c25fdff1ef8d,a070dc31-2236-430a-bb11-12257d7e1ba4,97383948-df6b-4370-b87c-787ebdc5ca24,2025-12-02,
ad36c530-b035-4066-bbc5-8e485400b410,c4296cf4-4491-41ee-8c15-579aeb136b8d,86e255b3-add9-4004-8f42-e1f6b1ce3524,2025-12-02,
543067c5-addc-46a9-a678-7fde03bf6f4e,c4296cf4-4491-41ee-8c15-579aeb136b8d,97383948-df6b-4370-b87c-787ebdc5ca24,2025-12-02,
2d545526-87a9-4d99-98b5-44e0fb2d720c,5769dbbc-5881-4e4e-afce-eec0e14e7925,49031cc3-80ce-466b-8b8e-3f34a21d7d23,2025-12-02,
6ec5eee7-3674-476f-bfd5-401df4e63d72,5769dbbc-5881-4e4e-afce-eec0e14e7925,47560c3d-119c-468e-a28f-338c6ff2fe6e,2025-12-02,
14557652-870d-4783-9491-d061f738026d,05a1c14a-69f5-4269-8a05-a41607f8bca7,49031cc3-80ce-466b-8b8e-3f34a21d7d23,2025-12-02,
097fc73e-c502-498e-8127-715e32b4ae33,05a1c14a-69f5-4269-8a05-a41607f8bca7,97383948-df6b-4370-b87c-787ebdc5ca24,2025-12-02,
3601da8f-db18-4d31-bf98-245d492a5f11,083c8c37-a988-4550-9313-5980447d5d5a,97383948-df6b-4370-b87c-787ebdc5ca24,2025-12-02,
6af64608-bf00-4660-88de-20c1cc1e408d,083c8c37-a988-4550-9313-5980447d5d5a,49031cc3-80ce-466b-8b8e-3f34a21d7d23,2025-12-02,
8e29670c-19e7-40a4-a41c-36698e25148e,f8c54d14-869e-4d54-ac6a-cfae1e673b44,86e255b3-add9-4004-8f42-e1f6b1ce3524,2025-12-02,
dc2daed9-1283-41b5-bfd6-cef2229a63ed,f8c54d14-869e-4d54-ac6a-cfae1e673b44,97383948-df6b-4370-b87c-787ebdc5ca24,2025-12-02,
c656121f-f89d-471e-b77b-bec32085b8c3,45c0844a-6fc6-484d-8e11-8ad39416e1fb,86e255b3-add9-4004-8f42-e1f6b1ce3524,2025-12-02,
1bd57af5-0753-49e2-8f92-4202ae4c8ff5,45c0844a-6fc6-484d-8e11-8ad39416e1fb,97383948-df6b-4370-b87c-787ebdc5ca24,2025-12-02,
70e2e40d-e250-4c55-a216-32b1e812870e,5e5963f9-9fd4-4f26-93fd-796e11b5b872,86e255b3-add9-4004-8f42-e1f6b1ce3524,2025-12-02,
a27e7068-6de8-4079-b44d-5b2027c52b40,5e5963f9-9fd4-4f26-93fd-796e11b5b872,49031cc3-80ce-466b-8b8e-3f34a21d7d23,2025-12-02,
df2dc2c8-50d7-421e-b195-eaa1dabc1f88,5e76bc6b-2c56-4b78-b15f-7bf41251f81f,97383948-df6b-4370-b87c-787ebdc5ca24,2025-12-02,
2710dd86-7fde-4795-8fd3-75bebacc31ee,5e76bc6b-2c56-4b78-b15f-7bf41251f81f,49031cc3-80ce-466b-8b8e-3f34a21d7d23,2025-12-02,
51a15128-8323-4f12-9915-af0be9f3ad29,73988708-c3f0-4eb5-bdda-6223be7aaea1,49031cc3-80ce-466b-8b8e-3f34a21d7d23,2025-12-02,
f69740fb-6506-4f6e-96c9-c63311efcdce,73988708-c3f0-4eb5-bdda-6223be7aaea1,86e255b3-add9-4004-8f42-e1f6b1ce3524,2025-12-02,
6b82c0a2-cb8e-4f4c-88fc-f5f61e682f9f,ac21a79b-7936-4d61-a541-b873d7876724,86e255b3-add9-4004-8f42-e1f6b1ce3524,2025-12-02,
146c318f-e8ef-4df6-a5d8-388cf12c32c9,ac21a79b-7936-4d61-a541-b873d7876724,47560c3d-119c-468e-a28f-338c6ff2fe6e,2025-12-02,
c8cff1e4-d11c-476e-9f89-76b926d1ed59,cd0ffb20-2ddc-4c4f-8372-d0e6bd278495,49031cc3-80ce-466b-8b8e-3f34a21d7d23,2025-12-02,
da8eb720-6160-43fc-829c-672a764ba1fd,cd0ffb20-2ddc-4c4f-8372-d0e6bd278495,47560c3d-119c-468e-a28f-338c6ff2fe6e,2025-12-02,
4196229a-8289-4500-898b-d7f3a208730e,2080e131-8a0b-4c7c-9587-c75cbd4f6e64,97383948-df6b-4370-b87c-787ebdc5ca24,2025-12-02,
aeaa17bb-0244-4ee9-bb34-995d888f2768,2080e131-8a0b-4c7c-9587-c75cbd4f6e64,47560c3d-119c-468e-a28f-338c6ff2fe6e,2025-12-02,
8c5b8e5f-fa63-46a9-a6f7-24ad0e3c46d0,8fa93d81-e098-44d3-8bab-8b11440c4c67,47560c3d-119c-468e-a28f-338c6ff2fe6e,2025-12-02,
f13ce122-fae0-4749-b559-f80ad1c3581c,8fa93d81-e098-44d3-8bab-8b11440c4c67,86e255b3-add9-4004-8f42-e1f6b1ce3524,2025-12-02,
86de4555-4071-4c79-b43a-9aeed4889163,4afaabbb-100e-4b4d-b7a0-8bce8594f90c,47560c3d-119c-468e-a28f-338c6ff2fe6e,2025-12-02,
5ed019a2-bfc4-45ae-b42e-f57d89a744ac,4afaabbb-100e-4b4d-b7a0-8bce8594f90c,49031cc3-80ce-466b-8b8e-3f34a21d7d23,2025-12-02,
664cc5ee-e21e-4518-ba38-e6d7fb5921cd,58dbd79a-3f70-4fdc-801a-7adc29d3fe7f,97383948-df6b-4370-b87c-787ebdc5ca24,2025-12-02,
c3bb62ab-a395-4a53-a8ad-b308395d343b,58dbd79a-3f70-4fdc-801a-7adc29d3fe7f,47560c3d-119c-468e-a28f-338c6ff2fe6e,2025-12-02,
a6244d11-d993-4b40-9008-40d52ae1e812,c4f5b24b-2837-4f3a-a4c1-3bca43ee1b5f,97383948-df6b-4370-b87c-787ebdc5ca24,2025-12-02,
275efe0b-027a-44ec-9620-eeb8035215a9,c4f5b24b-2837-4f3a-a4c1-3bca43ee1b5f,86e255b3-add9-4004-8f42-e1f6b1ce3524,2025-12-02,
a664f7a9-0edc-4892-ba9b-11a20d1ad9c3,fec357e6-d871-4367-92ec-349d0d31dcaa,86e255b3-add9-4004-8f42-e1f6b1ce3524,2025-12-02,
d2dedb31-4298-4915-acc8-1ce8bfa95d05,fec357e6-d871-4367-92ec-349d0d31dcaa,97383948-df6b-4370-b87c-787ebdc5ca24,2025-12-02,
a96becae-664f-4a26-a68f-c61b2b175e98,e08d85f4-987a-424a-b74f-b6517b65bcb9,86e255b3-add9-4004-8f42-e1f6b1ce3524,2025-12-02,
c899dad1-fed7-467a-b208-286874bb58f5,e08d85f4-987a-424a-b74f-b6517b65bcb9,47560c3d-119c-468e-a28f-338c6ff2fe6e,2025-12-02,
9e283e98-2350-40c4-a499-78a44a0ca980,485e92f6-7bfd-4e76-b383-f48920e8c5ae,47560c3d-119c-468e-a28f-338c6ff2fe6e,2025-12-02,
355e6f97-3085-45f1-967f-8b5bff489d62,485e92f6-7bfd-4e76-b383-f48920e8c5ae,97383948-df6b-4370-b87c-787ebdc5ca24,2025-12-02,
88f3549b-7e2a-437a-bf03-8e3e270fb107,778e642c-0b8d-4614-b5ef-9725a3dde407,47560c3d-119c-468e-a28f-338c6ff2fe6e,2025-12-02,
0c6bd2c4-6aa5-4e78-9829-80f74f93f628,778e642c-0b8d-4614-b5ef-9725a3dde407,86e255b3-add9-4004-8f42-e1f6b1ce3524,2025-12-02,
29e5a3ee-36dc-4955-859b-cda98c5d73a9,d8f10392-9e64-400a-a780-c3a033b8765a,49031cc3-80ce-466b-8b8e-3f34a21d7d23,2025-12-02,
624ba515-864e-46db-8d21-ff88c2e9b8ee,d8f10392-9e64-400a-a780-c3a033b8765a,47560c3d-119c-468e-a28f-338c6ff2fe6e,2025-12-02,
f0cdba2d-b621-4009-9ac8-e5815e17b45e,22b46d7e-cc69-4876-9db6-384241ccb701,86e255b3-add9-4004-8f42-e1f6b1ce3524,2025-12-02,
34cf3078-a182-4749-be16-bdcc12bbc265,22b46d7e-cc69-4876-9db6-384241ccb701,49031cc3-80ce-466b-8b8e-3f34a21d7d23,2025-12-02,
eaa00df8-f714-4b66-8c93-7611c75770d7,420c3003-6144-4a96-8b98-3bdac26eb1b9,47560c3d-119c-468e-a28f-338c6ff2fe6e,2025-12-02,
85821484-bd29-4ab3-a931-cfff9b349ff5,420c3003-6144-4a96-8b98-3bdac26eb1b9,97383948-df6b-4370-b87c-787ebdc5ca24,2025-12-02,
3e9611da-0046-47da-9d37-bb270b8cf753,3523e79a-67ae-4595-b839-cff8be6b1396,49031cc3-80ce-466b-8b8e-3f34a21d7d23,2025-12-02,
c64d6b61-1cc5-4a66-82b3-7b2811b21438,3523e79a-67ae-4595-b839-cff8be6b1396,47560c3d-119c-468e-a28f-338c6ff2fe6e,2025-12-02,
75ef2d88-964d-4101-9703-1f38d8715395,90d1d426-28eb-48e3-9c89-197ad0af07a5,86e255b3-add9-4004-8f42-e1f6b1ce3524,2025-12-02,
27b2179f-f758-4441-93a9-d5ff28892930,90d1d426-28eb-48e3-9c89-197ad0af07a5,47560c3d-119c-468e-a28f-338c6ff2fe6e,2025-12-02,
370ee865-620b-4f98-baff-55584539fc99,465bf71b-8888-4a1a-a033-830b28da5721,47560c3d-119c-468e-a28f-338c6ff2fe6e,2025-12-02,
611e91b1-d4f5-4257-9b9f-8ad50b93e9b3,465bf71b-8888-4a1a-a033-830b28da5721,86e255b3-add9-4004-8f42-e1f6b1ce3524,2025-12-02,
68555e1b-ba73-4ccc-bf98-f6d02ff4ff08,ee9052a1-c0e4-4d5d-9eb2-9f62d17e8406,49031cc3-80ce-466b-8b8e-3f34a21d7d23,2025-12-02,
3356a92e-6401-4dd9-9633-14acb3a37273,ee9052a1-c0e4-4d5d-9eb2-9f62d17e8406,97383948-df6b-4370-b87c-787ebdc5ca24,2025-12-02,
4ad3cbe9-9fe5-4ddd-baab-bd6352199306,1b051efe-110c-4e9a-8548-24e7e2e8de54,49031cc3-80ce-466b-8b8e-3f34a21d7d23,2025-12-02,
ff48fcf8-8e60-4b44-aae0-25afb3e75c3e,1b051efe-110c-4e9a-8548-24e7e2e8de54,86e255b3-add9-4004-8f42-e1f6b1ce3524,2025-12-02,
d743f8e1-c3d3-4637-a2db-7dc1e28da445,5c95d21d-35d3-4a11-9c37-094126a73de1,97383948-df6b-4370-b87c-787ebdc5ca24,2025-12-02,
c695d25a-da30-4349-a528-ee83403bac34,5c95d21d-35d3-4a11-9c37-094126a73de1,86e255b3-add9-4004-8f42-e1f6b1ce3524,2025-12-02,
aa450d4d-1f83-4cc7-a226-15bb1f34b739,7637fb26-fa5c-43ed-83cd-0aa7568e79b7,49031cc3-80ce-466b-8b8e-3f34a21d7d23,2025-12-02,
fd8b7a46-723c-4d90-b393-7dd8c36188b3,7637fb26-fa5c-43ed-83cd-0aa7568e79b7,86e255b3-add9-4004-8f42-e1f6b1ce3524,2025-12-02,
26e35644-2ea8-4224-98e7-455aaf24ee3c,91299e77-c3eb-4bce-99bc-da71b49b99ce,47560c3d-119c-468e-a28f-338c6ff2fe6e,2025-12-02,
a75c9e42-8a33-4b2d-8431-ce5371251484,91299e77-c3eb-4bce-99bc-da71b49b99ce,86e255b3-add9-4004-8f42-e1f6b1ce3524,2025-12-02,
f2421d1e-15d4-4a50-bb04-9d7944662c7a,9d61a9c3-c0e4-4443-8d74-fca4a1742a06,49031cc3-80ce-466b-8b8e-3f34a21d7d23,2025-12-02,
8c7789b8-0a69-445c-b1c5-968073640a74,9d61a9c3-c0e4-4443-8d74-fca4a1742a06,86e255b3-add9-4004-8f42-e1f6b1ce3524,2025-12-02,
3d74103b-0a29-463d-81ad-541aa52479f1,c31deb89-fe97-4131-9aab-918f19ee25a3,86e255b3-add9-4004-8f42-e1f6b1ce3524,2025-12-02,
8a6e8391-c239-45f6-bc94-925b1c7b964d,c31deb89-fe97-4131-9aab-918f19ee25a3,97383948-df6b-4370-b87c-787ebdc5ca24,2025-12-02,
090f00d4-d448-47f4-a62d-78e709d167ba,d1a01156-ab84-42f8-9e7c-62e5c0f23b56,49031cc3-80ce-466b-8b8e-3f34a21d7d23,2025-12-02,
b4024521-1edf-4b61-a61a-2314ea686082,d1a01156-ab84-42f8-9e7c-62e5c0f23b56,47560c3d-119c-468e-a28f-338c6ff2fe6e,2025-12-02,
ff01421e-1c27-4568-905f-65be36f90658,43f3070d-707b-479e-9a65-92708c0a2228,86e255b3-add9-4004-8f42-e1f6b1ce3524,2025-12-02,
7c153028-f880-4410-8e9f-b7b0bf511750,43f3070d-707b-479e-9a65-92708c0a2228,47560c3d-119c-468e-a28f-338c6ff2fe6e,2025-12-02,
dc342f67-2ba0-418d-b397-4bf38a9f97b6,9573152c-b78d-4845-b7c8-49090f745568,49031cc3-80ce-466b-8b8e-3f34a21d7d23,2025-12-02,
07b0bd6c-3ed9-4bec-91d3-16096289ed62,9573152c-b78d-4845-b7c8-49090f745568,47560c3d-119c-468e-a28f-338c6ff2fe6e,2025-12-02,
131c069c-d63b-450c-a880-6a998e745e82,ebb07f54-7f28-4b63-ab44-abde56d446ff,47560c3d-119c-468e-a28f-338c6ff2fe6e,2025-12-02,
bcc70b10-aa88-42e1-a1b6-bc20e0acee45,ebb07f54-7f28-4b63-ab44-abde56d446ff,86e255b3-add9-4004-8f42-e1f6b1ce3524,2025-12-02,
81d1695a-9e03-49e0-86fe-5486efecaf43,f6b445fa-298b-44cb-8408-a75c6f19410e,97383948-df6b-4370-b87c-787ebdc5ca24,2025-12-02,
13dbe0fc-0794-498c-abdf-a8b2d273fd05,f6b445fa-298b-44cb-8408-a75c6f19410e,47560c3d-119c-468e-a28f-338c6ff2fe6e,2025-12-02,
ebb8797b-365a-4452-a3d8-d6ca5259937e,9bff3d80-b7e7-40e4-880c-40638e5e188c,47560c3d-119c-468e-a28f-338c6ff2fe6e,2025-12-02,
10f071bf-565b-4383-820d-6b84546b0115,9bff3d80-b7e7-40e4-880c-40638e5e188c,97383948-df6b-4370-b87c-787ebdc5ca24,2025-12-02,
9af1263f-dad8-4354-8534-974694ec4adc,34bd2d25-f17a-4844-9241-749e9d0d68a5,47560c3d-119c-468e-a28f-338c6ff2fe6e,2025-12-02,
0cbe6f95-9698-47c7-811a-c07f980c15cd,34bd2d25-f17a-4844-9241-749e9d0d68a5,86e255b3-add9-4004-8f42-e1f6b1ce3524,2025-12-02,
2267c744-dd50-4b44-b1d8-50fc95b682ad,bf764238-4d08-41a9-bee8-9244a999e34e,47560c3d-119c-468e-a28f-338c6ff2fe6e,2025-12-02,
b5d8f192-327e-457f-a3ae-c52b25f63dec,bf764238-4d08-41a9-bee8-9244a999e34e,97383948-df6b-4370-b87c-787ebdc5ca24,2025-12-02,
96ea5cbb-429f-4384-a04d-92a6ab4c7b59,da7d4136-b32e-411c-9eb7-b0f6bddfed2d,86e255b3-add9-4004-8f42-e1f6b1ce3524,2025-12-02,
ec8c1cd3-cdb9-4494-a2be-66ac67a7e9f2,da7d4136-b32e-411c-9eb7-b0f6bddfed2d,47560c3d-119c-468e-a28f-338c6ff2fe6e,2025-12-02,
9a10cca8-6dcb-44bf-a6aa-f6449717d9a3,772c402f-11f8-486a-a298-56c60bf08721,49031cc3-80ce-466b-8b8e-3f34a21d7d23,2025-12-02,
fa6b2966-a157-4985-8b32-5174d9b77b41,772c402f-11f8-486a-a298-56c60bf08721,47560c3d-119c-468e-a28f-338c6ff2fe6e,2025-12-02,
cd6a2895-aeb9-4c03-9de5-f38cbeee5bb6,be9490c8-9a64-4ce5-af38-646ddf2ac3c4,49031cc3-80ce-466b-8b8e-3f34a21d7d23,2025-12-02,
6f171624-8b0b-4549-ad6b-e551214ac420,be9490c8-9a64-4ce5-af38-646ddf2ac3c4,86e255b3-add9-4004-8f42-e1f6b1ce3524,2025-12-02,
72bb46c3-b335-4ec4-a180-64654bc010f9,03b2baf6-abb3-4fef-8ca7-3892333eb96e,86e255b3-add9-4004-8f42-e1f6b1ce3524,2025-12-02,
698d0ed9-bf01-4129-b415-45359bdd3252,03b2baf6-abb3-4fef-8ca7-3892333eb96e,49031cc3-80ce-466b-8b8e-3f34a21d7d23,2025-12-02,
524c1a7d-3fcc-4cc4-bfe8-44cc34941c4b,6698ef03-279e-46cf-8479-fd45abe06f5e,97383948-df6b-4370-b87c-787ebdc5ca24,2025-12-02,
6f8c6457-8571-4642-b249-822fd8b3ff26,6698ef03-279e-46cf-8479-fd45abe06f5e,86e255b3-add9-4004-8f42-e1f6b1ce3524,2025-12-02,
6aa92f50-b216-4ef1-af83-5e623ed192e8,96d8c1ec-4594-42bf-a1ba-45e569166720,49031cc3-80ce-466b-8b8e-3f34a21d7d23,2025-12-02,
95a2ca19-4233-4160-9c20-169774d0da2d,96d8c1ec-4594-42bf-a1ba-45e569166720,97383948-df6b-4370-b87c-787ebdc5ca24,2025-12-02,
93405325-df4b-4946-b607-2af958ff4f88,8e005b90-de8d-4e43-8f67-72b9bab23c77,49031cc3-80ce-466b-8b8e-3f34a21d7d23,2025-12-02,
eaa8c7a4-9f01-4530-bfb9-a9aea488adfb,8e005b90-de8d-4e43-8f67-72b9bab23c77,97383948-df6b-4370-b87c-787ebdc5ca24,2025-12-02,
867fdca3-b7a5-4f25-b759-7114a75a8b74,60a0fc24-7fc4-4fc8-94d7-8f2ae26b9de6,47560c3d-119c-468e-a28f-338c6ff2fe6e,2025-12-02,
d2583276-c7f0-445b-b245-6af2f8d8ed7f,60a0fc24-7fc4-4fc8-94d7-8f2ae26b9de6,86e255b3-add9-4004-8f42-e1f6b1ce3524,2025-12-02,
de341e70-21be-489c-8609-6d5f43452d76,50dcef60-0a45-43c7-8299-16af6d0c99de,86e255b3-add9-4004-8f42-e1f6b1ce3524,2025-12-02,
4d4a6bcc-4550-484e-b8a2-e3f608005e57,50dcef60-0a45-43c7-8299-16af6d0c99de,97383948-df6b-4370-b87c-787ebdc5ca24,2025-12-02,
2d79021f-85cd-4813-aa5b-d44ae643406d,2d4ff954-c4f4-4372-a5a2-86f4de0882ce,47560c3d-119c-468e-a28f-338c6ff2fe6e,2025-12-02,
e795f65f-e10a-4ba0-a70f-76ce733a3f5c,2d4ff954-c4f4-4372-a5a2-86f4de0882ce,86e255b3-add9-4004-8f42-e1f6b1ce3524,2025-12-02,
88806d83-822a-4243-8211-90915f716273,a4cc9867-745c-49ab-82c5-b220bb70ab9e,47560c3d-119c-468e-a28f-338c6ff2fe6e,2025-12-02,
4522ce2b-2fb4-4b26-941a-30fe7f39d561,a4cc9867-745c-49ab-82c5-b220bb70ab9e,49031cc3-80ce-466b-8b8e-3f34a21d7d23,2025-12-02,
90a079c6-42c6-4e35-abf9-23c5a37f61d2,839b5124-9211-4d19-a58a-b6b8b37939b5,86e255b3-add9-4004-8f42-e1f6b1ce3524,2025-12-02,
ba3dded2-2d26-4220-b68c-7c9d656e8c38,839b5124-9211-4d19-a58a-b6b8b37939b5,47560c3d-119c-468e-a28f-338c6ff2fe6e,2025-12-02,
18b9a1e1-8b88-4e56-8cef-023069f3d1b4,3372723d-9633-4a66-9f02-3bc53565211c,86e255b3-add9-4004-8f42-e1f6b1ce3524,2025-12-02,
b48134e9-6f4a-4164-8ab5-5670df0de747,3372723d-9633-4a66-9f02-3bc53565211c,47560c3d-119c-468e-a28f-338c6ff2fe6e,2025-12-02,
9c0fe255-91b9-46d0-8dd3-9ef5a1d53025,66235cea-18c7-410d-860f-2dc03cfbeb62,86e255b3-add9-4004-8f42-e1f6b1ce3524,2025-12-02,
aeefa63b-a551-4cf0-94b6-953f48b20be0,66235cea-18c7-410d-860f-2dc03cfbeb62,97383948-df6b-4370-b87c-787ebdc5ca24,2025-12-02,
cac222da-47ee-462b-8837-ea1d74bd734a,bc2c7e1e-182d-404b-bf31-e1ae391098da,86e255b3-add9-4004-8f42-e1f6b1ce3524,2025-12-02,
6f0c7bbd-e5a2-4cfa-b321-5428dc722a86,bc2c7e1e-182d-404b-bf31-e1ae391098da,97383948-df6b-4370-b87c-787ebdc5ca24,2025-12-02,
9bb77986-578f-4079-ab47-2f62d1da8577,7edda8ac-bde4-4fa4-8756-0fbdca00e09b,86e255b3-add9-4004-8f42-e1f6b1ce3524,2025-12-02,
b850b2a9-3b4f-4a35-b677-6dd0298c24c4,7edda8ac-bde4-4fa4-8756-0fbdca00e09b,47560c3d-119c-468e-a28f-338c6ff2fe6e,2025-12-02,
31467acd-357e-4f5f-87fc-b14a698382b7,00164a99-a70c-464a-b90b-d3574ae9dba0,97383948-df6b-4370-b87c-787ebdc5ca24,2025-12-02,
25eaae7d-1049-4293-9228-8e3858e0a6b8,00164a99-a70c-464a-b90b-d3574ae9dba0,49031cc3-80ce-466b-8b8e-3f34a21d7d23,2025-12-02,
2a49d5a7-823c-4bd7-a4ee-787dc478da37,2ba51843-412b-460c-90ca-2063ac3accf7,97383948-df6b-4370-b87c-787ebdc5ca24,2025-12-02,
72a85c05-c619-43b3-88e5-d89f0901148f,2ba51843-412b-460c-90ca-2063ac3accf7,47560c3d-119c-468e-a28f-338c6ff2fe6e,2025-12-02,
4a7aee5b-9cf0-47ea-9e9f-f6a70038941a,804c467b-e491-43a5-8eea-07771f187c41,97383948-df6b-4370-b87c-787ebdc5ca24,2025-12-02,
22e66eac-11de-45e1-8a6c-f02668e95ad9,804c467b-e491-43a5-8eea-07771f187c41,49031cc3-80ce-466b-8b8e-3f34a21d7d23,2025-12-02,
0e9795a6-2620-4ece-b883-4d59b39dd0a7,a7ce2836-8e16-406a-9d65-0d576f2dd3db,86e255b3-add9-4004-8f42-e1f6b1ce3524,2025-12-02,
52a1faa7-9b17-4e6b-a025-cc8d3e19ec10,a7ce2836-8e16-406a-9d65-0d576f2dd3db,47560c3d-119c-468e-a28f-338c6ff2fe6e,2025-12-02,
b4ef82f7-e2ad-4439-a571-3fa2e188281f,7c7c4ada-cd37-465d-8b01-6e9880fef9d9,86e255b3-add9-4004-8f42-e1f6b1ce3524,2025-12-02,
00e2e9c2-1099-43aa-9fae-b4e43d950610,7c7c4ada-cd37-465d-8b01-6e9880fef9d9,97383948-df6b-4370-b87c-787ebdc5ca24,2025-12-02,
2d8d5a8c-5757-4601-952c-756f8f965b24,5d387db6-beac-4690-ab7e-d827835620bd,47560c3d-119c-468e-a28f-338c6ff2fe6e,2025-12-02,
4f443a70-ce52-405a-816e-72dcf5aac0e0,5d387db6-beac-4690-ab7e-d827835620bd,49031cc3-80ce-466b-8b8e-3f34a21d7d23,2025-12-02,
e606aa2b-ca5d-4173-a031-873f392d4314,9c64aae4-96d4-4cf3-8d84-25a83ed45d99,97383948-df6b-4370-b87c-787ebdc5ca24,2025-12-02,
ebfde71c-1c54-4faa-8f7b-862a1f6f4b4e,9c64aae4-96d4-4cf3-8d84-25a83ed45d99,86e255b3-add9-4004-8f42-e1f6b1ce3524,2025-12-02,
936ddbd7-00bc-4fa5-a6f7-0a22cb191563,f86e1df6-923c-4737-b340-17c34a7e6163,86e255b3-add9-4004-8f42-e1f6b1ce3524,2025-12-02,
eb96035e-fbe7-4a4a-91fd-76726443cebb,f86e1df6-923c-4737-b340-17c34a7e6163,49031cc3-80ce-466b-8b8e-3f34a21d7d23,2025-12-02,
e533f1ab-6df7-47b2-809c-16d035e2c190,bed0ca9c-97dd-4ed5-8170-b74ee34e6930,86e255b3-add9-4004-8f42-e1f6b1ce3524,2025-12-02,
52ed39c7-435c-4ee8-a446-5218e1f26a7a,bed0ca9c-97dd-4ed5-8170-b74ee34e6930,97383948-df6b-4370-b87c-787ebdc5ca24,2025-12-02,
8ed6ad38-9e32-42c0-be75-37b99374eb31,34fd1c9d-dcce-4506-a0ee-55206572e870,86e255b3-add9-4004-8f42-e1f6b1ce3524,2025-12-02,
2fcc0f03-4ebb-44ff-a9c4-d6b81830c0cc,34fd1c9d-dcce-4506-a0ee-55206572e870,49031cc3-80ce-466b-8b8e-3f34a21d7d23,2025-12-02,
5e3b992d-c114-4eea-853d-6a133ffbf64a,240c9602-71c7-4a4a-9bff-7e95b50dfed8,86e255b3-add9-4004-8f42-e1f6b1ce3524,2025-12-02,
fbf277fc-0cd3-4cfc-a40d-b416fcccdb2f,240c9602-71c7-4a4a-9bff-7e95b50dfed8,47560c3d-119c-468e-a28f-338c6ff2fe6e,2025-12-02,
e56373f1-fcda-4b8f-886b-3eac9aaa846e,c38e4b16-1826-439a-adc2-1a1d4cd90dbf,86e255b3-add9-4004-8f42-e1f6b1ce3524,2025-12-02,
cac28db1-61f0-4ae5-87ec-9fc04ac7f500,c38e4b16-1826-439a-adc2-1a1d4cd90dbf,47560c3d-119c-468e-a28f-338c6ff2fe6e,2025-12-02,
bee06b18-3d7c-47e4-94b6-a57a50b1fde9,10c16016-3be2-486b-9a68-e2b6bb1b6314,86e255b3-add9-4004-8f42-e1f6b1ce3524,2025-12-02,
5be0ace2-03a9-4d23-8d05-fc524ddaada3,10c16016-3be2-486b-9a68-e2b6bb1b6314,47560c3d-119c-468e-a28f-338c6ff2fe6e,2025-12-02,
09a514b9-6ba2-4135-97aa-be41b8a3d78f,8c3e83fb-b7b9-4e5c-83d1-3d8a0a877941,49031cc3-80ce-466b-8b8e-3f34a21d7d23,2025-12-02,
c6163fde-5969-4526-a076-46d933588846,8c3e83fb-b7b9-4e5c-83d1-3d8a0a877941,97383948-df6b-4370-b87c-787ebdc5ca24,2025-12-02,
4f2c48ac-c895-4319-b076-c59ff9d2d930,c3687098-d044-4482-8c10-c89831d4f05e,49031cc3-80ce-466b-8b8e-3f34a21d7d23,2025-12-02,
126e257c-ed27-483b-bd91-05eafd8f9397,c3687098-d044-4482-8c10-c89831d4f05e,86e255b3-add9-4004-8f42-e1f6b1ce3524,2025-12-02,
5ebba6d3-ac47-4a8c-bce1-cd03b43f8772,17be69cc-776e-48cb-8129-cbc4c9161d46,47560c3d-119c-468e-a28f-338c6ff2fe6e,2025-12-02,
7f353df6-9395-4d14-bd96-30e7e560e333,17be69cc-776e-48cb-8129-cbc4c9161d46,97383948-df6b-4370-b87c-787ebdc5ca24,2025-12-02,
7a5a880d-d917-4ba9-8e6d-5d8fcd486ecc,8deded09-518f-4ea5-878d-288296651651,47560c3d-119c-468e-a28f-338c6ff2fe6e,2025-12-02,
0ae65672-c777-4660-aaba-b27c082433b9,8deded09-518f-4ea5-878d-288296651651,86e255b3-add9-4004-8f42-e1f6b1ce3524,2025-12-02,
87d674fa-46fb-42e1-b3ad-a9f204014fa1,1077aa26-9309-43ee-a138-43b0f2806b12,47560c3d-119c-468e-a28f-338c6ff2fe6e,2025-12-02,
5996615a-09e6-47bc-b764-b239e21a4b66,1077aa26-9309-43ee-a138-43b0f2806b12,97383948-df6b-4370-b87c-787ebdc5ca24,2025-12-02,
bbb2a70c-e73f-4875-bbfc-dae9d66b3afb,9ffa46a7-15be-4a6b-bf4d-5794b78afbbd,49031cc3-80ce-466b-8b8e-3f34a21d7d23,2025-12-02,
5a7c5d25-18e9-442e-a421-81b81bf14f2e,9ffa46a7-15be-4a6b-bf4d-5794b78afbbd,86e255b3-add9-4004-8f42-e1f6b1ce3524,2025-12-02,
f8169807-e625-409d-8d83-71d2d7211206,6a28b269-5db5-45c1-a836-602f6fd311d3,47560c3d-119c-468e-a28f-338c6ff2fe6e,2025-12-02,
17905838-df06-4732-abc5-0d9b6b1bf24b,6a28b269-5db5-45c1-a836-602f6fd311d3,86e255b3-add9-4004-8f42-e1f6b1ce3524,2025-12-02,
72bb85bd-4a5f-4c3c-8dc8-67c5166adbc0,585dcfc6-038f-495d-98f7-ac5afa4754bb,86e255b3-add9-4004-8f42-e1f6b1ce3524,2025-12-02,
0f9fa217-277e-45be-a236-99bf8bfddebf,585dcfc6-038f-495d-98f7-ac5afa4754bb,47560c3d-119c-468e-a28f-338c6ff2fe6e,2025-12-02,
31463976-ce16-451a-aec1-1704b2b3ece2,cbae3d14-b332-4d31-83b4-b8ea6de21b4b,86e255b3-add9-4004-8f42-e1f6b1ce3524,2025-12-02,
d8723e6a-8a7c-43f7-8419-0c312b668dc8,cbae3d14-b332-4d31-83b4-b8ea6de21b4b,49031cc3-80ce-466b-8b8e-3f34a21d7d23,2025-12-02,
6d193470-3218-472c-930f-a980b7af8143,7fdab6c5-c00e-42d3-b5dc-9a964a047ea4,86e255b3-add9-4004-8f42-e1f6b1ce3524,2025-12-02,
f30fc6a1-6d66-43c6-8e85-a070840dae3d,7fdab6c5-c00e-42d3-b5dc-9a964a047ea4,97383948-df6b-4370-b87c-787ebdc5ca24,2025-12-02,
ea48a9c9-ce4e-4feb-a759-247cc4f55e3c,95cc81eb-0e86-4c9e-be3e-fe3fc1f0ac3f,49031cc3-80ce-466b-8b8e-3f34a21d7d23,2025-12-02,
d42b920c-9002-43f1-98ca-1fe9b788f479,95cc81eb-0e86-4c9e-be3e-fe3fc1f0ac3f,47560c3d-119c-468e-a28f-338c6ff2fe6e,2025-12-02,
efd6a149-ffb4-473c-918a-8e0e1844d701,dc95017e-fe6e-4c4e-9e27-5a2ec00017fe,49031cc3-80ce-466b-8b8e-3f34a21d7d23,2025-12-02,
eb4e580e-e422-4d54-aa3a-ef3879c8cf84,dc95017e-fe6e-4c4e-9e27-5a2ec00017fe,97383948-df6b-4370-b87c-787ebdc5ca24,2025-12-02,
ff33b82c-d11d-48d9-b6c9-fd7b329b9d8d,e83fd51a-5233-405e-b975-efc6518f892c,47560c3d-119c-468e-a28f-338c6ff2fe6e,2025-12-02,
fabaea94-68e1-4bcb-be9b-8270188e75bf,e83fd51a-5233-405e-b975-efc6518f892c,49031cc3-80ce-466b-8b8e-3f34a21d7d23,2025-12-02,
400bf5f8-ab96-4adc-9357-cf338efc6702,b4bc91ba-7b2e-4c40-ba6d-9dab0c28ad21,47560c3d-119c-468e-a28f-338c6ff2fe6e,2025-12-02,
b3cc9eb4-4e80-4e81-9754-dd01cb3ab565,b4bc91ba-7b2e-4c40-ba6d-9dab0c28ad21,86e255b3-add9-4004-8f42-e1f6b1ce3524,2025-12-02,
f797f971-f517-4df9-ae38-1d17c9755a91,31abe3b9-ded9-43c1-8df8-bfc5ca928656,86e255b3-add9-4004-8f42-e1f6b1ce3524,2025-12-02,
6c0e9d7a-b5db-42a9-8dc6-cae5f93c9666,31abe3b9-ded9-43c1-8df8-bfc5ca928656,97383948-df6b-4370-b87c-787ebdc5ca24,2025-12-02,
a0650c1b-40f8-404c-a1d7-820b3da8c350,b9eb8e8d-d34b-49fd-81c6-b6b0aed88887,49031cc3-80ce-466b-8b8e-3f34a21d7d23,2025-12-02,
571132be-058b-4151-af30-54b088ca1a79,b9eb8e8d-d34b-49fd-81c6-b6b0aed88887,47560c3d-119c-468e-a28f-338c6ff2fe6e,2025-12-02,
9f90b47f-e0a0-4db2-a3f8-a1f7aca0925a,7f099bb6-f6f6-41df-8bcb-f20bb05e42dc,97383948-df6b-4370-b87c-787ebdc5ca24,2025-12-02,
62141ab4-59f7-43c7-9914-50b1ea656201,7f099bb6-f6f6-41df-8bcb-f20bb05e42dc,86e255b3-add9-4004-8f42-e1f6b1ce3524,2025-12-02,
d82c991a-c475-437f-8bf1-405a012a6e2f,843ae92e-8c6c-483d-8397-0bc8ef8151f5,47560c3d-119c-468e-a28f-338c6ff2fe6e,2025-12-02,
1dee7d31-2083-4e10-a12a-ac7f242e7434,843ae92e-8c6c-483d-8397-0bc8ef8151f5,86e255b3-add9-4004-8f42-e1f6b1ce3524,2025-12-02,
5fd31b4c-921d-4bde-a035-c3a6bef372f4,98368190-3b2a-4bce-8d0f-203ff32f68c0,86e255b3-add9-4004-8f42-e1f6b1ce3524,2025-12-02,
3c1bbfe7-e0e1-4e0e-9134-576fc1eb9019,98368190-3b2a-4bce-8d0f-203ff32f68c0,97383948-df6b-4370-b87c-787ebdc5ca24,2025-12-02,
a9e8ee1a-f2ec-40d1-bd0e-2b312fb5a257,c5e41799-1632-49dd-9590-b33ee1f0dcfc,86e255b3-add9-4004-8f42-e1f6b1ce3524,2025-12-02,
7b4c305d-4735-4e5d-872b-5cf7a892f06c,c5e41799-1632-49dd-9590-b33ee1f0dcfc,47560c3d-119c-468e-a28f-338c6ff2fe6e,2025-12-02,
4b194015-802a-4e80-a357-8d032f3d4fe4,36736320-7ce3-455f-b126-4491f930a8f8,86e255b3-add9-4004-8f42-e1f6b1ce3524,2025-12-02,
6bf4b687-29c9-45b9-b3f9-d8f6f73406a0,36736320-7ce3-455f-b126-4491f930a8f8,47560c3d-119c-468e-a28f-338c6ff2fe6e,2025-12-02,
d8cc5566-5d66-4e31-b75b-30dbe16ca1ca,f67b1037-6bbf-4475-b1aa-c1ec71e3c380,97383948-df6b-4370-b87c-787ebdc5ca24,2025-12-02,
f25f6ae3-415d-44ee-9efb-2c5cc821c8b1,f67b1037-6bbf-4475-b1aa-c1ec71e3c380,49031cc3-80ce-466b-8b8e-3f34a21d7d23,2025-12-02,
e6309eee-9bfe-45ef-83c4-c85909f13523,a8dde461-dd0f-4d40-95da-4eb16818cc24,49031cc3-80ce-466b-8b8e-3f34a21d7d23,2025-12-02,
f73504b4-ce3a-4ec3-9d30-5754a5a7fab2,a8dde461-dd0f-4d40-95da-4eb16818cc24,86e255b3-add9-4004-8f42-e1f6b1ce3524,2025-12-02,
1cdda61e-fe25-46c6-9d7e-dfad079688e5,035bddca-8ee8-47a0-a337-80bc489d6642,86e255b3-add9-4004-8f42-e1f6b1ce3524,2025-12-02,
01a31faf-f7bd-495b-bbe2-99534e2da04f,035bddca-8ee8-47a0-a337-80bc489d6642,47560c3d-119c-468e-a28f-338c6ff2fe6e,2025-12-02,
058bf1eb-39e9-4314-8409-0d899169f34c,7baf3a6c-f8e1-4dd6-a20b-37c737595083,47560c3d-119c-468e-a28f-338c6ff2fe6e,2025-12-02,
575833ce-55a8-45f9-bc53-e1ab3d228642,7baf3a6c-f8e1-4dd6-a20b-37c737595083,97383948-df6b-4370-b87c-787ebdc5ca24,2025-12-02,
fc44ac67-4f94-44b0-8bf8-6102ab3e2ba2,fbe412fd-75de-4b44-997c-95bbffcbfe91,49031cc3-80ce-466b-8b8e-3f34a21d7d23,2025-12-02,
cd9dad10-501d-4b42-b83c-5bbd9c1af927,fbe412fd-75de-4b44-997c-95bbffcbfe91,47560c3d-119c-468e-a28f-338c6ff2fe6e,2025-12-02,
13a6df1d-820c-4988-9ccd-1660cae5ac67,2ebe057f-2eef-4522-97e4-119c290da007,49031cc3-80ce-466b-8b8e-3f34a21d7d23,2025-12-02,
9da799db-745c-4049-90a5-9c5585c33dd8,2ebe057f-2eef-4522-97e4-119c290da007,47560c3d-119c-468e-a28f-338c6ff2fe6e,2025-12-02,
ac6d2d1d-cd9d-4691-8bb4-05f416077f26,cf64bd60-c10f-43f1-bfc3-89010cbd69bc,86e255b3-add9-4004-8f42-e1f6b1ce3524,2025-12-02,
395c04f3-d5a9-4172-b3ef-0d17bec9a955,cf64bd60-c10f-43f1-bfc3-89010cbd69bc,47560c3d-119c-468e-a28f-338c6ff2fe6e,2025-12-02,
7cf7a34a-8305-4e5c-bde8-c13bcbcd9cc4,a13a4590-5bf0-4929-a530-afd08faa80da,86e255b3-add9-4004-8f42-e1f6b1ce3524,2025-12-02,
094ea0fd-2fc1-4c9d-b36a-2e06f9d24a38,a13a4590-5bf0-4929-a530-afd08faa80da,47560c3d-119c-468e-a28f-338c6ff2fe6e,2025-12-02,
30bbd63d-f241-4778-b2c2-00810ce9d1a4,ccef44cd-2a74-4a2b-98ac-aefbe22d4f17,47560c3d-119c-468e-a28f-338c6ff2fe6e,2025-12-02,
0883e30d-096d-425b-b14e-81e042ee62a2,ccef44cd-2a74-4a2b-98ac-aefbe22d4f17,97383948-df6b-4370-b87c-787ebdc5ca24,2025-12-02,
76c70b1d-109e-47d0-af2b-804378336672,7e9f1636-23ec-4ef3-9208-8fbdae1fcc31,49031cc3-80ce-466b-8b8e-3f34a21d7d23,2025-12-02,
a694ecd5-54f0-4ae2-b265-550e2f78b1e5,7e9f1636-23ec-4ef3-9208-8fbdae1fcc31,47560c3d-119c-468e-a28f-338c6ff2fe6e,2025-12-02,
b1be0241-ab3c-4af1-9197-b5140134037f,449fbc07-a3b6-4dff-bebf-8602ff58538a,49031cc3-80ce-466b-8b8e-3f34a21d7d23,2025-12-02,
02b1f62f-9b33-461e-ab8a-12e494353e94,449fbc07-a3b6-4dff-bebf-8602ff58538a,47560c3d-119c-468e-a28f-338c6ff2fe6e,2025-12-02,
a5a3b6e9-4133-447d-aefe-83fe86a961ee,ce14e730-2def-49bc-8c92-f6cbe40001c8,47560c3d-119c-468e-a28f-338c6ff2fe6e,2025-12-02,
aabc5efe-b113-429e-b3fe-2cd4ebb447dc,ce14e730-2def-49bc-8c92-f6cbe40001c8,86e255b3-add9-4004-8f42-e1f6b1ce3524,2025-12-02,
9be5259c-e4a7-4bbb-9a1e-054aaf8154df,42ddbd51-a1c4-4bb1-8d68-5a810074800c,49031cc3-80ce-466b-8b8e-3f34a21d7d23,2025-12-02,
288ce624-17d7-4d65-9c81-12590aca9889,42ddbd51-a1c4-4bb1-8d68-5a810074800c,86e255b3-add9-4004-8f42-e1f6b1ce3524,2025-12-02,
b2285032-fb49-45ea-b385-46b9147ecff1,7fd8fca2-3fbe-4cc9-8006-89b7b2e12b3c,49031cc3-80ce-466b-8b8e-3f34a21d7d23,2025-12-02,
1e71688d-8027-48d1-975d-4e30e6de8b31,7fd8fca2-3fbe-4cc9-8006-89b7b2e12b3c,97383948-df6b-4370-b87c-787ebdc5ca24,2025-12-02,
eb7c06fa-1799-4ddf-b700-f8f92ca7a02c,61ff6b72-4ed8-4579-b6eb-951048f440a8,47560c3d-119c-468e-a28f-338c6ff2fe6e,2025-12-02,
ab87a86a-81d1-48cc-8667-67ef5123931a,61ff6b72-4ed8-4579-b6eb-951048f440a8,49031cc3-80ce-466b-8b8e-3f34a21d7d23,2025-12-02,
57a4e7ee-f106-4777-b02e-1037f70ddb88,d99c9370-0313-4923-aeab-391f345da81d,49031cc3-80ce-466b-8b8e-3f34a21d7d23,2025-12-02,
28a80f82-4c91-4d56-a1ed-4f47605e469c,d99c9370-0313-4923-aeab-391f345da81d,47560c3d-119c-468e-a28f-338c6ff2fe6e,2025-12-02,
dc3210a6-c3ce-4446-854c-2eb39a516371,b384c181-33b6-4d3b-a72c-cd97ce5a609b,49031cc3-80ce-466b-8b8e-3f34a21d7d23,2025-12-02,
4068b997-9d94-4d55-99de-7fe6af466d1e,b384c181-33b6-4d3b-a72c-cd97ce5a609b,86e255b3-add9-4004-8f42-e1f6b1ce3524,2025-12-02,
62aec3d9-d31a-460c-b09f-e34897335994,5a50bbae-98c6-4ad7-a278-9b3fc1b5cee5,97383948-df6b-4370-b87c-787ebdc5ca24,2025-12-02,
4f06f97c-2960-42b6-aac0-31ba9ccb8f06,5a50bbae-98c6-4ad7-a278-9b3fc1b5cee5,47560c3d-119c-468e-a28f-338c6ff2fe6e,2025-12-02,
ebaadcc1-d7fd-49b7-ae33-e46fadddb78b,7320768a-6482-4fca-be1f-7e447893702a,49031cc3-80ce-466b-8b8e-3f34a21d7d23,2025-12-02,
4cbdcc5a-307a-472e-8037-b38aead5b593,7320768a-6482-4fca-be1f-7e447893702a,86e255b3-add9-4004-8f42-e1f6b1ce3524,2025-12-02,
be777cae-7f92-4f11-bbe5-350cae52ff89,22b672de-8765-47d0-81fe-33dd48735bd2,86e255b3-add9-4004-8f42-e1f6b1ce3524,2025-12-02,
968e1640-afa2-4e08-8adf-ad8700015cfc,22b672de-8765-47d0-81fe-33dd48735bd2,97383948-df6b-4370-b87c-787ebdc5ca24,2025-12-02,
9d8b40b4-d0bf-4c76-9513-8171895c1434,c0d6875a-3d80-4546-8f50-7c4eafcd0f28,49031cc3-80ce-466b-8b8e-3f34a21d7d23,2025-12-02,
5c8046d4-cd3a-48b1-b134-638c232510d0,c0d6875a-3d80-4546-8f50-7c4eafcd0f28,47560c3d-119c-468e-a28f-338c6ff2fe6e,2025-12-02,
f9560b57-ed62-45e5-8821-b6ec64bfa07b,8d1e534f-74db-4618-9bf6-ff2f182d58a2,86e255b3-add9-4004-8f42-e1f6b1ce3524,2025-12-02,
8708e330-2d86-4961-b099-d146c8221290,8d1e534f-74db-4618-9bf6-ff2f182d58a2,49031cc3-80ce-466b-8b8e-3f34a21d7d23,2025-12-02,
86ae7ac3-9f4f-49b0-aaee-e30423c31877,247cc5ff-5da1-4a6f-9821-590dc9ebf1cb,86e255b3-add9-4004-8f42-e1f6b1ce3524,2025-12-02,
4f2c9803-89a4-475f-b1a2-a475356f7dc3,247cc5ff-5da1-4a6f-9821-590dc9ebf1cb,47560c3d-119c-468e-a28f-338c6ff2fe6e,2025-12-02,
f5768ef3-5001-419a-aeab-1918b8b494fe,d0189023-bb24-4020-b142-5ed3c6137bdb,49031cc3-80ce-466b-8b8e-3f34a21d7d23,2025-12-02,
cbeaefba-c1a4-4866-b220-861bc38fdeb9,d0189023-bb24-4020-b142-5ed3c6137bdb,97383948-df6b-4370-b87c-787ebdc5ca24,2025-12-02,
e1ea9c6a-985a-4378-8c10-2e8f6d292771,ecfd41c6-9034-4530-abf8-beeb257f6dce,47560c3d-119c-468e-a28f-338c6ff2fe6e,2025-12-02,
37f90cff-3355-42b0-b379-cb13077f6db7,ecfd41c6-9034-4530-abf8-beeb257f6dce,86e255b3-add9-4004-8f42-e1f6b1ce3524,2025-12-02,
9ac03690-8d66-4aa1-aba2-af6fa030c050,4df6eba8-a1f9-4824-8e11-604d48e2122b,49031cc3-80ce-466b-8b8e-3f34a21d7d23,2025-12-02,
618ff924-4ce5-436b-a728-1114ef2c1de5,4df6eba8-a1f9-4824-8e11-604d48e2122b,47560c3d-119c-468e-a28f-338c6ff2fe6e,2025-12-02,
98625ba3-036e-4f09-b91b-f5a37a7163f3,6b3a5972-64ba-4d5b-960e-ae2d96c87f55,49031cc3-80ce-466b-8b8e-3f34a21d7d23,2025-12-02,
70f0fd54-1a19-43cc-8303-56433d1c7cf2,6b3a5972-64ba-4d5b-960e-ae2d96c87f55,47560c3d-119c-468e-a28f-338c6ff2fe6e,2025-12-02,
eea61d5b-1a3b-401d-8cdd-0547d45089ae,b146480e-a5db-4acc-af94-51e40a2cd1c0,86e255b3-add9-4004-8f42-e1f6b1ce3524,2025-12-02,
fdff48bc-9a68-45e1-8d5e-064f04e81560,b146480e-a5db-4acc-af94-51e40a2cd1c0,49031cc3-80ce-466b-8b8e-3f34a21d7d23,2025-12-02,
696e4321-c045-4841-a92b-6fff7ece9fd2,c3761e16-70aa-4a34-9e94-630e43f2b68f,97383948-df6b-4370-b87c-787ebdc5ca24,2025-12-02,
3bb9dd87-cdac-46ed-8d69-4634ac68a63b,c3761e16-70aa-4a34-9e94-630e43f2b68f,86e255b3-add9-4004-8f42-e1f6b1ce3524,2025-12-02,
0cd052e2-3eed-44b8-ab57-ba9db817d9bc,2ae76cfe-a2cf-4747-8197-65f609e99f5c,47560c3d-119c-468e-a28f-338c6ff2fe6e,2025-12-02,
416f079d-5f05-4c04-a873-2a61d6d463e6,2ae76cfe-a2cf-4747-8197-65f609e99f5c,86e255b3-add9-4004-8f42-e1f6b1ce3524,2025-12-02,
1e1adcea-633e-451e-a200-963e0d8312f9,6d19c567-6871-4b81-9023-801101d960c7,47560c3d-119c-468e-a28f-338c6ff2fe6e,2025-12-02,
0df6af23-2364-4a4d-b849-e89fd561bc8b,6d19c567-6871-4b81-9023-801101d960c7,49031cc3-80ce-466b-8b8e-3f34a21d7d23,2025-12-02,
b9fb1bf0-68dd-43a2-aaac-dd656dc3ed04,79b14cb3-0d0c-4440-ba46-2ae841e60dfa,47560c3d-119c-468e-a28f-338c6ff2fe6e,2025-12-02,
21ac95f8-6d8a-4858-9cd3-b6d4695e17c5,79b14cb3-0d0c-4440-ba46-2ae841e60dfa,49031cc3-80ce-466b-8b8e-3f34a21d7d23,2025-12-02,
bfbc19b0-a113-41f8-afa6-20371125891a,ea43975d-c1f5-4bbc-aa88-a47831ad6eb3,47560c3d-119c-468e-a28f-338c6ff2fe6e,2025-12-02,
41494151-201c-4665-9081-7aab044fa73e,ea43975d-c1f5-4bbc-aa88-a47831ad6eb3,97383948-df6b-4370-b87c-787ebdc5ca24,2025-12-02,
0d5723b7-508d-449d-ae92-62eeb486fce5,939ad88f-56bc-4c19-a15d-61477520d090,86e255b3-add9-4004-8f42-e1f6b1ce3524,2025-12-02,
71f75991-e3e6-4b10-99a3-c6d26b92331e,939ad88f-56bc-4c19-a15d-61477520d090,47560c3d-119c-468e-a28f-338c6ff2fe6e,2025-12-02,
968f96f9-6236-482e-ab44-1e99e4498087,e00e4e01-4785-414d-bae1-3f70fc472100,49031cc3-80ce-466b-8b8e-3f34a21d7d23,2025-12-02,
f65b3ca3-ea8a-43d2-b02b-8c4de5be4f9d,e00e4e01-4785-414d-bae1-3f70fc472100,86e255b3-add9-4004-8f42-e1f6b1ce3524,2025-12-02,
982bcfc0-1262-44cf-a616-eb95e15cb572,13b90a11-a131-4def-8f20-14442cb09511,86e255b3-add9-4004-8f42-e1f6b1ce3524,2025-12-02,
a4ac5c6f-9448-45d1-8520-a98b73e4372b,13b90a11-a131-4def-8f20-14442cb09511,49031cc3-80ce-466b-8b8e-3f34a21d7d23,2025-12-02,
b4c58070-7c73-4b76-a59e-df291e92ad32,cdb071c7-2227-4296-85c1-b79a716231b9,86e255b3-add9-4004-8f42-e1f6b1ce3524,2025-12-02,
f49e5aca-d17e-4978-9233-b68c95ede8f6,cdb071c7-2227-4296-85c1-b79a716231b9,49031cc3-80ce-466b-8b8e-3f34a21d7d23,2025-12-02,
e5185d63-2028-4023-9f63-0ff34ece3f68,958efc12-80ce-491d-937e-5b7515604cdf,86e255b3-add9-4004-8f42-e1f6b1ce3524,2025-12-02,
a81ef0fa-d1a8-41e3-83e8-95d37bbc22df,958efc12-80ce-491d-937e-5b7515604cdf,97383948-df6b-4370-b87c-787ebdc5ca24,2025-12-02,
38920121-b1d4-4063-bce9-84c81eb81104,ee3324f4-87b2-4523-80cc-97efa1c542c0,97383948-df6b-4370-b87c-787ebdc5ca24,2025-12-02,
04d6b603-e188-4a47-835b-926fbdbac55c,ee3324f4-87b2-4523-80cc-97efa1c542c0,86e255b3-add9-4004-8f42-e1f6b1ce3524,2025-12-02,
973f8244-e951-47b3-9b27-2a8bfa7d368b,c93ca0b7-baa3-406f-831f-0225d1ab3f8a,49031cc3-80ce-466b-8b8e-3f34a21d7d23,2025-12-02,
306b465d-37a1-4dc2-bfb0-ef2387f96cb3,c93ca0b7-baa3-406f-831f-0225d1ab3f8a,47560c3d-119c-468e-a28f-338c6ff2fe6e,2025-12-02,
1fd493b1-33d8-4679-a9dc-2ca3c6c8171f,ca87113c-7ea1-4f5c-b858-8a9bdd27a5e6,97383948-df6b-4370-b87c-787ebdc5ca24,2025-12-02,
a3796b85-638b-44ed-9fdd-f61daceaa391,ca87113c-7ea1-4f5c-b858-8a9bdd27a5e6,49031cc3-80ce-466b-8b8e-3f34a21d7d23,2025-12-02,
8f8f6b84-5a7b-4542-b082-7123f2306606,fb0f41ba-0e86-4a23-9a58-64aeecb17b2e,47560c3d-119c-468e-a28f-338c6ff2fe6e,2025-12-02,
dc4dc540-5bb3-4ab6-9649-8d1033b5e96d,fb0f41ba-0e86-4a23-9a58-64aeecb17b2e,97383948-df6b-4370-b87c-787ebdc5ca24,2025-12-02,
f2509812-57d0-4a5c-b4cc-ce0d66193747,a59ee7e4-f195-4ff1-b0d7-f2e2ac68dc45,47560c3d-119c-468e-a28f-338c6ff2fe6e,2025-12-02,
ecf825b1-825b-4282-90c7-6bfdef3c337b,a59ee7e4-f195-4ff1-b0d7-f2e2ac68dc45,49031cc3-80ce-466b-8b8e-3f34a21d7d23,2025-12-02,
49673466-8a2a-4d6d-8e78-e4e401e78d67,95560399-4ff9-447f-9d7a-b6ced221d39f,97383948-df6b-4370-b87c-787ebdc5ca24,2025-12-02,
4cf41e04-a0f8-4c6e-8671-89d864762707,95560399-4ff9-447f-9d7a-b6ced221d39f,49031cc3-80ce-466b-8b8e-3f34a21d7d23,2025-12-02,
3c77d83b-2555-41c4-8548-38878d75219e,fedea8eb-31a0-4877-9d72-75b45c0db35d,97383948-df6b-4370-b87c-787ebdc5ca24,2025-12-02,
8c736138-1ad4-4672-9a44-320f21123d6a,fedea8eb-31a0-4877-9d72-75b45c0db35d,86e255b3-add9-4004-8f42-e1f6b1ce3524,2025-12-02,
7d51a820-79e9-49cb-9d52-58d76c79edb2,d6bd96ff-48c5-4328-9d30-9554e81d96e3,49031cc3-80ce-466b-8b8e-3f34a21d7d23,2025-12-02,
86328ea0-0f74-45bf-bb47-eaa6af4f6588,d6bd96ff-48c5-4328-9d30-9554e81d96e3,86e255b3-add9-4004-8f42-e1f6b1ce3524,2025-12-02,
8bdbd50c-f48e-4ba3-be0e-8c628ed0df2b,c582077c-a862-4dfa-a9d7-8004557883aa,47560c3d-119c-468e-a28f-338c6ff2fe6e,2025-12-02,
25ece3d6-c0b6-4924-8539-848c2e4cd417,c582077c-a862-4dfa-a9d7-8004557883aa,86e255b3-add9-4004-8f42-e1f6b1ce3524,2025-12-02,
34677441-fb60-4a65-bea8-3b9b8f26af56,8af05ba4-50de-483a-b7cb-ae345187de5b,49031cc3-80ce-466b-8b8e-3f34a21d7d23,2025-12-02,
e54c2243-12f9-48e0-b319-a7d97b71edb8,8af05ba4-50de-483a-b7cb-ae345187de5b,97383948-df6b-4370-b87c-787ebdc5ca24,2025-12-02,
5474df47-cab1-47b0-9c78-951daf6f76ad,533c404a-cd16-4139-be97-243d53116bad,47560c3d-119c-468e-a28f-338c6ff2fe6e,2025-12-02,
7eff3c17-d14c-45bd-949d-72edc3c9aa1f,533c404a-cd16-4139-be97-243d53116bad,86e255b3-add9-4004-8f42-e1f6b1ce3524,2025-12-02,
d2f0f5b9-c3b2-4773-8681-33436ded5acc,9749dea1-cdb2-40ae-b261-71baa0b53fa9,ce092910-57cd-4ba1-b5f3-d49a516e1e78,2025-12-02,
a902171b-efbb-467e-a570-f2c2237bbc7a,9749dea1-cdb2-40ae-b261-71baa0b53fa9,9065f4bf-7557-420d-a6da-81865dbfc601,2025-12-02,
1f9ea205-f18c-4fc3-88b9-607ad6cbe7a6,fcc6595b-19c4-4904-800c-01f152fffeaf,ce092910-57cd-4ba1-b5f3-d49a516e1e78,2025-12-02,
4f0495c6-546f-4bea-abde-4d48e7323cbc,fcc6595b-19c4-4904-800c-01f152fffeaf,9065f4bf-7557-420d-a6da-81865dbfc601,2025-12-02,
f9f0e76b-3cc7-449a-a06b-3d989fc8b308,0678be7a-adcb-4bae-b743-3ffbcb06a82c,717c8112-4ef0-45ac-92d6-a53339431ff1,2025-12-02,
e5f1b2c0-3847-4413-b994-80942ea0af0f,0678be7a-adcb-4bae-b743-3ffbcb06a82c,ce092910-57cd-4ba1-b5f3-d49a516e1e78,2025-12-02,
8900a62d-748c-4525-960a-31c55d7d838c,dfde01e6-73dc-476a-85a5-833b50af11d2,c526e439-a646-47bf-9aab-e2783f8e4462,2025-12-02,
3f56db88-27ce-498f-a518-e98238c6fd53,dfde01e6-73dc-476a-85a5-833b50af11d2,ce092910-57cd-4ba1-b5f3-d49a516e1e78,2025-12-02,
14178898-86ef-43b2-83c9-6ccd6588e177,9fcccc97-da52-48e0-92c1-db6623e132c5,c526e439-a646-47bf-9aab-e2783f8e4462,2025-12-02,
6b041538-70a4-49c3-beaa-13aee9e465ed,9fcccc97-da52-48e0-92c1-db6623e132c5,ce092910-57cd-4ba1-b5f3-d49a516e1e78,2025-12-02,
89e233d3-a5f4-4130-a9b0-fe5d2303ed59,264980b0-374d-4809-868c-95d84435f5b8,9065f4bf-7557-420d-a6da-81865dbfc601,2025-12-02,
1eb271b3-e4bc-4433-82db-8371ac48dd5a,264980b0-374d-4809-868c-95d84435f5b8,ce092910-57cd-4ba1-b5f3-d49a516e1e78,2025-12-02,
65711d85-fccb-4540-a17a-ef07d6028a32,18609ac4-2061-4f4b-9500-48b1b7f576d7,c526e439-a646-47bf-9aab-e2783f8e4462,2025-12-02,
92571103-6f09-4e8f-81a8-30e6a7196fb6,18609ac4-2061-4f4b-9500-48b1b7f576d7,9065f4bf-7557-420d-a6da-81865dbfc601,2025-12-02,
37178b1d-7e3f-47b5-b4c2-c83e208e0d33,fde2b51b-7a5e-408a-8d27-6893f9e91384,ce092910-57cd-4ba1-b5f3-d49a516e1e78,2025-12-02,
03d8e813-c593-4dba-95a2-f429c3d013b6,fde2b51b-7a5e-408a-8d27-6893f9e91384,c526e439-a646-47bf-9aab-e2783f8e4462,2025-12-02,
f99151e2-be15-4711-b9a8-584f39af1ff7,e0e93515-47fc-4588-981c-1474c1d76ab8,c526e439-a646-47bf-9aab-e2783f8e4462,2025-12-02,
78a32c71-8171-4261-8420-7425f7e80a4d,e0e93515-47fc-4588-981c-1474c1d76ab8,9065f4bf-7557-420d-a6da-81865dbfc601,2025-12-02,
fdd1896a-9547-4f60-82d7-3601b5a4cd34,409af852-6bf6-4499-ae24-e0c9212249f2,c526e439-a646-47bf-9aab-e2783f8e4462,2025-12-02,
2ab30976-ab70-45ee-86ba-0b73c8b756ec,409af852-6bf6-4499-ae24-e0c9212249f2,717c8112-4ef0-45ac-92d6-a53339431ff1,2025-12-02,
eba293eb-6716-4925-84fb-4c7215c17a6a,1268d57d-d1ce-499d-8aba-8c74a8bfd12d,ce092910-57cd-4ba1-b5f3-d49a516e1e78,2025-12-02,
16708c90-d627-4949-9335-6bcf3dc5602c,1268d57d-d1ce-499d-8aba-8c74a8bfd12d,9065f4bf-7557-420d-a6da-81865dbfc601,2025-12-02,
4da3fb4b-ff39-465a-972c-df0218c6144b,3b98a576-f515-4d7c-aec6-261da10e28cb,ce092910-57cd-4ba1-b5f3-d49a516e1e78,2025-12-02,
31e30a36-7d8c-45a3-b725-8e545b0e00c6,3b98a576-f515-4d7c-aec6-261da10e28cb,717c8112-4ef0-45ac-92d6-a53339431ff1,2025-12-02,
4186e4e4-8ee2-4fb3-b23c-98f0a1b701fb,dbdf4538-853d-4d6c-9c0c-81e68b7d00e9,c526e439-a646-47bf-9aab-e2783f8e4462,2025-12-02,
402ad90f-f972-4492-8397-7bd409d40b49,dbdf4538-853d-4d6c-9c0c-81e68b7d00e9,ce092910-57cd-4ba1-b5f3-d49a516e1e78,2025-12-02,
3a743d3b-29e4-406b-aa5d-c06c76554b72,fc4d2b3b-8ac2-43a2-8d9f-ac2f4fd3b476,ce092910-57cd-4ba1-b5f3-d49a516e1e78,2025-12-02,
ecbed384-1700-42c4-b58d-c75c2a1f9c40,fc4d2b3b-8ac2-43a2-8d9f-ac2f4fd3b476,c526e439-a646-47bf-9aab-e2783f8e4462,2025-12-02,
8aded2dd-aefc-4c00-9d64-0a2c0d007820,e3dd03c7-0fad-454f-a4aa-851d7ecb4f39,9065f4bf-7557-420d-a6da-81865dbfc601,2025-12-02,
271905a0-3ee9-4f6b-b32a-39c304c5e0c8,e3dd03c7-0fad-454f-a4aa-851d7ecb4f39,c526e439-a646-47bf-9aab-e2783f8e4462,2025-12-02,
b37d1536-342d-4ef9-8bea-deb6c1ba3f17,e0b4e09a-7202-4041-958f-a49723f02289,717c8112-4ef0-45ac-92d6-a53339431ff1,2025-12-02,
0661067b-1631-4f70-ad14-26248fd6f75e,e0b4e09a-7202-4041-958f-a49723f02289,9065f4bf-7557-420d-a6da-81865dbfc601,2025-12-02,
3da805fe-0a31-49b0-8ea7-c95575551ac2,7243e950-76a9-4b29-932e-3877fcded76e,717c8112-4ef0-45ac-92d6-a53339431ff1,2025-12-02,
c42a6903-5189-47d0-991f-4d548d480ccd,7243e950-76a9-4b29-932e-3877fcded76e,c526e439-a646-47bf-9aab-e2783f8e4462,2025-12-02,
a6e13b7d-5f61-472c-be4c-3a9686ab1bfa,e6f64db9-e87f-498a-ae1d-6ce29800af27,ce092910-57cd-4ba1-b5f3-d49a516e1e78,2025-12-02,
fcce4c53-1f9f-4d1d-b3e6-c4db27f841c4,e6f64db9-e87f-498a-ae1d-6ce29800af27,c526e439-a646-47bf-9aab-e2783f8e4462,2025-12-02,
beb0fc32-196e-4970-930a-af70bc8e6280,b0dd6910-03fa-4b3c-8461-e44ae950906a,c526e439-a646-47bf-9aab-e2783f8e4462,2025-12-02,
b342fca6-17f4-4b6a-b4aa-e6eef672537e,b0dd6910-03fa-4b3c-8461-e44ae950906a,9065f4bf-7557-420d-a6da-81865dbfc601,2025-12-02,
bcabb7d8-a3c2-405c-82c7-a74b4c77ded6,5f3babed-773e-4d14-8bba-6ae33811f1e1,c526e439-a646-47bf-9aab-e2783f8e4462,2025-12-02,
26d4f15f-ba4a-4364-bdce-0dd914919952,5f3babed-773e-4d14-8bba-6ae33811f1e1,9065f4bf-7557-420d-a6da-81865dbfc601,2025-12-02,
172c7602-2cd5-4e84-8dd1-03ec0c1e2ba9,ddf9961f-fe89-44bd-b2aa-7359b7cb5dff,ce092910-57cd-4ba1-b5f3-d49a516e1e78,2025-12-02,
028e367d-4d79-4b1f-a346-4f8343814b72,ddf9961f-fe89-44bd-b2aa-7359b7cb5dff,9065f4bf-7557-420d-a6da-81865dbfc601,2025-12-02,
8c634594-0f59-498e-9446-636b07a61b59,0f56d8a3-8512-44fa-917e-bd33f68dd3d5,c526e439-a646-47bf-9aab-e2783f8e4462,2025-12-02,
7f40c45a-0861-4555-b764-48791c4f64a3,0f56d8a3-8512-44fa-917e-bd33f68dd3d5,ce092910-57cd-4ba1-b5f3-d49a516e1e78,2025-12-02,
f2c8530d-3990-4ce1-86f5-408d2abb3c43,d4cc997c-e781-4ad9-a1bc-3db6bcf64977,717c8112-4ef0-45ac-92d6-a53339431ff1,2025-12-02,
7d671fad-453c-429c-8195-ad3c77d7e38f,d4cc997c-e781-4ad9-a1bc-3db6bcf64977,ce092910-57cd-4ba1-b5f3-d49a516e1e78,2025-12-02,
fc48b8a2-13d1-47cb-9851-38e77ae7ffc5,35a44d8e-9ae4-4553-b47a-1d4d7a7732fa,717c8112-4ef0-45ac-92d6-a53339431ff1,2025-12-02,
92fd2267-b304-4335-8fb0-d97efc2dda45,35a44d8e-9ae4-4553-b47a-1d4d7a7732fa,c526e439-a646-47bf-9aab-e2783f8e4462,2025-12-02,
490b59d3-9ad0-49b5-aa00-7768dbe53266,39badfac-18c2-4e39-9f0d-995e71ab6f4b,717c8112-4ef0-45ac-92d6-a53339431ff1,2025-12-02,
a637f802-a881-4cde-a447-933a83f8fe33,39badfac-18c2-4e39-9f0d-995e71ab6f4b,ce092910-57cd-4ba1-b5f3-d49a516e1e78,2025-12-02,
38c54b98-ebaa-4800-9e0d-c240ff14f50f,9cf08b45-841b-46e3-89c5-7c345d832e39,ce092910-57cd-4ba1-b5f3-d49a516e1e78,2025-12-02,
03983942-fd15-4eac-ae90-980cf046dd38,9cf08b45-841b-46e3-89c5-7c345d832e39,717c8112-4ef0-45ac-92d6-a53339431ff1,2025-12-02,
522f14bf-4c9c-40e8-b9bb-c5701b247ff1,5c3e876e-faa2-45b6-bddc-34b5f92c3c85,ce092910-57cd-4ba1-b5f3-d49a516e1e78,2025-12-02,
d96adf91-c823-4a03-b4f8-a4a7d0abbbd5,5c3e876e-faa2-45b6-bddc-34b5f92c3c85,c526e439-a646-47bf-9aab-e2783f8e4462,2025-12-02,
985e80eb-dbf2-40c1-908c-6def9dd7b246,e9410b27-0034-4ba5-b14a-4c35993ce91e,c526e439-a646-47bf-9aab-e2783f8e4462,2025-12-02,
5970e370-41d4-4754-8740-dee5601a5aa6,e9410b27-0034-4ba5-b14a-4c35993ce91e,717c8112-4ef0-45ac-92d6-a53339431ff1,2025-12-02,
6e105da7-b9da-49f2-8ecf-0688304e1cdd,a4352dd5-f5f7-47d9-bcf0-8c87e3fb9044,9065f4bf-7557-420d-a6da-81865dbfc601,2025-12-02,
7953015b-1fcc-4250-8b7d-93fa3682b5e1,a4352dd5-f5f7-47d9-bcf0-8c87e3fb9044,ce092910-57cd-4ba1-b5f3-d49a516e1e78,2025-12-02,
b5836d54-59d9-4998-beb9-75c82cbb0c5e,5ffc15de-1e39-4d9f-bdd9-c50d9c36f940,ce092910-57cd-4ba1-b5f3-d49a516e1e78,2025-12-02,
51a6b18e-e115-4b64-9c2a-8df5ecc8162c,5ffc15de-1e39-4d9f-bdd9-c50d9c36f940,9065f4bf-7557-420d-a6da-81865dbfc601,2025-12-02,
7dfa2e65-8586-4260-9c6e-025dc7c01356,bb4cad68-eacc-4911-aa26-5a6895cdb1ee,717c8112-4ef0-45ac-92d6-a53339431ff1,2025-12-02,
82540838-b08b-45ed-84ff-38bb7bb9d971,bb4cad68-eacc-4911-aa26-5a6895cdb1ee,9065f4bf-7557-420d-a6da-81865dbfc601,2025-12-02,
fecf0b49-4bb2-4c27-8f08-b95fa6fd076c,1e9f4936-34a0-4482-b94e-0e1033964df4,717c8112-4ef0-45ac-92d6-a53339431ff1,2025-12-02,
e14b72a0-8ce5-4a53-bd2b-2ecd3703c5bf,1e9f4936-34a0-4482-b94e-0e1033964df4,c526e439-a646-47bf-9aab-e2783f8e4462,2025-12-02,
38d74a95-fb5c-43b4-aa54-5c771a015848,b2c6db82-0dc3-40c9-828d-a20cad952690,ce092910-57cd-4ba1-b5f3-d49a516e1e78,2025-12-02,
15f0459a-b336-449c-9fe8-013b99a31c0d,b2c6db82-0dc3-40c9-828d-a20cad952690,9065f4bf-7557-420d-a6da-81865dbfc601,2025-12-02,
bb52359e-5808-41fc-839a-d6a761db8cf3,89ae8983-1411-4e0d-b54f-84f7e310338d,c526e439-a646-47bf-9aab-e2783f8e4462,2025-12-02,
28a0d0f5-a5ba-4f1d-aab0-1c39735390d3,89ae8983-1411-4e0d-b54f-84f7e310338d,717c8112-4ef0-45ac-92d6-a53339431ff1,2025-12-02,
c1901299-a9a4-4f5c-a3e1-6a22f5bb2739,fa9ba255-579e-4ce1-86fa-6a80012d9a3c,717c8112-4ef0-45ac-92d6-a53339431ff1,2025-12-02,
0da3704f-2a42-4515-943f-4cce0f24290d,fa9ba255-579e-4ce1-86fa-6a80012d9a3c,9065f4bf-7557-420d-a6da-81865dbfc601,2025-12-02,
d9e63ba9-978f-4bca-83ef-98b07704b342,066d4e04-f598-4508-aa83-88dea41c7ba3,9065f4bf-7557-420d-a6da-81865dbfc601,2025-12-02,
c5d42645-b971-46ac-a51b-7f17a1f6f4ca,066d4e04-f598-4508-aa83-88dea41c7ba3,717c8112-4ef0-45ac-92d6-a53339431ff1,2025-12-02,
9a6addcd-a9bb-4d47-ac69-ef381189dde0,12cd699b-29b7-4c1b-b2de-8a810b53bfb8,717c8112-4ef0-45ac-92d6-a53339431ff1,2025-12-02,
e84d83ff-a863-49c2-a185-9a5585dd67eb,12cd699b-29b7-4c1b-b2de-8a810b53bfb8,c526e439-a646-47bf-9aab-e2783f8e4462,2025-12-02,
68f43b0a-771b-4373-966f-b7b84e25fb33,9fb85139-86ed-4985-82f5-2ffef84da203,c526e439-a646-47bf-9aab-e2783f8e4462,2025-12-02,
eeb812c0-ab5a-423b-bd67-5cae28a29d12,9fb85139-86ed-4985-82f5-2ffef84da203,9065f4bf-7557-420d-a6da-81865dbfc601,2025-12-02,
ddae3bfb-f704-4528-a60b-c4ae455ad265,58da51bc-8036-4c5e-a3fe-e40189a96321,ce092910-57cd-4ba1-b5f3-d49a516e1e78,2025-12-02,
dfdd1233-f446-4d99-9414-038cdd7c9f28,58da51bc-8036-4c5e-a3fe-e40189a96321,c526e439-a646-47bf-9aab-e2783f8e4462,2025-12-02,
ec60eac8-25e8-4d9a-8025-a242bc8bbe90,ce7e9529-25e8-4f73-a64c-a36fd21b89a1,c526e439-a646-47bf-9aab-e2783f8e4462,2025-12-02,
94630a04-29ed-4fe4-83b4-c65be980c042,ce7e9529-25e8-4f73-a64c-a36fd21b89a1,ce092910-57cd-4ba1-b5f3-d49a516e1e78,2025-12-02,
e13f7c40-4bb9-4703-a0f9-9e7346c151b6,f6cac17c-08ab-4e1b-83f9-98352d40bbfc,c526e439-a646-47bf-9aab-e2783f8e4462,2025-12-02,
0b017f28-d6ee-471e-8af4-de8bc8063a22,f6cac17c-08ab-4e1b-83f9-98352d40bbfc,717c8112-4ef0-45ac-92d6-a53339431ff1,2025-12-02,
13d18664-5fbc-4182-aced-2140720a891d,d2c4b956-577f-4a55-adc3-d84f5a9f5934,9065f4bf-7557-420d-a6da-81865dbfc601,2025-12-02,
498084a9-5d37-4261-ba32-195c8eec203c,d2c4b956-577f-4a55-adc3-d84f5a9f5934,ce092910-57cd-4ba1-b5f3-d49a516e1e78,2025-12-02,
5a3345d3-cc09-4c92-958e-66057e1eecf8,0d0ae77d-7741-4464-9b32-bed03d543028,ce092910-57cd-4ba1-b5f3-d49a516e1e78,2025-12-02,
ff7cde68-9f84-4296-b618-4214b31732d5,0d0ae77d-7741-4464-9b32-bed03d543028,717c8112-4ef0-45ac-92d6-a53339431ff1,2025-12-02,
e566dfcd-f8c6-4a63-990b-7a31a1dbdb5e,e92dcebd-595a-4593-927e-787504499347,9065f4bf-7557-420d-a6da-81865dbfc601,2025-12-02,
06b98c22-bc18-4b59-8ec5-1749899b7ce3,e92dcebd-595a-4593-927e-787504499347,717c8112-4ef0-45ac-92d6-a53339431ff1,2025-12-02,
f3228b11-bb83-41ae-9fb7-e64c9a441749,0fbfbaef-f563-47a4-bf79-352c417a906c,717c8112-4ef0-45ac-92d6-a53339431ff1,2025-12-02,
550546b0-bb1f-434d-b107-8df891244b24,0fbfbaef-f563-47a4-bf79-352c417a906c,9065f4bf-7557-420d-a6da-81865dbfc601,2025-12-02,
bf282d9f-c838-4730-b29c-9d265d3c976f,46020511-826b-40c3-8daa-b22873d925ea,9065f4bf-7557-420d-a6da-81865dbfc601,2025-12-02,
bf4d3e62-3768-433d-9b0a-0ec2b6689b23,46020511-826b-40c3-8daa-b22873d925ea,ce092910-57cd-4ba1-b5f3-d49a516e1e78,2025-12-02,
7fa2474d-bd87-48b6-84e4-9479d296e11c,e7896d5e-ef3f-4ad0-998f-8f2305b65f9f,c526e439-a646-47bf-9aab-e2783f8e4462,2025-12-02,
71269319-5b3a-451f-a617-053cd7c659ea,e7896d5e-ef3f-4ad0-998f-8f2305b65f9f,ce092910-57cd-4ba1-b5f3-d49a516e1e78,2025-12-02,
0b92a1e1-fe4e-4220-b174-53fd237e6057,86dd5976-96d2-42d4-89e7-373a56bbd9cb,717c8112-4ef0-45ac-92d6-a53339431ff1,2025-12-02,
3eba5c74-cde0-4c45-9cea-97efcc3c03ba,86dd5976-96d2-42d4-89e7-373a56bbd9cb,ce092910-57cd-4ba1-b5f3-d49a516e1e78,2025-12-02,
bcf40492-4774-4456-86ac-427bc3ed2849,665adb35-5d2c-4491-8e4d-ec7aafe7d08d,c526e439-a646-47bf-9aab-e2783f8e4462,2025-12-02,
1da5a6b5-aac0-49d4-af81-9d91ec91cbfa,665adb35-5d2c-4491-8e4d-ec7aafe7d08d,717c8112-4ef0-45ac-92d6-a53339431ff1,2025-12-02,
f4a2352b-d23d-4375-9d4e-d57cf475c93a,476ab8e5-f656-4c9e-955b-039a9e2a07bc,717c8112-4ef0-45ac-92d6-a53339431ff1,2025-12-02,
80ae7dd6-8970-4878-93c6-71479718f04d,476ab8e5-f656-4c9e-955b-039a9e2a07bc,9065f4bf-7557-420d-a6da-81865dbfc601,2025-12-02,
ff34ee15-3665-4d0f-8d2c-6c417df35a6a,3445db33-7c1d-445e-8e6b-0af92d18b526,717c8112-4ef0-45ac-92d6-a53339431ff1,2025-12-02,
493eb0c5-6da0-4d6b-853a-641f10d1d3e1,3445db33-7c1d-445e-8e6b-0af92d18b526,ce092910-57cd-4ba1-b5f3-d49a516e1e78,2025-12-02,
383cb0d4-a727-4148-8a33-d53edd9482d5,cda2e925-014a-4b6a-8d02-cff478eeeea5,717c8112-4ef0-45ac-92d6-a53339431ff1,2025-12-02,
7ec3ffbd-2167-4633-8149-06001fc26c93,cda2e925-014a-4b6a-8d02-cff478eeeea5,ce092910-57cd-4ba1-b5f3-d49a516e1e78,2025-12-02,
7be830c8-c09b-489b-b27e-05e9e0ba435c,128561d5-4e44-42ad-8283-25a0cd84acea,9065f4bf-7557-420d-a6da-81865dbfc601,2025-12-02,
4824cc6d-31c4-4a7c-8f48-cda287135e2c,128561d5-4e44-42ad-8283-25a0cd84acea,717c8112-4ef0-45ac-92d6-a53339431ff1,2025-12-02,
bdbf9987-5923-4f26-bcb7-b258c4473fd8,5689e9f2-0e4f-410c-9515-ecd1e1246b0e,ce092910-57cd-4ba1-b5f3-d49a516e1e78,2025-12-02,
5338a5eb-52fd-4973-b85e-db53e4a43780,5689e9f2-0e4f-410c-9515-ecd1e1246b0e,c526e439-a646-47bf-9aab-e2783f8e4462,2025-12-02,
c2b81918-9e11-4477-84a9-fde0814f1500,260ab532-e738-4a3b-8739-aef67ea4dc66,717c8112-4ef0-45ac-92d6-a53339431ff1,2025-12-02,
c6c226ef-7469-44a3-acc5-75548ddac740,260ab532-e738-4a3b-8739-aef67ea4dc66,ce092910-57cd-4ba1-b5f3-d49a516e1e78,2025-12-02,
740eca88-2abf-424a-a557-2e39a4815b3a,0abcdfa0-ccc1-4cf1-92df-7cc950ac6370,ce092910-57cd-4ba1-b5f3-d49a516e1e78,2025-12-02,
619ef27c-1ca4-4ae2-9765-8846518e9791,0abcdfa0-ccc1-4cf1-92df-7cc950ac6370,717c8112-4ef0-45ac-92d6-a53339431ff1,2025-12-02,
5f714e73-fbd8-42f9-adc1-ebf9677edb47,97521e13-031d-4f63-aeda-b28d961e8dc4,717c8112-4ef0-45ac-92d6-a53339431ff1,2025-12-02,
ed91ddcc-d7d7-44a9-837f-941c0f0daa4b,97521e13-031d-4f63-aeda-b28d961e8dc4,ce092910-57cd-4ba1-b5f3-d49a516e1e78,2025-12-02,
3a3422d5-a4f0-4005-b7ff-321ef66a49b3,70747bcb-c9f1-47da-bd23-9d6b98cf6339,717c8112-4ef0-45ac-92d6-a53339431ff1,2025-12-02,
7105c547-d66e-48f1-9b10-9d1cfac4493b,70747bcb-c9f1-47da-bd23-9d6b98cf6339,9065f4bf-7557-420d-a6da-81865dbfc601,2025-12-02,
fdaaea29-69a3-401d-bc91-c05630481531,80095a5e-1f3b-4f47-a423-d572b7f7361f,717c8112-4ef0-45ac-92d6-a53339431ff1,2025-12-02,
9b06dbac-f168-4078-b581-b729a1a76a45,80095a5e-1f3b-4f47-a423-d572b7f7361f,c526e439-a646-47bf-9aab-e2783f8e4462,2025-12-02,
bb6bbea9-4fea-4e37-ac34-f345a08cc1e9,fc0dd2c8-d221-4e00-a4ff-18baac6012d9,717c8112-4ef0-45ac-92d6-a53339431ff1,2025-12-02,
8427afa4-ac64-4bf2-af08-5397ca734295,fc0dd2c8-d221-4e00-a4ff-18baac6012d9,9065f4bf-7557-420d-a6da-81865dbfc601,2025-12-02,
c4b67e99-4e05-4743-86ab-7c1d6132b57f,89a1b8c2-6394-493e-a5c6-88f1c06ef3af,ce092910-57cd-4ba1-b5f3-d49a516e1e78,2025-12-02,
7135246a-3c9f-4bb0-9ef4-b6fa6a1dea17,89a1b8c2-6394-493e-a5c6-88f1c06ef3af,717c8112-4ef0-45ac-92d6-a53339431ff1,2025-12-02,
8b97b9f9-91ba-4559-b5fc-2a9b24ca4d77,fba79e19-6998-47b7-b13a-a53f8cf30059,9065f4bf-7557-420d-a6da-81865dbfc601,2025-12-02,
ad2798d5-6473-4c81-a671-781394502f96,fba79e19-6998-47b7-b13a-a53f8cf30059,717c8112-4ef0-45ac-92d6-a53339431ff1,2025-12-02,
57c4971d-f09f-47f0-bb3c-f6eac9ffae72,85c2b3ab-f6bc-4272-9728-3771277e8b76,9065f4bf-7557-420d-a6da-81865dbfc601,2025-12-02,
661ab2a3-51f1-4a62-9a0f-247b12855381,85c2b3ab-f6bc-4272-9728-3771277e8b76,717c8112-4ef0-45ac-92d6-a53339431ff1,2025-12-02,
cd1c40fd-3c84-44da-a5b7-75b26bdc9fc0,f4ddb493-feb8-43c6-9c8f-16ca59fb7ebd,ce092910-57cd-4ba1-b5f3-d49a516e1e78,2025-12-02,
a6d5f506-5811-449a-b92e-3e0d2732992f,f4ddb493-feb8-43c6-9c8f-16ca59fb7ebd,717c8112-4ef0-45ac-92d6-a53339431ff1,2025-12-02,
f6acc4fe-20a6-4df3-9872-e7a976b57e8c,4b37e843-dc76-49cc-b383-99769040699d,ce092910-57cd-4ba1-b5f3-d49a516e1e78,2025-12-02,
b6d3470f-0205-4705-ac0b-d090b9dc3980,4b37e843-dc76-49cc-b383-99769040699d,717c8112-4ef0-45ac-92d6-a53339431ff1,2025-12-02,
cd40a1d4-1964-43be-8323-10e6524519b8,836aa600-e1f6-46f7-b068-870bb7e9487c,ce092910-57cd-4ba1-b5f3-d49a516e1e78,2025-12-02,
d83da6f9-fd4b-4cc2-bb8e-a9a17ee7a7c8,836aa600-e1f6-46f7-b068-870bb7e9487c,717c8112-4ef0-45ac-92d6-a53339431ff1,2025-12-02,
c38ef03d-b0e1-47c6-82da-6af93fd1bcf4,f48cba60-a3c9-4531-883d-f28684c2f698,ce092910-57cd-4ba1-b5f3-d49a516e1e78,2025-12-02,
6dac86e5-909b-4510-8f0c-60ff08f3b931,f48cba60-a3c9-4531-883d-f28684c2f698,9065f4bf-7557-420d-a6da-81865dbfc601,2025-12-02,
be2ea2c0-ff88-43b5-9e0d-3b82d774714c,3cf1729d-88f1-453b-a6ab-dbd0f6ad69f2,9065f4bf-7557-420d-a6da-81865dbfc601,2025-12-02,
f7a168ae-eaf8-4dc8-ab25-221793354ecd,3cf1729d-88f1-453b-a6ab-dbd0f6ad69f2,717c8112-4ef0-45ac-92d6-a53339431ff1,2025-12-02,
6a0b937e-1bd5-4f2e-aee8-34f27ac465c9,60d651e2-2705-4933-aca5-f6c07bbbc98a,ce092910-57cd-4ba1-b5f3-d49a516e1e78,2025-12-02,
3b75af38-bf3d-45c5-b5e1-8e5cd5594076,60d651e2-2705-4933-aca5-f6c07bbbc98a,717c8112-4ef0-45ac-92d6-a53339431ff1,2025-12-02,
da2620ae-8030-4381-bbbb-1bc048ebf83e,aa417ffa-ba7b-4721-9980-cc9f5628cf34,717c8112-4ef0-45ac-92d6-a53339431ff1,2025-12-02,
db2db4c4-17c1-40e1-a28c-12725009bc14,aa417ffa-ba7b-4721-9980-cc9f5628cf34,c526e439-a646-47bf-9aab-e2783f8e4462,2025-12-02,
310abf01-bd4b-4be9-b074-2e6ba9c88392,abc59420-b3bf-4ef2-9283-62de849b8b28,ce092910-57cd-4ba1-b5f3-d49a516e1e78,2025-12-02,
9634b80a-3e38-4b55-85a4-57eff3c72620,abc59420-b3bf-4ef2-9283-62de849b8b28,717c8112-4ef0-45ac-92d6-a53339431ff1,2025-12-02,
01c76de9-0c8e-4332-93dc-412724626060,d92662d3-56ed-43d0-b5e9-673ee75e4578,c526e439-a646-47bf-9aab-e2783f8e4462,2025-12-02,
26d56259-d6aa-4f26-8567-2896071c0657,d92662d3-56ed-43d0-b5e9-673ee75e4578,9065f4bf-7557-420d-a6da-81865dbfc601,2025-12-02,
b32f344a-b54f-4340-9214-46c2b9c786e1,d23cbda0-478b-42f8-b8c1-2a34fa624b0a,9065f4bf-7557-420d-a6da-81865dbfc601,2025-12-02,
a92f5475-33c0-41e1-bd59-66eaf0f70a78,d23cbda0-478b-42f8-b8c1-2a34fa624b0a,c526e439-a646-47bf-9aab-e2783f8e4462,2025-12-02,
7c0c49c2-14fe-4966-a5e7-8339d99316c5,35348d74-6454-45ae-ae27-ea04eda5e464,ce092910-57cd-4ba1-b5f3-d49a516e1e78,2025-12-02,
200b8831-d4d2-4415-a22f-84ccd5cb05e4,35348d74-6454-45ae-ae27-ea04eda5e464,717c8112-4ef0-45ac-92d6-a53339431ff1,2025-12-02,
1f7a616c-0a69-42a0-a123-aafd8c682d83,da0c56bf-f5ca-4cf5-8114-c73084c1a507,9065f4bf-7557-420d-a6da-81865dbfc601,2025-12-02,
5bd609ca-863e-4e20-976e-a60504129ced,da0c56bf-f5ca-4cf5-8114-c73084c1a507,c526e439-a646-47bf-9aab-e2783f8e4462,2025-12-02,
796e30ad-13f5-4560-ad3e-f4b731b28c54,497b6941-546a-43d1-aebb-a2344d3fdce9,717c8112-4ef0-45ac-92d6-a53339431ff1,2025-12-02,
0f4f81f1-c4b8-4043-b119-197b91d73f47,497b6941-546a-43d1-aebb-a2344d3fdce9,ce092910-57cd-4ba1-b5f3-d49a516e1e78,2025-12-02,
462cef36-b4c0-4112-83d9-0ded7dcc1fa7,c59a3c2a-5b71-4b04-a482-d79c40c802e2,9065f4bf-7557-420d-a6da-81865dbfc601,2025-12-02,
4d848c82-da21-46c5-9105-00f8719b42b3,c59a3c2a-5b71-4b04-a482-d79c40c802e2,717c8112-4ef0-45ac-92d6-a53339431ff1,2025-12-02,
e6d09d13-77c8-4b65-a4bc-92a3b5c3c203,378db48c-5b38-4fc1-ad00-d20be445debd,717c8112-4ef0-45ac-92d6-a53339431ff1,2025-12-02,
fa1cfef9-0507-4be4-b6ec-328d219891d2,378db48c-5b38-4fc1-ad00-d20be445debd,c526e439-a646-47bf-9aab-e2783f8e4462,2025-12-02,
e95f26f0-cb40-409a-9047-49772fbbbd9c,e81c1566-91e0-49a3-b932-6409adb6d75c,717c8112-4ef0-45ac-92d6-a53339431ff1,2025-12-02,
089fb4d5-afdd-43bf-ae16-7c1436f44c8c,e81c1566-91e0-49a3-b932-6409adb6d75c,c526e439-a646-47bf-9aab-e2783f8e4462,2025-12-02,
e3b0ed03-8f8c-4acb-8b3d-754136b746f0,4fddf8e6-d8fd-4650-8ed4-a7b0897c0422,9065f4bf-7557-420d-a6da-81865dbfc601,2025-12-02,
e972b3b6-ac52-4c5f-82c5-28331d7809b5,4fddf8e6-d8fd-4650-8ed4-a7b0897c0422,717c8112-4ef0-45ac-92d6-a53339431ff1,2025-12-02,
6ea1f14b-4941-4425-a31b-1ae462377ef8,67ce79bf-79ee-45b5-963d-2ae7c4ad4963,9065f4bf-7557-420d-a6da-81865dbfc601,2025-12-02,
d1af4b9e-d1a3-463c-ae55-b509cc47b9e8,67ce79bf-79ee-45b5-963d-2ae7c4ad4963,c526e439-a646-47bf-9aab-e2783f8e4462,2025-12-02,
55aec788-231a-4705-b85b-d0e83807783f,17b1f9ac-4286-4b0e-9922-badcc30d550d,9065f4bf-7557-420d-a6da-81865dbfc601,2025-12-02,
309ad3e0-4b78-4855-8320-d800f88e6658,17b1f9ac-4286-4b0e-9922-badcc30d550d,717c8112-4ef0-45ac-92d6-a53339431ff1,2025-12-02,
b3788b2d-85b5-4b14-a39a-19407c16ba13,0e489e4c-c62e-4b03-8b6f-5a0fda0749d3,c526e439-a646-47bf-9aab-e2783f8e4462,2025-12-02,
8bd04a6f-21d7-40ce-8316-7363553e4f48,0e489e4c-c62e-4b03-8b6f-5a0fda0749d3,ce092910-57cd-4ba1-b5f3-d49a516e1e78,2025-12-02,
b5cb1a36-74f2-4664-9efa-d6d46d9d6731,b351a55d-8431-48c5-a4bd-bc9c71a9c037,c526e439-a646-47bf-9aab-e2783f8e4462,2025-12-02,
d92e23f0-12e1-4c18-a509-2fc4f17d301d,b351a55d-8431-48c5-a4bd-bc9c71a9c037,ce092910-57cd-4ba1-b5f3-d49a516e1e78,2025-12-02,
092d037e-feac-40a9-827b-aa82dc51549d,c7d966f9-1349-4412-ac47-1fa5f3dc262c,9065f4bf-7557-420d-a6da-81865dbfc601,2025-12-02,
6b2c9734-a1b3-4eae-af1e-f19c7d39eb14,c7d966f9-1349-4412-ac47-1fa5f3dc262c,ce092910-57cd-4ba1-b5f3-d49a516e1e78,2025-12-02,
883a7a09-47e4-4683-9f55-b1124e5ecf3f,348f0be6-8e95-4b15-a7e7-85d26132db10,c526e439-a646-47bf-9aab-e2783f8e4462,2025-12-02,
fbb6aae6-8be1-45bc-bdc6-c6160e7d7d72,348f0be6-8e95-4b15-a7e7-85d26132db10,717c8112-4ef0-45ac-92d6-a53339431ff1,2025-12-02,
515d6c99-7bc9-4a41-8a9c-09ee660d6371,d78eb5e0-fab9-41f2-ba40-9e8b2a20c8cc,ce092910-57cd-4ba1-b5f3-d49a516e1e78,2025-12-02,
85317dfb-0df2-419c-b9ab-9bc07c21d078,d78eb5e0-fab9-41f2-ba40-9e8b2a20c8cc,717c8112-4ef0-45ac-92d6-a53339431ff1,2025-12-02,
42ddc658-add4-4d05-a580-8fce083dbedb,3ad278d6-3f2b-49f2-b03f-ac28962cf353,717c8112-4ef0-45ac-92d6-a53339431ff1,2025-12-02,
ce8c0921-522a-4496-a98b-4277c5c5a29a,3ad278d6-3f2b-49f2-b03f-ac28962cf353,9065f4bf-7557-420d-a6da-81865dbfc601,2025-12-02,
c99fe64f-1d0f-4059-b11e-9b9d8f8c268c,ba9acd2c-0b31-426b-8d77-36497f842e51,c526e439-a646-47bf-9aab-e2783f8e4462,2025-12-02,
0769c7e9-4390-4fe6-b1f9-29280de89e33,ba9acd2c-0b31-426b-8d77-36497f842e51,ce092910-57cd-4ba1-b5f3-d49a516e1e78,2025-12-02,
e39653e2-0177-4ae4-a97e-4f7119dc679f,c1675799-4067-4779-b548-b8458a03a754,ce092910-57cd-4ba1-b5f3-d49a516e1e78,2025-12-02,
e1dfa90e-645f-4cd0-a6e2-fa59aa8c13c2,c1675799-4067-4779-b548-b8458a03a754,717c8112-4ef0-45ac-92d6-a53339431ff1,2025-12-02,
772bc4db-f763-4ddc-8132-4b7c60086166,9eea7266-5f7e-4593-b105-728bee569230,ce092910-57cd-4ba1-b5f3-d49a516e1e78,2025-12-02,
5387ff0d-fe24-48bd-a40e-1b092100b1ea,9eea7266-5f7e-4593-b105-728bee569230,9065f4bf-7557-420d-a6da-81865dbfc601,2025-12-02,
c36f1772-999b-49e5-bd07-af64f567c947,5b61949a-32d9-417c-88f2-8a7e6b484573,9065f4bf-7557-420d-a6da-81865dbfc601,2025-12-02,
6427c5c1-186c-46b7-88f9-a32987e85bc9,5b61949a-32d9-417c-88f2-8a7e6b484573,ce092910-57cd-4ba1-b5f3-d49a516e1e78,2025-12-02,
8f8a0556-e94e-4f3c-96fe-538cdb45a6a3,93d6ccaa-fb54-4bce-bba1-373a31fd98eb,717c8112-4ef0-45ac-92d6-a53339431ff1,2025-12-02,
8cbede57-0a9b-4fc3-b2f2-e224cc11fae6,93d6ccaa-fb54-4bce-bba1-373a31fd98eb,ce092910-57cd-4ba1-b5f3-d49a516e1e78,2025-12-02,
7b68f828-059d-4bd1-953c-a4515551d035,0a8a2f3b-e546-40a4-a880-cb89aaccc3ca,ce092910-57cd-4ba1-b5f3-d49a516e1e78,2025-12-02,
531a1f82-e3c0-4dfd-97c2-c0b04200d832,0a8a2f3b-e546-40a4-a880-cb89aaccc3ca,9065f4bf-7557-420d-a6da-81865dbfc601,2025-12-02,
76dffd66-87a9-42da-a364-3773804c7846,1102c5f9-fdfe-4be8-8010-5196a372f0ad,c526e439-a646-47bf-9aab-e2783f8e4462,2025-12-02,
4821c1fd-0a99-4e23-a996-e05c78995968,1102c5f9-fdfe-4be8-8010-5196a372f0ad,ce092910-57cd-4ba1-b5f3-d49a516e1e78,2025-12-02,
cae19c3c-0087-48f0-84e2-d9b633f2cc2c,8ff80219-45a8-4813-a0ee-faf0a70472f7,c526e439-a646-47bf-9aab-e2783f8e4462,2025-12-02,
425141ac-eabf-4a0d-ad7d-3a9a1da68fd3,8ff80219-45a8-4813-a0ee-faf0a70472f7,717c8112-4ef0-45ac-92d6-a53339431ff1,2025-12-02,
64c8fcb1-a96c-43e3-964f-87d300ae6d94,1e83abaf-ffbc-40de-8caa-2e4c3672d200,717c8112-4ef0-45ac-92d6-a53339431ff1,2025-12-02,
95fc6eb3-f7f2-456c-9574-8fcfc382a708,1e83abaf-ffbc-40de-8caa-2e4c3672d200,c526e439-a646-47bf-9aab-e2783f8e4462,2025-12-02,
96ae0ae1-eea1-4a55-969f-ef5bbe18c6d1,3d682d74-2437-4748-8dd4-f92e1344d4d0,9065f4bf-7557-420d-a6da-81865dbfc601,2025-12-02,
2b9108df-c136-4ea9-81b9-c8c4cf5701f0,3d682d74-2437-4748-8dd4-f92e1344d4d0,717c8112-4ef0-45ac-92d6-a53339431ff1,2025-12-02,
171557d0-a0bd-401c-8431-23ff6f14b173,9d9374bf-948e-4a10-bd74-83a22975d1cc,9065f4bf-7557-420d-a6da-81865dbfc601,2025-12-02,
c9c478cf-496c-414d-a037-ec4ff8469cf8,9d9374bf-948e-4a10-bd74-83a22975d1cc,ce092910-57cd-4ba1-b5f3-d49a516e1e78,2025-12-02,
7c36889f-db62-4d14-92c6-e8c8323ee529,83f8ca96-fe91-469d-9f7b-a3359e371358,c526e439-a646-47bf-9aab-e2783f8e4462,2025-12-02,
f2367a45-a6f6-445e-b72c-9807b178db99,83f8ca96-fe91-469d-9f7b-a3359e371358,9065f4bf-7557-420d-a6da-81865dbfc601,2025-12-02,
35eca13f-2d0a-4250-85fb-7a054225a1fe,1a712bc3-44b4-4ced-8a57-afa9afed812c,717c8112-4ef0-45ac-92d6-a53339431ff1,2025-12-02,
d6b72fa4-0d26-43c9-b290-1935ad928719,1a712bc3-44b4-4ced-8a57-afa9afed812c,c526e439-a646-47bf-9aab-e2783f8e4462,2025-12-02,
2ab7aff8-fe0c-49f5-82c7-3524a9986617,9cfee2b3-7a20-4773-895e-137361e3afdf,9065f4bf-7557-420d-a6da-81865dbfc601,2025-12-02,
17848c97-fd79-4dc5-951e-81b985cf48d0,9cfee2b3-7a20-4773-895e-137361e3afdf,717c8112-4ef0-45ac-92d6-a53339431ff1,2025-12-02,
42477b2d-7606-42a6-8a02-cd629dd5e6d7,a79429d2-94d5-468f-ad84-ad82748356a1,717c8112-4ef0-45ac-92d6-a53339431ff1,2025-12-02,
c84b599a-5014-4040-91e9-6d80409c115b,a79429d2-94d5-468f-ad84-ad82748356a1,c526e439-a646-47bf-9aab-e2783f8e4462,2025-12-02,
1df26e92-8db2-44b7-b063-e91d5178adbb,32b4efb7-51ce-45ff-bc14-7cadedb93e92,ce092910-57cd-4ba1-b5f3-d49a516e1e78,2025-12-02,
460e2163-9e0b-48ec-8166-18dbb7382030,32b4efb7-51ce-45ff-bc14-7cadedb93e92,9065f4bf-7557-420d-a6da-81865dbfc601,2025-12-02,
38bda448-2cfb-4db9-a905-0f9e4d71c027,959c7497-88a0-4ca4-9766-41f322fcca17,c526e439-a646-47bf-9aab-e2783f8e4462,2025-12-02,
d95d3c49-ed05-4430-9e18-06a58332207c,959c7497-88a0-4ca4-9766-41f322fcca17,9065f4bf-7557-420d-a6da-81865dbfc601,2025-12-02,
cb270962-0d18-4e65-a9c5-768cf30ebc3b,69b7c627-3027-40e1-9ece-cdcb7a3b056d,c526e439-a646-47bf-9aab-e2783f8e4462,2025-12-02,
d764df6a-5472-497e-8c94-8f81af3655d0,69b7c627-3027-40e1-9ece-cdcb7a3b056d,9065f4bf-7557-420d-a6da-81865dbfc601,2025-12-02,
b266847c-d7ce-490d-9f1a-412f51038a70,a0ec5113-285c-4839-9a78-9dc2b66aa88b,717c8112-4ef0-45ac-92d6-a53339431ff1,2025-12-02,
b6dbc61a-2ec8-42f1-b359-e8af76b732a6,a0ec5113-285c-4839-9a78-9dc2b66aa88b,ce092910-57cd-4ba1-b5f3-d49a516e1e78,2025-12-02,
339970ec-f81b-49ec-af2d-b64b5a6af645,6ff9f11b-3be7-42cc-8329-d9837a7861a8,c526e439-a646-47bf-9aab-e2783f8e4462,2025-12-02,
27b5ad28-fc54-48e3-ba88-5e356c39dcf2,6ff9f11b-3be7-42cc-8329-d9837a7861a8,717c8112-4ef0-45ac-92d6-a53339431ff1,2025-12-02,
54c19038-6413-4a4b-a311-cbfa7b28228c,8e3f2671-0307-4ec0-b691-cf5ea09f31ac,9065f4bf-7557-420d-a6da-81865dbfc601,2025-12-02,
2721fd63-c9b1-406a-831c-79ed95622e3d,8e3f2671-0307-4ec0-b691-cf5ea09f31ac,ce092910-57cd-4ba1-b5f3-d49a516e1e78,2025-12-02,
3ae72e9b-2df2-4eda-bcf3-9b43259ca486,b941dfa5-2339-407b-b360-ea45d42f86d1,ce092910-57cd-4ba1-b5f3-d49a516e1e78,2025-12-02,
12eea77a-0e80-4334-ae7b-5cb01a880175,b941dfa5-2339-407b-b360-ea45d42f86d1,c526e439-a646-47bf-9aab-e2783f8e4462,2025-12-02,
dd1ba899-51a2-4ce7-b488-9af60ff52d8d,9821db12-c4c3-46a5-a355-fac82a8d43c5,717c8112-4ef0-45ac-92d6-a53339431ff1,2025-12-02,
9ade29b4-ab97-4153-ae46-4dc8a7b28432,9821db12-c4c3-46a5-a355-fac82a8d43c5,ce092910-57cd-4ba1-b5f3-d49a516e1e78,2025-12-02,
52c52ce0-47b2-42ec-96c2-4bc75f1dd08e,582c4cdc-e1b6-4b54-84c2-2ef09be409bd,ce092910-57cd-4ba1-b5f3-d49a516e1e78,2025-12-02,
f50d65b0-a748-499b-98dc-c9b2d6a10e6c,582c4cdc-e1b6-4b54-84c2-2ef09be409bd,c526e439-a646-47bf-9aab-e2783f8e4462,2025-12-02,
1d314f3b-a858-4c52-b742-1a35f4476a7d,d7145688-6838-4275-87a3-37187c212737,c526e439-a646-47bf-9aab-e2783f8e4462,2025-12-02,
e77e24dd-8fce-486a-931d-1b9516835cff,d7145688-6838-4275-87a3-37187c212737,ce092910-57cd-4ba1-b5f3-d49a516e1e78,2025-12-02,
29f2db5f-4f85-424a-a324-70605c054d41,80bcc0f5-ede9-4f30-b948-25c7e8cc91c8,ce092910-57cd-4ba1-b5f3-d49a516e1e78,2025-12-02,
994840e6-6d34-476b-bfbc-f5e9fda5ff99,80bcc0f5-ede9-4f30-b948-25c7e8cc91c8,9065f4bf-7557-420d-a6da-81865dbfc601,2025-12-02,
2a100230-5896-4e8f-b3c0-5bffba83aa03,22b837bf-4c3a-4e85-a5d9-1a1b9be64394,ce092910-57cd-4ba1-b5f3-d49a516e1e78,2025-12-02,
5279a4a8-0088-4cd0-ae03-1b27811e47c2,22b837bf-4c3a-4e85-a5d9-1a1b9be64394,9065f4bf-7557-420d-a6da-81865dbfc601,2025-12-02,
b091369a-5aba-46dc-aaa4-4a9bd6a150fd,cec8696d-6201-4f13-8fd9-812add71aff1,c526e439-a646-47bf-9aab-e2783f8e4462,2025-12-02,
7d173163-53b3-4dd9-99a3-4565ceb3e437,cec8696d-6201-4f13-8fd9-812add71aff1,9065f4bf-7557-420d-a6da-81865dbfc601,2025-12-02,
57ff373e-8b6e-473e-a817-5c4c510d67e5,d1b95595-5946-4bd4-84b4-9017a8ebd631,717c8112-4ef0-45ac-92d6-a53339431ff1,2025-12-02,
1b995de3-3bd0-4e72-9fcb-49b8ed563096,d1b95595-5946-4bd4-84b4-9017a8ebd631,ce092910-57cd-4ba1-b5f3-d49a516e1e78,2025-12-02,
2da459a9-82e7-4b2f-a288-efa74bc9540f,52176f2b-630c-42d4-862c-03abe1ad2f4f,717c8112-4ef0-45ac-92d6-a53339431ff1,2025-12-02,
8412440b-95c7-4168-afe3-a09fa9dd6484,52176f2b-630c-42d4-862c-03abe1ad2f4f,c526e439-a646-47bf-9aab-e2783f8e4462,2025-12-02,
890147a8-aade-4959-8709-2479b237e805,75192c94-3090-4fbd-847e-4192ea935bc3,ce092910-57cd-4ba1-b5f3-d49a516e1e78,2025-12-02,
560eaeb9-38fb-470c-87e3-6c9550944119,75192c94-3090-4fbd-847e-4192ea935bc3,c526e439-a646-47bf-9aab-e2783f8e4462,2025-12-02,
4bbcc19d-a561-4526-a812-76f60fc66698,fa7f3d1f-1b45-4704-a1a1-aa773b2f0a73,9065f4bf-7557-420d-a6da-81865dbfc601,2025-12-02,
42a01d9c-5eb2-4130-bb21-fcf7a7ddee53,fa7f3d1f-1b45-4704-a1a1-aa773b2f0a73,ce092910-57cd-4ba1-b5f3-d49a516e1e78,2025-12-02,
e8c34864-b9bf-4631-814d-17375ae66eea,c00c5868-82df-47a9-8f58-db2660402683,c526e439-a646-47bf-9aab-e2783f8e4462,2025-12-02,
acfc2483-bd5b-4caa-a708-99d809015e04,c00c5868-82df-47a9-8f58-db2660402683,ce092910-57cd-4ba1-b5f3-d49a516e1e78,2025-12-02,
4056b9c8-26b4-47ff-a17b-2f372bc9d48c,efa227bf-5620-4f38-a2be-8d7e514c526a,717c8112-4ef0-45ac-92d6-a53339431ff1,2025-12-02,
a3886f57-d2d8-4345-aff7-a6a23cfd4dc3,efa227bf-5620-4f38-a2be-8d7e514c526a,c526e439-a646-47bf-9aab-e2783f8e4462,2025-12-02,
6567ddf9-e76b-4dae-9eb1-a011b9f8252c,08df9c72-feb0-4ec1-acca-4b600db5ac0f,ce092910-57cd-4ba1-b5f3-d49a516e1e78,2025-12-02,
705cc816-0720-432a-b78e-98ec7bf4db76,08df9c72-feb0-4ec1-acca-4b600db5ac0f,717c8112-4ef0-45ac-92d6-a53339431ff1,2025-12-02,
9ff4d9b2-29d8-4bdb-bd41-4474ddf0b230,8a44d8a4-f274-4ccc-ac13-440a40858650,9065f4bf-7557-420d-a6da-81865dbfc601,2025-12-02,
01b0662b-8b44-4445-942c-faf1bc3916d0,8a44d8a4-f274-4ccc-ac13-440a40858650,c526e439-a646-47bf-9aab-e2783f8e4462,2025-12-02,
f3f4614d-b62c-462b-ae25-7ca97029b294,f8f46d16-b3b2-4706-b380-1ff63a2e927f,717c8112-4ef0-45ac-92d6-a53339431ff1,2025-12-02,
9d2439b6-75a7-4224-90b2-a9a794132193,f8f46d16-b3b2-4706-b380-1ff63a2e927f,ce092910-57cd-4ba1-b5f3-d49a516e1e78,2025-12-02,
46d64e2a-f205-45ec-9400-dc5085c18868,232b9c03-8117-4f46-8aa8-71eb9248abf5,9065f4bf-7557-420d-a6da-81865dbfc601,2025-12-02,
f90333c8-ffd3-46f3-9142-4a9301d58858,232b9c03-8117-4f46-8aa8-71eb9248abf5,c526e439-a646-47bf-9aab-e2783f8e4462,2025-12-02,
3b811e1d-2417-45bc-a5cd-c554691a1a0e,522c4436-c3e2-4c12-983c-8db33ff0bde2,9065f4bf-7557-420d-a6da-81865dbfc601,2025-12-02,
d54399ce-13a5-41b4-b43d-0229747f763e,522c4436-c3e2-4c12-983c-8db33ff0bde2,c526e439-a646-47bf-9aab-e2783f8e4462,2025-12-02,
5bc480f3-cdb2-4dd7-878e-bd72a7c12258,d3ac1568-9b7f-446f-9086-f461f76bbb5d,ce092910-57cd-4ba1-b5f3-d49a516e1e78,2025-12-02,
af1a6e6d-40f8-4e30-a1eb-05667c62a222,d3ac1568-9b7f-446f-9086-f461f76bbb5d,9065f4bf-7557-420d-a6da-81865dbfc601,2025-12-02,
29a0f729-fcac-4eec-9cff-d3267f7a68ee,1fb7bd13-e194-4bab-8efc-957f8f14c235,c526e439-a646-47bf-9aab-e2783f8e4462,2025-12-02,
95356c3f-589c-492d-93d5-b1efc93539c5,1fb7bd13-e194-4bab-8efc-957f8f14c235,ce092910-57cd-4ba1-b5f3-d49a516e1e78,2025-12-02,
b4a560b5-338b-4726-b5bf-e757e092abbf,28108196-dae5-4fc5-ae57-4a58d12c32b4,c526e439-a646-47bf-9aab-e2783f8e4462,2025-12-02,
65ae0ffa-c68f-4e44-8868-ce85b121999d,28108196-dae5-4fc5-ae57-4a58d12c32b4,717c8112-4ef0-45ac-92d6-a53339431ff1,2025-12-02,
a0dbb4d6-8247-40fb-8f99-998fd2e6b787,b3b73401-0b3f-4318-ab99-7f2194d65760,c526e439-a646-47bf-9aab-e2783f8e4462,2025-12-02,
54494bbe-0297-4390-a3d1-33cb82c9d940,b3b73401-0b3f-4318-ab99-7f2194d65760,9065f4bf-7557-420d-a6da-81865dbfc601,2025-12-02,
adfeabb1-fb82-4a29-af9a-52ba008648eb,2f41cfa7-dd92-43b4-a34f-4c775b84122b,9065f4bf-7557-420d-a6da-81865dbfc601,2025-12-02,
43ed6e29-020c-475d-bdb7-934fab981ef1,2f41cfa7-dd92-43b4-a34f-4c775b84122b,c526e439-a646-47bf-9aab-e2783f8e4462,2025-12-02,
96af1200-224c-4e77-ba7c-e0b00b1c460a,af4ac983-b135-4f26-8921-e851370b575d,c526e439-a646-47bf-9aab-e2783f8e4462,2025-12-02,
a41a4998-06f9-4e69-b7a1-a4d7f2a8a888,af4ac983-b135-4f26-8921-e851370b575d,ce092910-57cd-4ba1-b5f3-d49a516e1e78,2025-12-02,
71371740-71bd-4554-a04b-95d1ebbbc8af,9c528a9a-2c70-4b80-887f-c2df847db842,717c8112-4ef0-45ac-92d6-a53339431ff1,2025-12-02,
808a693f-b66d-4e71-b30d-1f2903a5305c,9c528a9a-2c70-4b80-887f-c2df847db842,c526e439-a646-47bf-9aab-e2783f8e4462,2025-12-02,
f9a20f11-1d77-4946-ac98-e6424b6aaf5a,03609cac-aec7-4842-b60f-9d40359bd4a7,ce092910-57cd-4ba1-b5f3-d49a516e1e78,2025-12-02,
bf5e91eb-770d-4654-bdc1-f5e0b33f3492,03609cac-aec7-4842-b60f-9d40359bd4a7,c526e439-a646-47bf-9aab-e2783f8e4462,2025-12-02,
b7f18bb0-8118-45af-ba6e-51117bcd21b5,82df1d1d-b8ae-4ba3-9baf-395548055153,717c8112-4ef0-45ac-92d6-a53339431ff1,2025-12-02,
bfa183f8-ae6f-417f-9446-05a806a87483,82df1d1d-b8ae-4ba3-9baf-395548055153,ce092910-57cd-4ba1-b5f3-d49a516e1e78,2025-12-02,
ff24683d-77f2-4f17-b595-a52e2a34fcb9,2b82b8e7-fb96-425f-9213-3be278546629,717c8112-4ef0-45ac-92d6-a53339431ff1,2025-12-02,
693c67b4-bcc5-4c6d-bc69-904e1a835558,2b82b8e7-fb96-425f-9213-3be278546629,c526e439-a646-47bf-9aab-e2783f8e4462,2025-12-02,
0e83d7d2-ea8f-409c-8d45-3847ecd277d5,5367ed44-0da2-40ac-a5b2-275b11419b76,717c8112-4ef0-45ac-92d6-a53339431ff1,2025-12-02,
dc2782ce-bfd9-4e09-8458-cac85f136692,5367ed44-0da2-40ac-a5b2-275b11419b76,c526e439-a646-47bf-9aab-e2783f8e4462,2025-12-02,
8b86af3b-6fdc-43b9-ab74-3c94e01b047f,a8e1464c-a341-4fb5-accf-3b641fbf5b76,ce092910-57cd-4ba1-b5f3-d49a516e1e78,2025-12-02,
b093c052-4907-4d98-8ad5-9a484be1571f,a8e1464c-a341-4fb5-accf-3b641fbf5b76,717c8112-4ef0-45ac-92d6-a53339431ff1,2025-12-02,
b7b2a14c-3e6f-4683-9755-9bf2d1450acf,48bb5879-7851-4758-b860-b5ee8882e0da,9065f4bf-7557-420d-a6da-81865dbfc601,2025-12-02,
c74160a8-2fde-436b-b3f2-e8dd0234ec7b,48bb5879-7851-4758-b860-b5ee8882e0da,717c8112-4ef0-45ac-92d6-a53339431ff1,2025-12-02,
cc449e96-5a8c-4ba2-ba97-3555d6e9464e,444e68fa-2872-4dbc-b650-67eccd0bde1c,9065f4bf-7557-420d-a6da-81865dbfc601,2025-12-02,
57988dc3-9344-4937-83cf-806836d5bae0,444e68fa-2872-4dbc-b650-67eccd0bde1c,717c8112-4ef0-45ac-92d6-a53339431ff1,2025-12-02,
a176c1f8-bb2a-4f6f-8cb8-2e65c67c4248,d79e2e8a-09eb-4699-9385-b65a8003f139,c526e439-a646-47bf-9aab-e2783f8e4462,2025-12-02,
cab6ad59-41f1-4b03-8342-7a218fa80dbc,d79e2e8a-09eb-4699-9385-b65a8003f139,ce092910-57cd-4ba1-b5f3-d49a516e1e78,2025-12-02,
7461ddd2-fd6a-460f-9803-81268c7932c0,f46cc870-32ed-4ef7-b3aa-cad9e6f50aae,ce092910-57cd-4ba1-b5f3-d49a516e1e78,2025-12-02,
9666cf88-110f-420c-b7d5-490b7c2a8e90,f46cc870-32ed-4ef7-b3aa-cad9e6f50aae,717c8112-4ef0-45ac-92d6-a53339431ff1,2025-12-02,
23cfe58f-b766-4cba-8114-073b2d91c240,d98e137a-ca01-4cbf-b05d-89f242d73e93,ce092910-57cd-4ba1-b5f3-d49a516e1e78,2025-12-02,
d50eae13-614d-44e2-bd4a-3c55f74292eb,d98e137a-ca01-4cbf-b05d-89f242d73e93,717c8112-4ef0-45ac-92d6-a53339431ff1,2025-12-02,
47a653e9-3935-4119-9668-f50d510b3aea,1910f05a-4dec-4c13-9cb7-894bb3a24fce,c526e439-a646-47bf-9aab-e2783f8e4462,2025-12-02,
8a75ca19-514d-42c5-b988-4d8a26c4f5e7,1910f05a-4dec-4c13-9cb7-894bb3a24fce,717c8112-4ef0-45ac-92d6-a53339431ff1,2025-12-02,
6b3f4066-ac4c-4717-9eef-912fccfc3bc4,4b75c123-ac27-44f4-8ffb-3f7a442027b7,ce092910-57cd-4ba1-b5f3-d49a516e1e78,2025-12-02,
7597c372-18b6-400e-9a3f-1da741a99758,4b75c123-ac27-44f4-8ffb-3f7a442027b7,c526e439-a646-47bf-9aab-e2783f8e4462,2025-12-02,
19507562-b444-446c-b073-15df55959e6e,2dcf22ff-5864-4110-be2a-b66d44435e95,717c8112-4ef0-45ac-92d6-a53339431ff1,2025-12-02,
4a8530d0-39e3-4fd3-a5c9-7a8f8c8ed4b3,2dcf22ff-5864-4110-be2a-b66d44435e95,ce092910-57cd-4ba1-b5f3-d49a516e1e78,2025-12-02,
f0d9d00b-012d-44d6-9517-5a355fcf694d,6953a9a2-be12-4871-8909-1ff9bf7dbf3a,ce092910-57cd-4ba1-b5f3-d49a516e1e78,2025-12-02,
73b5d4a9-582d-4113-901a-73c43b82799b,6953a9a2-be12-4871-8909-1ff9bf7dbf3a,c526e439-a646-47bf-9aab-e2783f8e4462,2025-12-02,
c44e442e-4fa5-452a-8903-12526716ba0a,22dd2813-2556-456a-81ba-80e0d586f06e,c526e439-a646-47bf-9aab-e2783f8e4462,2025-12-02,
dc2e1e59-16b0-4257-b513-842862d303af,22dd2813-2556-456a-81ba-80e0d586f06e,717c8112-4ef0-45ac-92d6-a53339431ff1,2025-12-02,
eaff7cb9-7037-4dec-8178-4034e7acbdb8,ef125f22-8298-477b-bb7b-57d85648256c,9065f4bf-7557-420d-a6da-81865dbfc601,2025-12-02,
f1281f9c-e1af-47cc-a036-ae9ec5241e78,ef125f22-8298-477b-bb7b-57d85648256c,c526e439-a646-47bf-9aab-e2783f8e4462,2025-12-02,
69d55545-7ad7-4709-960d-a4a58165670b,8753fda5-a180-4ca9-bf58-08119570420a,ce092910-57cd-4ba1-b5f3-d49a516e1e78,2025-12-02,
7e248370-c4d4-4c67-b501-534c4e9d2387,8753fda5-a180-4ca9-bf58-08119570420a,c526e439-a646-47bf-9aab-e2783f8e4462,2025-12-02,
24cf50c8-765b-4fb8-8a43-64ca56ff1dcb,dd3a2b38-b78d-4738-bb6c-8a9c6a340b70,717c8112-4ef0-45ac-92d6-a53339431ff1,2025-12-02,
18bcf844-81a8-4c47-9580-ccf5a3949731,dd3a2b38-b78d-4738-bb6c-8a9c6a340b70,ce092910-57cd-4ba1-b5f3-d49a516e1e78,2025-12-02,
10bf5322-a127-4c9e-a7dd-fc13785be97a,8b8328d5-aa77-497a-af4f-e038866e5303,c526e439-a646-47bf-9aab-e2783f8e4462,2025-12-02,
086991f4-f1a6-4896-83e4-b2d63aca66e2,8b8328d5-aa77-497a-af4f-e038866e5303,9065f4bf-7557-420d-a6da-81865dbfc601,2025-12-02,
68e1e87b-1486-4644-9cb6-93ea1cb81324,faed31b7-4176-4210-b198-bda4e2bda78b,9065f4bf-7557-420d-a6da-81865dbfc601,2025-12-02,
7488b576-7f7a-4f22-b02b-427c1527bf5c,faed31b7-4176-4210-b198-bda4e2bda78b,717c8112-4ef0-45ac-92d6-a53339431ff1,2025-12-02,
60ddc978-0607-4ecc-b7a8-e87b35940fe7,7775db12-2a7e-4bf6-97f9-4280ab778039,717c8112-4ef0-45ac-92d6-a53339431ff1,2025-12-02,
058dc566-153c-43d5-b314-12a35dd34c7e,7775db12-2a7e-4bf6-97f9-4280ab778039,c526e439-a646-47bf-9aab-e2783f8e4462,2025-12-02,
a33a6c8a-b595-49bb-9aed-d6c055a85270,6e568ab6-751b-4fbe-8914-6eb9586a7df3,717c8112-4ef0-45ac-92d6-a53339431ff1,2025-12-02,
5ce4ee23-64b4-48be-a459-3d36113c1d6c,6e568ab6-751b-4fbe-8914-6eb9586a7df3,9065f4bf-7557-420d-a6da-81865dbfc601,2025-12-02,
d18d20fd-7a73-4c91-97d0-841b446535ba,2edc3161-cb68-4384-a701-be3da5194e6b,ce092910-57cd-4ba1-b5f3-d49a516e1e78,2025-12-02,
5835e79b-b4a1-4b92-8e5e-ba3c411133ae,2edc3161-cb68-4384-a701-be3da5194e6b,717c8112-4ef0-45ac-92d6-a53339431ff1,2025-12-02,
788f9081-7e03-49af-81b4-019366f4e269,37d9b1ae-2a51-40da-9e2d-6127465e026a,c526e439-a646-47bf-9aab-e2783f8e4462,2025-12-02,
c25c5061-a3e2-4f06-89e8-f0b261a2b690,37d9b1ae-2a51-40da-9e2d-6127465e026a,ce092910-57cd-4ba1-b5f3-d49a516e1e78,2025-12-02,
593bdab4-e795-4103-a3a6-0c11896b99e0,fbf6c166-54b6-49ec-8fb3-2e91791a9d8d,c526e439-a646-47bf-9aab-e2783f8e4462,2025-12-02,
f2c886ed-d455-484f-838c-75666b3000db,fbf6c166-54b6-49ec-8fb3-2e91791a9d8d,ce092910-57cd-4ba1-b5f3-d49a516e1e78,2025-12-02,
ca266d82-9590-479e-b81e-103885c071d5,21673246-671e-40f8-84ed-54bbaa213477,9065f4bf-7557-420d-a6da-81865dbfc601,2025-12-02,
5aeab66c-5872-4d95-a6bf-36a6230f75ad,21673246-671e-40f8-84ed-54bbaa213477,ce092910-57cd-4ba1-b5f3-d49a516e1e78,2025-12-02,
09d7305e-4a71-48c2-9e61-8d0d97010c7a,86289b20-9f98-44c0-bd30-23fcd49b7eba,c526e439-a646-47bf-9aab-e2783f8e4462,2025-12-02,
f2485f30-0810-4d7d-a899-d7713efcae03,86289b20-9f98-44c0-bd30-23fcd49b7eba,717c8112-4ef0-45ac-92d6-a53339431ff1,2025-12-02,
5bb6c044-5354-41c8-8ffc-547c2b4c94cd,f1791d0c-b6fa-4e36-802e-e9dae8bff030,717c8112-4ef0-45ac-92d6-a53339431ff1,2025-12-02,
5a4ae6fd-4135-459a-9735-4dbb51d547f2,f1791d0c-b6fa-4e36-802e-e9dae8bff030,c526e439-a646-47bf-9aab-e2783f8e4462,2025-12-02,
7a86b138-9c4e-410b-9605-5e43ab9fdf1b,b2e4bfa0-a569-414b-97e8-2977992cef07,ce092910-57cd-4ba1-b5f3-d49a516e1e78,2025-12-02,
6cd2b3eb-8b08-4d99-bfd0-93cdc9c0ed6a,b2e4bfa0-a569-414b-97e8-2977992cef07,717c8112-4ef0-45ac-92d6-a53339431ff1,2025-12-02,
e1c52067-a4b0-40b3-97b4-40c3fb4b4f05,57aa2b47-aa29-471e-9f11-89a8413f1325,ce092910-57cd-4ba1-b5f3-d49a516e1e78,2025-12-02,
cb1b97cc-ccb9-4ed3-a96c-796f86720c4a,57aa2b47-aa29-471e-9f11-89a8413f1325,9065f4bf-7557-420d-a6da-81865dbfc601,2025-12-02,
0413c734-99bd-4c94-abce-52d2fa5fcbb3,5faf2a95-f2ad-4f6a-a6f4-74c2f595304b,c526e439-a646-47bf-9aab-e2783f8e4462,2025-12-02,
940355a1-1b00-4052-8624-0829174a4d7e,5faf2a95-f2ad-4f6a-a6f4-74c2f595304b,9065f4bf-7557-420d-a6da-81865dbfc601,2025-12-02,
c342f680-6295-44c8-907f-a0506bf27d2f,0ce0dd35-408c-4af4-b31f-58d94bb11bda,9065f4bf-7557-420d-a6da-81865dbfc601,2025-12-02,
9fe233f9-1f04-4676-bce2-c693b9c88238,0ce0dd35-408c-4af4-b31f-58d94bb11bda,717c8112-4ef0-45ac-92d6-a53339431ff1,2025-12-02,
f64d6143-57b9-4828-a569-d28fe3d5af96,dd3d2a7d-5ec3-4fcc-a6aa-cc840ab27274,9065f4bf-7557-420d-a6da-81865dbfc601,2025-12-02,
272fccda-984a-4764-b34e-7042ed9b5433,dd3d2a7d-5ec3-4fcc-a6aa-cc840ab27274,c526e439-a646-47bf-9aab-e2783f8e4462,2025-12-02,
cd9796cd-15ee-49f5-a839-4c6c5ec66cc3,ec4c07aa-3012-44ea-89a2-1ca53403da7f,717c8112-4ef0-45ac-92d6-a53339431ff1,2025-12-02,
2c88cdd8-a725-4f04-a69f-14895cce26af,ec4c07aa-3012-44ea-89a2-1ca53403da7f,9065f4bf-7557-420d-a6da-81865dbfc601,2025-12-02,
d88aa10d-8720-4b17-8300-c27afd7e4a9d,c1ce561b-592d-47a8-a02a-4dc5c8b96b46,9065f4bf-7557-420d-a6da-81865dbfc601,2025-12-02,
0955f290-136e-4f85-b59e-5abc0cbb2260,c1ce561b-592d-47a8-a02a-4dc5c8b96b46,c526e439-a646-47bf-9aab-e2783f8e4462,2025-12-02,
1ea9acdc-ec7a-475d-a1bb-da74f8e996b1,4c1d6d3d-f405-4372-903c-9361aef8fdef,ce092910-57cd-4ba1-b5f3-d49a516e1e78,2025-12-02,
d449db99-26a9-4c69-ae2e-74c43f37601f,4c1d6d3d-f405-4372-903c-9361aef8fdef,717c8112-4ef0-45ac-92d6-a53339431ff1,2025-12-02,
bd9993fd-eefb-4b1c-a40d-0e5c560feb62,14326f07-45ab-48d8-ad56-3bfb8ed25e0f,717c8112-4ef0-45ac-92d6-a53339431ff1,2025-12-02,
017fab5d-c7b7-4574-b924-40d1ef88e1cf,14326f07-45ab-48d8-ad56-3bfb8ed25e0f,ce092910-57cd-4ba1-b5f3-d49a516e1e78,2025-12-02,
01f73600-39b2-4038-b1c8-0ba7fa904d2e,a7da1f88-5f30-48f9-bba1-8f024a4d4653,c526e439-a646-47bf-9aab-e2783f8e4462,2025-12-02,
ebd24aff-e337-4a9d-a248-2717bd902570,a7da1f88-5f30-48f9-bba1-8f024a4d4653,ce092910-57cd-4ba1-b5f3-d49a516e1e78,2025-12-02,
ab1c3aba-62d3-4758-8465-65589b9df077,1a6f6886-39ec-4739-86c3-e2fa1735849f,c526e439-a646-47bf-9aab-e2783f8e4462,2025-12-02,
1a2539b1-5c5b-4795-883c-7f45d7ea39a9,1a6f6886-39ec-4739-86c3-e2fa1735849f,ce092910-57cd-4ba1-b5f3-d49a516e1e78,2025-12-02,
d6b15e14-f003-4ee2-905f-b6a1fc3a13dc,24fa1aed-4b64-4140-9bcd-3e9ba701d22c,717c8112-4ef0-45ac-92d6-a53339431ff1,2025-12-02,
7e949f4c-6605-4536-b1dd-3ecce55838a1,24fa1aed-4b64-4140-9bcd-3e9ba701d22c,ce092910-57cd-4ba1-b5f3-d49a516e1e78,2025-12-02,
041cd0ee-3601-4d4a-872f-03fcff21daa2,23101779-dfb1-4b16-91c5-b8a7118b7c25,ce092910-57cd-4ba1-b5f3-d49a516e1e78,2025-12-02,
1538c89a-9470-41e0-b3ec-537e4efcfb86,23101779-dfb1-4b16-91c5-b8a7118b7c25,9065f4bf-7557-420d-a6da-81865dbfc601,2025-12-02,
e9ef12d8-3763-42a3-8d92-621ccee1648f,32c9cfe1-c60f-4bc8-b4b4-cb180f1b9242,717c8112-4ef0-45ac-92d6-a53339431ff1,2025-12-02,
60abe24f-86f9-47d7-bbe6-d4db5b19297f,32c9cfe1-c60f-4bc8-b4b4-cb180f1b9242,ce092910-57cd-4ba1-b5f3-d49a516e1e78,2025-12-02,
c7d09231-bab4-4845-a29a-2d9da08ae314,a8ce932d-992f-4a92-9755-e7eb20374d2f,717c8112-4ef0-45ac-92d6-a53339431ff1,2025-12-02,
87cf919b-f85e-45ea-9827-eb7b4845ab80,a8ce932d-992f-4a92-9755-e7eb20374d2f,9065f4bf-7557-420d-a6da-81865dbfc601,2025-12-02,
1b47169b-278a-4290-b223-4ac63d9bb32d,3e76c81f-618c-429d-bfc6-6e9c8cb271d8,ce092910-57cd-4ba1-b5f3-d49a516e1e78,2025-12-02,
281c5ad8-8f10-4c91-ac85-b943556b6eea,3e76c81f-618c-429d-bfc6-6e9c8cb271d8,717c8112-4ef0-45ac-92d6-a53339431ff1,2025-12-02,
34e36580-b61b-4c22-9864-38ec49291fef,90075d7a-0051-4623-a0f8-548875476cad,c526e439-a646-47bf-9aab-e2783f8e4462,2025-12-02,
845d744f-1a68-4191-a34f-348e75d6b833,90075d7a-0051-4623-a0f8-548875476cad,717c8112-4ef0-45ac-92d6-a53339431ff1,2025-12-02,
07c97918-ebfe-4aad-bf42-63544845aa2c,f7603bb1-7e9c-4dc5-8266-f05f72715b62,717c8112-4ef0-45ac-92d6-a53339431ff1,2025-12-02,
2b145712-4374-404f-a993-4cc9fe7e37b5,f7603bb1-7e9c-4dc5-8266-f05f72715b62,c526e439-a646-47bf-9aab-e2783f8e4462,2025-12-02,
a0bfcede-127c-40e0-b709-4d7aed8ca70f,0b238d18-91b0-4f0e-89e3-f15d160cc629,717c8112-4ef0-45ac-92d6-a53339431ff1,2025-12-02,
5add6b6f-1ccb-469c-af71-f1c956f71b8a,0b238d18-91b0-4f0e-89e3-f15d160cc629,c526e439-a646-47bf-9aab-e2783f8e4462,2025-12-02,
7b1423c0-77f2-49a9-957e-5fe5fa8c53ae,16412f99-afdb-4b94-a96f-835e889421c9,c526e439-a646-47bf-9aab-e2783f8e4462,2025-12-02,
191a781c-183c-48a4-a3da-7eb9cee8b14a,16412f99-afdb-4b94-a96f-835e889421c9,717c8112-4ef0-45ac-92d6-a53339431ff1,2025-12-02,
84825a01-66d8-4db2-9ec1-de413ee1cf34,6ea1d3f0-e436-4382-a733-f40214bf09a1,717c8112-4ef0-45ac-92d6-a53339431ff1,2025-12-02,
0b13261c-b167-4240-9f1d-b4deddd3a0a3,6ea1d3f0-e436-4382-a733-f40214bf09a1,9065f4bf-7557-420d-a6da-81865dbfc601,2025-12-02,
16cc1187-83e2-4580-9391-665b996217de,8a650e54-f9a3-4eba-ba4f-5c24b578bbc1,c526e439-a646-47bf-9aab-e2783f8e4462,2025-12-02,
772ed90a-9b1f-41b9-9c01-57d345b1e405,8a650e54-f9a3-4eba-ba4f-5c24b578bbc1,ce092910-57cd-4ba1-b5f3-d49a516e1e78,2025-12-02,
84ec7602-74be-4386-931c-5a759b8e561a,eee41676-8b6c-4766-8231-c6fbc86119ea,ce092910-57cd-4ba1-b5f3-d49a516e1e78,2025-12-02,
282ed1f5-051a-4d7e-87b9-b018f5626b7f,eee41676-8b6c-4766-8231-c6fbc86119ea,c526e439-a646-47bf-9aab-e2783f8e4462,2025-12-02,
e86cd0ca-20ad-4771-a13b-1683dd6d7db0,b92ab969-cf9e-47eb-9a96-d564089adf92,717c8112-4ef0-45ac-92d6-a53339431ff1,2025-12-02,
ef1058f2-d6ce-45fc-a8ce-9b427a814a0b,b92ab969-cf9e-47eb-9a96-d564089adf92,ce092910-57cd-4ba1-b5f3-d49a516e1e78,2025-12-02,
b9ff6ec8-4aa3-444d-add3-c0dc2469d1d8,61862f62-649f-464b-b240-d0f66eb608ba,c526e439-a646-47bf-9aab-e2783f8e4462,2025-12-02,
dfad850d-7c5c-4024-a428-264241378076,61862f62-649f-464b-b240-d0f66eb608ba,9065f4bf-7557-420d-a6da-81865dbfc601,2025-12-02,
352bf72c-3a9a-49c2-8e81-06abe0be3709,a526903b-178c-4066-b4b6-b97534618869,ce092910-57cd-4ba1-b5f3-d49a516e1e78,2025-12-02,
7f240aac-6cc4-4489-b1c7-f92ca57c906d,a526903b-178c-4066-b4b6-b97534618869,c526e439-a646-47bf-9aab-e2783f8e4462,2025-12-02,
19d86156-9441-4666-8474-30c37b529d84,56f6fe42-f90b-4ca8-b264-98e6a7ba25f8,717c8112-4ef0-45ac-92d6-a53339431ff1,2025-12-02,
71781606-81d5-4756-ba05-a2152c414aeb,56f6fe42-f90b-4ca8-b264-98e6a7ba25f8,c526e439-a646-47bf-9aab-e2783f8e4462,2025-12-02,
f7c7fe0f-2754-4f55-9dc4-accb831c5138,1cb3dd75-8678-437d-bbbb-1ee4644e7817,c526e439-a646-47bf-9aab-e2783f8e4462,2025-12-02,
2e0dc699-95c0-4604-8911-c84406486803,1cb3dd75-8678-437d-bbbb-1ee4644e7817,ce092910-57cd-4ba1-b5f3-d49a516e1e78,2025-12-02,
d8c40d8d-7572-4ca4-9b9d-4a9fe2df8fcf,67634b4e-a129-4fc4-8bc1-f4a47ef9d6f2,c526e439-a646-47bf-9aab-e2783f8e4462,2025-12-02,
f4af6063-07a1-4b59-920a-5f15bf6a3b64,67634b4e-a129-4fc4-8bc1-f4a47ef9d6f2,9065f4bf-7557-420d-a6da-81865dbfc601,2025-12-02,
1fead163-8884-4ac0-8101-506ca5b6ebc7,f1fa9ec5-1fc6-4288-a02c-c15125990d7b,c526e439-a646-47bf-9aab-e2783f8e4462,2025-12-02,
d84e0ce5-ebe2-4d02-9e61-fdaa355ca93e,f1fa9ec5-1fc6-4288-a02c-c15125990d7b,ce092910-57cd-4ba1-b5f3-d49a516e1e78,2025-12-02,
078d98d2-743d-4a1f-aa0a-9e5d208debb9,4c0b92cc-e2dd-4a32-9d14-9383264e6ece,717c8112-4ef0-45ac-92d6-a53339431ff1,2025-12-02,
648ab0c8-72a9-4990-9d7d-f5c766609a4d,4c0b92cc-e2dd-4a32-9d14-9383264e6ece,c526e439-a646-47bf-9aab-e2783f8e4462,2025-12-02,
b0dcde01-06ee-416c-997e-388c84309cf3,93824d5f-5413-4456-8e83-fa5fb081bf0b,9065f4bf-7557-420d-a6da-81865dbfc601,2025-12-02,
3bd7fb06-9ed5-4694-af00-8dca6115b6d4,93824d5f-5413-4456-8e83-fa5fb081bf0b,c526e439-a646-47bf-9aab-e2783f8e4462,2025-12-02,
bee344db-c5bd-4176-9fdb-d25cc62a42d1,b5c32612-b0c1-4ae2-9040-d0f18821018c,717c8112-4ef0-45ac-92d6-a53339431ff1,2025-12-02,
774303fc-f40a-4d18-b7c8-731df20b645e,b5c32612-b0c1-4ae2-9040-d0f18821018c,ce092910-57cd-4ba1-b5f3-d49a516e1e78,2025-12-02,
0dd36c65-31fa-4110-bc83-72669faad83a,87578fdf-d7c1-4b6e-8e21-41efa143369c,717c8112-4ef0-45ac-92d6-a53339431ff1,2025-12-02,
b67124ef-855c-44e3-b5ce-1f0c6b056387,87578fdf-d7c1-4b6e-8e21-41efa143369c,c526e439-a646-47bf-9aab-e2783f8e4462,2025-12-02,
a635e195-cd47-4541-9be4-4cf7f39796f3,a9fb4bd6-dfb5-4466-82d5-7a3a533c7aa1,ce092910-57cd-4ba1-b5f3-d49a516e1e78,2025-12-02,
32aeb0ec-32d2-4610-9ad9-ff3fe724296f,a9fb4bd6-dfb5-4466-82d5-7a3a533c7aa1,717c8112-4ef0-45ac-92d6-a53339431ff1,2025-12-02,
8a3516fe-e5b4-49fc-9790-4da5e90cab64,2dd68460-20f4-41da-98d6-e03cde916da4,ce092910-57cd-4ba1-b5f3-d49a516e1e78,2025-12-02,
c9856bb5-672c-4e9f-9210-39cfdd02f7f9,2dd68460-20f4-41da-98d6-e03cde916da4,717c8112-4ef0-45ac-92d6-a53339431ff1,2025-12-02,
dbe24c39-47a8-49bb-938c-b9a7bf0c2e7c,b11ccc49-683c-472e-b727-66ff1207eb06,9065f4bf-7557-420d-a6da-81865dbfc601,2025-12-02,
7a199d7a-58eb-455f-bd22-3dd5136c2e08,b11ccc49-683c-472e-b727-66ff1207eb06,ce092910-57cd-4ba1-b5f3-d49a516e1e78,2025-12-02,
a16c53d4-ced2-4e40-893c-b97f404659b7,9bfeffb9-d159-48f6-91a6-ab8dc6342bde,9065f4bf-7557-420d-a6da-81865dbfc601,2025-12-02,
b4e0bfa0-6de5-4331-8cfd-89abeccb7bea,9bfeffb9-d159-48f6-91a6-ab8dc6342bde,717c8112-4ef0-45ac-92d6-a53339431ff1,2025-12-02,
