id,name,email,phone,date_of_birth,gender,address,college_id
b2a4465b-4171-40f8-84bf-3823c288eaeb,Clarence Carrillo,johnmartinez@example.net,568-970-6964x521,2007-12-02,Male,"2647 Harvey Centers, East Steven, NE 30525",c2ae80e1-48e1-470a-a217-45ae311f4f9d
e6598944-8a9c-4e86-9ab2-abf8934dd52d,Lisa Howell,tiffany23@example.org,6115888787,2003-11-13,Male,"933 Elizabeth Path, Lake Michelle, KY 62164",c2ae80e1-48e1-470a-a217-45ae311f4f9d
4e5f93d9-4097-4778-a042-e4b1478e1d6a,Cameron Hernandez,cynthia51@example.net,500.659.9096x512,2005-10-09,Male,"95479 Bartlett Oval Suite 895, South Tyler, CA 85146",c2ae80e1-48e1-470a-a217-45ae311f4f9d
f65d6a60-3d1f-4458-8ee7-9f4fb4ce006b,Mary Long,nschneider@example.com,4338292436,2004-03-11,Female,"99323 Michelle Junctions, Jamesfurt, MO 74210",c2ae80e1-48e1-470a-a217-45ae311f4f9d
91b03cc1-8b57-4f24-aed2-88cfc7448add,Mariah James,maryhenderson@example.com,958.399.0265,2002-01-12,Male,"1212 Holland Glens, East Karen, NV 03517",c2ae80e1-48e1-470a-a217-45ae311f4f9d
89e5e760-8205-4b37-aa57-9e84196b2ebc,Juan Schwartz,lharmon@example.net,+1-531-461-7151x279,2003-06-01,Female,"9413 Adam Glens, Samanthaville, IA 67884",c2ae80e1-48e1-470a-a217-45ae311f4f9d
a21e67a1-d192-49a7-b58c-efc4f2b0cd40,Oscar Ramirez,vsanchez@example.com,+1-538-267-0101x176,2007-06-05,Female,"2292 Wyatt Circles, Smithland, KY 66218",c2ae80e1-48e1-470a-a217-45ae311f4f9d
43c357c5-c37a-42b7-b528-c39af38682fd,Mary Morgan,steventaylor@example.net,+1-699-448-8579,2003-02-10,Male,"1173 Foster Squares Suite 458, Elizabethside, OR 72459",c2ae80e1-48e1-470a-a217-45ae311f4f9d
a58c390c-655e-40f5-bf6b-c77e56d0f722,Michael Taylor,qtaylor@example.com,001-814-623-1199x4525,2002-05-25,Male,"PSC 9086, Box 5604, APO AE 39030",c2ae80e1-48e1-470a-a217-45ae311f4f9d
f01d5a72-4f6c-4665-81d2-9ab4ed885485,Daniel Brennan,williamcohen@example.org,224-516-5367x20489,2004-07-19,Female,"4037 Aaron Canyon Suite 426, East Kathyburgh, AK 72868",c2ae80e1-48e1-470a-a217-45ae311f4f9d
f2e92a7f-65e4-48de-9b09-5c44d8b9a0e9,Kristen Kelley,brownchristopher@example.com,788.252.6710x9436,2005-02-19,Female,"70625 Mueller Plain Suite 421, Port Brenda, UT 43140",c2ae80e1-48e1-470a-a217-45ae311f4f9d
5029ca7d-14d1-4a95-ba62-82b52935c35c,Nathan Harris,qhuber@example.com,8977733619,2002-07-18,Female,"88324 Mitchell Shoals, New Dakota, ME 73810",c2ae80e1-48e1-470a-a217-45ae311f4f9d
86d897bd-9e3a-499b-a77f-cb35615343b2,Michael Russell,ashley77@example.com,(821)461-5300,2005-07-24,Male,"PSC 1345, Box 9492, APO AA 70756",c2ae80e1-48e1-470a-a217-45ae311f4f9d
5d2732f0-8478-4457-b8b3-ea3dd4eaa9ad,Amanda Mitchell,ejohnson@example.net,9512418308,2002-09-08,Male,"649 Angela Turnpike Apt. 976, North Gary, KY 54955",c2ae80e1-48e1-470a-a217-45ae311f4f9d
2aca9039-4fbe-40d2-8d57-2f6a0821c203,Joseph Johnson,otaylor@example.com,001-655-558-5901x925,2004-12-29,Female,"4889 Monique Islands, Gallagherstad, VI 96899",c2ae80e1-48e1-470a-a217-45ae311f4f9d
79d54205-289e-4bca-bea5-f90692cb5f0c,Scott Willis DDS,ispencer@example.com,714.341.1275x2513,2004-07-18,Male,"Unit 6072 Box 8303, DPO AP 21462",c2ae80e1-48e1-470a-a217-45ae311f4f9d
acb854f8-aba5-4023-bf1d-449013cb3448,Trevor Zhang,sanchezbarry@example.net,576.352.5026,2006-10-19,Female,"810 Michael Springs, Weisschester, NH 07621",c2ae80e1-48e1-470a-a217-45ae311f4f9d
d8cd30e1-60e4-4182-84c3-9eae933739a0,Scott Hammond,jasonchang@example.org,590-367-8774x1267,2005-07-07,Male,"5525 Danielle Terrace, Manningmouth, NC 36118",c2ae80e1-48e1-470a-a217-45ae311f4f9d
37d70e87-1953-4cda-ae45-29aef9a0af82,Keith Jones MD,lopezrichard@example.net,(378)644-5873x9756,2003-10-24,Female,"85960 Sherman Mission, Bryanmouth, AZ 40837",c2ae80e1-48e1-470a-a217-45ae311f4f9d
3e1b877a-ae26-4d23-a0ee-ac8e408245f9,Steven Reid,donnagarcia@example.org,001-915-658-3996,2007-05-18,Female,"2649 Colin Fork Suite 032, Curtisland, PW 42481",c2ae80e1-48e1-470a-a217-45ae311f4f9d
401828ff-98fe-4bcc-9447-f4b1ca9d8959,Michael Lee,elizabeth84@example.net,(659)256-9748x106,2003-02-16,Female,"55622 Christina Inlet Apt. 678, Lisaside, ND 82950",c2ae80e1-48e1-470a-a217-45ae311f4f9d
17f1e371-0469-4158-88f6-c638655f6a6a,Nicole Ball,brianstrickland@example.com,+1-502-270-2012x33721,2002-01-05,Female,"USNS Jackson, FPO AE 52148",c2ae80e1-48e1-470a-a217-45ae311f4f9d
f2a19665-2f75-4f5c-85ec-cc12ef6d8b82,Cody Johnson,alvarezmitchell@example.org,001-619-966-5590x008,2003-07-10,Female,"605 Allen Green Suite 206, East Taramouth, AL 62963",c2ae80e1-48e1-470a-a217-45ae311f4f9d
776a3ab5-df87-499b-b59c-490066d1bf16,Tammy Martin,qlawrence@example.com,001-797-685-5594x858,2007-02-17,Female,"299 Jill Ferry, Lisafort, VT 36359",c2ae80e1-48e1-470a-a217-45ae311f4f9d
26929bcf-6c9f-4995-ad08-c185e6ed9dc9,Raymond Garcia,kathrynramirez@example.com,2748185260,2005-11-21,Male,"29347 Heather Tunnel Apt. 079, Tracyville, OR 59017",c2ae80e1-48e1-470a-a217-45ae311f4f9d
60238837-b652-45ee-8084-57b958365ccf,Erin Fowler,caitlin66@example.net,642.515.8449,2003-10-30,Male,"2096 Tracy Row, South Nicholas, CA 25445",c2ae80e1-48e1-470a-a217-45ae311f4f9d
c91489f9-350e-4222-a384-330cca8e6aab,Joshua James,ltucker@example.net,001-973-965-6716x7432,2005-01-13,Female,"8984 Shaffer Port, West Nicholasshire, KS 05354",c2ae80e1-48e1-470a-a217-45ae311f4f9d
299936d1-98ab-4a47-91a0-c54a2a99ffc3,David Patel,thomassamantha@example.org,001-337-517-5115x721,2007-04-27,Male,"204 James Cliffs Suite 711, Lake Carrie, WV 98711",c2ae80e1-48e1-470a-a217-45ae311f4f9d
6003c120-863c-4905-9067-5fd00ed1cb8a,Christina Miller MD,cherylmitchell@example.org,+1-506-966-2645x6959,2003-01-11,Female,"5065 Murillo Locks Apt. 316, East Amandaburgh, NJ 45153",c2ae80e1-48e1-470a-a217-45ae311f4f9d
569754b8-acb2-4e27-a330-3234d1dd7e63,Donald Valenzuela,vpitts@example.com,001-514-291-9389,2005-05-26,Male,"61709 Ball Islands, Lake Jennifer, ND 07022",c2ae80e1-48e1-470a-a217-45ae311f4f9d
6e9fd800-48bd-471c-b6a3-7afec9d9067f,Aaron Scott,nicholas70@example.net,492-524-1167x885,2005-04-19,Male,"090 Mary Meadow Suite 502, Jonesport, DC 74028",c2ae80e1-48e1-470a-a217-45ae311f4f9d
59d8d95b-b564-4b34-89bf-9321a4d5408c,Erika Dawson,robertpratt@example.org,641.205.8107,2006-04-27,Male,"626 Bishop Place, Brianside, LA 02015",c2ae80e1-48e1-470a-a217-45ae311f4f9d
eec6e0e0-d30e-44fb-8866-0f8190ee6433,Ronald Delacruz,michelleclayton@example.org,865-239-2398,2006-04-10,Female,"1703 Le Plaza, North Katelyn, NV 37240",c2ae80e1-48e1-470a-a217-45ae311f4f9d
c8704661-ea4f-4259-a4fb-920b2a98e0c5,Renee Walsh,kristinegreen@example.org,001-271-437-1048x5632,2006-10-04,Female,"82332 Young River, Lake Shelleyport, AR 05068",c2ae80e1-48e1-470a-a217-45ae311f4f9d
ab274b73-74f3-441a-a67f-d16baf3bba5c,Dr. Lisa Braun,josephjackson@example.org,267.638.1075x961,2006-09-04,Male,"2339 David Drive, Vargasport, MI 10667",c2ae80e1-48e1-470a-a217-45ae311f4f9d
92d174ce-bac3-4614-b1a5-9f26acbe7fcc,Steven Flores,davidraymond@example.net,+1-347-936-8017x22867,2002-01-17,Male,"60841 William Drive, Andersonhaven, RI 86257",c2ae80e1-48e1-470a-a217-45ae311f4f9d
fdf17f56-88f6-4cdc-a99e-174de64cc13f,Michael Jenkins,brenda20@example.org,333-821-1072,2003-03-24,Female,"000 Nathan Knolls Suite 222, Brownmouth, ID 73265",c2ae80e1-48e1-470a-a217-45ae311f4f9d
110a5e96-2ca4-4d15-9770-3ea3b9c54736,Terri Farmer,joyce01@example.net,688.683.6442x65034,2003-11-14,Female,"00901 Warren Land Apt. 928, East Mathewstad, AR 37848",c2ae80e1-48e1-470a-a217-45ae311f4f9d
a77d469c-b240-49d1-9511-2f292d31d5ff,Sarah Gonzales,fcherry@example.org,326-819-9245,2003-08-04,Female,"622 Henderson Passage Apt. 046, Burnsmouth, WV 60723",c2ae80e1-48e1-470a-a217-45ae311f4f9d
63e0af7a-48db-4658-90dd-090fdb3a380e,Sandy Gonzalez,brownvanessa@example.org,6672565468,2005-07-17,Female,"PSC 9229, Box 7800, APO AE 40353",c2ae80e1-48e1-470a-a217-45ae311f4f9d
7f0b64de-9566-46e5-ad8f-45f53350347a,Michael Mcmahon,shaun89@example.com,(348)881-0537x08504,2002-10-05,Female,"USCGC Peterson, FPO AE 59087",c2ae80e1-48e1-470a-a217-45ae311f4f9d
2ff1973d-d4f4-4fda-a472-d5313ea74ffe,Alexis Stevens,ematthews@example.org,+1-382-910-3514x63361,2003-11-07,Female,"3282 Catherine Light, Port Rebeccabury, AS 10909",c2ae80e1-48e1-470a-a217-45ae311f4f9d
45303546-9902-4126-bfc1-9d2d7fb5c7f5,Ashley Chen,elizabeth33@example.com,+1-548-540-2885,2003-08-10,Male,"810 King Views Suite 011, Ryanland, PR 24638",c2ae80e1-48e1-470a-a217-45ae311f4f9d
2b6404c0-5204-430d-9a48-01ea955f1434,Stefanie Ritter,rwilson@example.org,407.776.6063x164,2003-11-13,Male,"2652 Charles Loop Apt. 990, South Andrewburgh, ND 51411",c2ae80e1-48e1-470a-a217-45ae311f4f9d
a4d80272-4a74-4883-83af-4193ed71a4d3,Natasha Smith,bennettjesse@example.com,(945)278-3866x6679,2002-11-14,Male,"7194 Vargas Village, North Erinville, SC 29629",c2ae80e1-48e1-470a-a217-45ae311f4f9d
21683407-a094-4656-9678-8a975e72eeb1,Connor Tucker,snydermargaret@example.org,(991)372-3203x36969,2003-01-27,Male,"0587 Keith Mountain Suite 229, South Nicolemouth, AS 35634",c2ae80e1-48e1-470a-a217-45ae311f4f9d
845550bb-0763-4f50-b32a-70c21b73641b,Dr. Crystal Jones,pamela56@example.net,928-605-4852x0564,2004-11-27,Male,"USNS Salinas, FPO AA 88917",c2ae80e1-48e1-470a-a217-45ae311f4f9d
3417364e-15a1-43be-bc92-8396c381fe7f,Devin Thompson,priceleslie@example.org,001-339-935-4231x81226,2006-02-05,Male,"PSC 7196, Box 4097, APO AE 73382",c2ae80e1-48e1-470a-a217-45ae311f4f9d
bd805704-abd4-4713-98ac-6c9e474e1073,Dawn Richards,teresacollins@example.org,639.875.2564x528,2002-05-09,Male,"1240 Sullivan Springs Apt. 995, East Alexandraburgh, UT 08830",c2ae80e1-48e1-470a-a217-45ae311f4f9d
8a4bcb07-f85f-4553-ac24-55a326b18502,Marie Ortiz,holderronald@example.net,(651)967-1616,2003-08-28,Male,"5080 Lance Brook, Port Jeremy, LA 75687",c2ae80e1-48e1-470a-a217-45ae311f4f9d
9b9ff424-0a26-4761-9de4-e8610799272a,Amanda Rios,tamara76@example.org,374.539.7180x77503,2007-11-08,Female,"5784 Jennifer Stream Suite 369, Gregoryland, ID 19630",c2ae80e1-48e1-470a-a217-45ae311f4f9d
b44457a1-7797-4d87-b0d2-b572f810c2bd,Zachary Carlson,joseph24@example.com,001-282-270-5987x7096,2004-11-23,Female,"41360 Tammy Ford, Meganland, NC 07284",c2ae80e1-48e1-470a-a217-45ae311f4f9d
69ac85c6-7831-432c-9f66-f41637994744,Ronald Gibson,jwilson@example.net,559.498.0027,2005-04-09,Male,"94302 Johnson Station Suite 403, South Matthewland, CT 98878",c2ae80e1-48e1-470a-a217-45ae311f4f9d
4d34d01f-8214-4f4e-9e71-824bfa4d6feb,Troy Downs DDS,gonzalezmatthew@example.net,993-883-3341x1383,2007-03-12,Male,"838 Frederick Stream, Lake Nicholasmouth, TN 09159",c2ae80e1-48e1-470a-a217-45ae311f4f9d
eb70f822-783c-4130-884b-c363dfd420c2,Carrie Gray,debra45@example.com,298-317-7179,2003-11-23,Male,"3252 Garcia Hill Apt. 239, Lewisport, DE 34267",c2ae80e1-48e1-470a-a217-45ae311f4f9d
5b81bad7-c488-405a-88ad-e97db3cc95f9,Christopher Brown,kcobb@example.com,001-885-946-2276x24850,2007-07-17,Female,"404 Shannon Spur, East Matthewville, DC 78370",c2ae80e1-48e1-470a-a217-45ae311f4f9d
edc489eb-28c9-4db0-8d20-32c16c1f68eb,Natasha Frey,stacy87@example.net,+1-975-210-0527x799,2002-07-12,Female,"6890 Vaughn Stravenue Suite 948, Jennifermouth, WY 54523",c2ae80e1-48e1-470a-a217-45ae311f4f9d
9e3c3217-dbca-4c55-97cc-0a6da122aaf2,Lisa Carlson,tiffanythomas@example.org,484.645.9561x78507,2004-07-21,Female,"50387 Barnes Light Apt. 882, Port Douglasburgh, PA 51541",c2ae80e1-48e1-470a-a217-45ae311f4f9d
29d9cb82-a3b3-4036-9cda-eefedb639c36,John Leblanc Jr.,natalie83@example.org,757.964.8470,2002-06-03,Female,"0395 Patrick Ways Suite 869, Jeffreyport, GA 21808",c2ae80e1-48e1-470a-a217-45ae311f4f9d
d53eb620-7e65-4d3d-a4aa-8b07b7b5b036,Nathan Anderson,shill@example.org,631-326-6312x489,2006-02-08,Female,"461 Eric Corners Apt. 399, Rowlandport, OK 32869",c2ae80e1-48e1-470a-a217-45ae311f4f9d
b56499d7-d8be-4423-8ffa-cb688ab86a77,Shelly Joseph,jessicagomez@example.org,218-825-2825,2005-09-10,Male,"31937 Rodney Land Apt. 771, East Dustin, MS 73471",c2ae80e1-48e1-470a-a217-45ae311f4f9d
4612f03b-2086-491a-897a-5ef87d5e743c,Jeffery Farrell,paulmorales@example.com,001-732-433-5015x106,2003-04-18,Female,"888 Steven Grove, North Michaelview, VT 34415",c2ae80e1-48e1-470a-a217-45ae311f4f9d
fec264ce-289a-46d2-ae6a-775534c865a6,Elizabeth Parker,walkerronnie@example.net,+1-255-518-8765,2002-07-16,Female,"11469 Smith Roads, Miguelshire, CT 25891",c2ae80e1-48e1-470a-a217-45ae311f4f9d
de4b262c-e3f7-4bc6-aa9f-234668dab835,Justin Griffin,william76@example.com,(266)448-5548x372,2003-03-26,Male,"Unit 8542 Box 6151, DPO AA 89043",c2ae80e1-48e1-470a-a217-45ae311f4f9d
1cbc7444-026e-4910-b868-28a82f77222e,Paul Johnson,cassandra32@example.com,001-339-555-7552x91130,2002-03-16,Female,"10352 Fowler Crossroad Suite 101, New Seanport, MH 75230",c2ae80e1-48e1-470a-a217-45ae311f4f9d
797ae689-bef8-447f-89b7-9530c0d2aac5,Sean Atkins,kmckinney@example.com,+1-871-308-4847x02041,2005-03-23,Female,"329 Mcdonald Fall, Johnsonfurt, ND 62669",c2ae80e1-48e1-470a-a217-45ae311f4f9d
b9358d37-4e5d-4cf4-9d96-3102fca69d09,Leslie Mclaughlin,hfranklin@example.net,520-913-8634x6302,2006-09-17,Female,"7603 Abbott Viaduct Suite 234, North Amanda, AK 57901",c2ae80e1-48e1-470a-a217-45ae311f4f9d
7b1c41b3-af18-47c2-a950-c841fb1d5225,Toni Larsen DVM,smithdavid@example.org,+1-475-344-6250,2002-11-09,Male,"6542 Alejandro Land, West Robert, NY 60619",c2ae80e1-48e1-470a-a217-45ae311f4f9d
c6d91a39-a900-4d1b-bb8a-f5bf8bef07cb,Christopher Ward,antoniohunter@example.com,001-911-437-7043x95558,2003-01-26,Male,"2509 Lee Ranch, Lake Sheila, NC 40334",c2ae80e1-48e1-470a-a217-45ae311f4f9d
64b1e9a9-b776-4f47-a3be-70bc2ea10c1d,Glenn Long,mejiajimmy@example.org,001-688-341-4141x65300,2006-09-06,Female,"8737 Gonzales Summit, Aaronburgh, CO 92783",c2ae80e1-48e1-470a-a217-45ae311f4f9d
e8ee8fe1-16a3-44af-9eba-75c32cfd4eb9,John Cooper,williamsjesse@example.com,+1-603-790-4321x206,2003-05-05,Male,"Unit 9357 Box 8106, DPO AE 46052",c2ae80e1-48e1-470a-a217-45ae311f4f9d
efa422ce-a7d0-4e9e-8510-be05dc7e3f3f,Susan Warner,donnawalters@example.com,+1-923-306-0748,2004-11-20,Female,"97111 Stewart Green, South Christopherberg, CO 08099",c2ae80e1-48e1-470a-a217-45ae311f4f9d
79c5a94d-db1c-4235-9349-5666b50aba31,Nancy Miller,xrowe@example.com,320-237-8444x636,2006-11-27,Female,"PSC 0347, Box 1992, APO AA 20986",c2ae80e1-48e1-470a-a217-45ae311f4f9d
b1ff019d-124b-4753-812e-02d03eccd2a8,Kristin Valenzuela,mannandrew@example.org,(432)214-8024x1703,2002-05-05,Male,"4379 Thomas Stream Suite 528, East Kathryn, SD 17058",c2ae80e1-48e1-470a-a217-45ae311f4f9d
a84f0ef2-d388-4e8a-b25c-63666675ea1a,Felicia Gross,courtney06@example.com,(731)465-3952,2003-10-22,Female,"USNS Avila, FPO AP 32403",c2ae80e1-48e1-470a-a217-45ae311f4f9d
0d9385d0-fb23-480b-92c6-9bf3f15dd88b,Monica Cox,douglas75@example.com,(601)944-8928,2006-10-04,Female,"720 Randall Shores, Nicholasshire, MO 95157",c2ae80e1-48e1-470a-a217-45ae311f4f9d
32c26ab6-c641-4ef2-9d1f-94138ab1c28c,Matthew Hernandez,colleenblack@example.com,001-943-954-5555x72674,2003-04-24,Female,"4190 Rachael Locks, Michaelfort, MP 29909",c2ae80e1-48e1-470a-a217-45ae311f4f9d
cd52aaad-4e0e-4674-a9e1-b9fb1657581c,Katherine Smith,gabrielkelley@example.com,(574)637-6762,2003-06-06,Female,"2299 Cox Mission Apt. 648, Maryhaven, KY 83844",c2ae80e1-48e1-470a-a217-45ae311f4f9d
d40cf516-c89c-4af4-978c-cad2994c8fc9,Crystal Black,debra80@example.com,680-829-0312,2002-02-15,Male,"896 Harry Trail, Gibsonbury, NM 77290",c2ae80e1-48e1-470a-a217-45ae311f4f9d
eac86156-3f59-4c9b-b515-04a800a5e871,Dennis Norris,beasleydanielle@example.org,783.205.7120x219,2007-06-15,Male,"6610 Danielle Estate Apt. 143, Stephenstad, FL 13264",c2ae80e1-48e1-470a-a217-45ae311f4f9d
1473c578-7954-489f-bdff-d8ef3e11b39d,Jesse Rodriguez,darrenharris@example.net,(240)546-8754x48638,2003-02-22,Male,"474 Kristina Garden, Bridgetville, PA 26548",c2ae80e1-48e1-470a-a217-45ae311f4f9d
58d9a040-0f4d-4fba-a3c7-de428b4afbc9,Samantha Michael,fernandezsamantha@example.com,+1-792-998-0200x81776,2003-10-06,Female,"539 Ashley Forest Suite 542, East Emilyside, CA 58808",c2ae80e1-48e1-470a-a217-45ae311f4f9d
ab1ba33c-b232-4ae7-b280-6cbfdc8d0aa5,Jill Mcbride,oliviadavis@example.com,(847)948-1560,2005-03-12,Male,"69417 Heather Hill Apt. 224, Smithhaven, NE 44148",c2ae80e1-48e1-470a-a217-45ae311f4f9d
3d913445-4ae5-401b-b60f-32e6a0c2e6ac,Amy Robinson,john61@example.net,(427)366-3574x597,2007-02-05,Male,"23096 Kenneth Skyway, New Sarahburgh, CA 09753",c2ae80e1-48e1-470a-a217-45ae311f4f9d
440eed3b-2b51-40cd-b884-a96c9f9b99a1,Carlos Stewart,megan15@example.org,458-212-3797x6192,2004-01-27,Female,"80234 Timothy Parks, Port Gloriaview, AL 39621",c2ae80e1-48e1-470a-a217-45ae311f4f9d
1f0a7704-17e4-4ced-96ab-692a7523fe8c,Kristie Smith,harrisjeffrey@example.org,(296)604-7920,2006-05-09,Female,"8475 Smith Junction, New Christina, GA 97063",c2ae80e1-48e1-470a-a217-45ae311f4f9d
ab7d22d2-fb92-4cd5-9c64-c886b0e8a831,Vicki Jackson,kevinroberts@example.org,436.501.9747,2006-07-22,Male,"Unit 8792 Box 3733, DPO AA 85699",c2ae80e1-48e1-470a-a217-45ae311f4f9d
dfd620b2-0691-46a8-9296-b36c1a18daff,Laura Glover,baileyhoward@example.net,457-832-9404x16706,2007-07-14,Male,"63528 Kelly Lodge, East Williammouth, MD 19423",c2ae80e1-48e1-470a-a217-45ae311f4f9d
8bb84a79-3207-4a7c-8274-1bd98098207f,Antonio Contreras,michaelmyers@example.com,(961)929-6714x85177,2006-12-04,Male,"628 Lucas Ramp Suite 326, Wilsonborough, ND 42737",c2ae80e1-48e1-470a-a217-45ae311f4f9d
b76a8368-60e0-42d6-a0ec-930e2cd61017,Andrea Wilkins,laurenjohnson@example.com,326.793.9932x229,2002-12-21,Male,"15381 Franklin Rapid Suite 068, Riveraland, PR 02668",c2ae80e1-48e1-470a-a217-45ae311f4f9d
16b3321a-d195-456a-9492-345689c2792e,Teresa Mendoza,avaughn@example.org,001-640-205-9378x89670,2003-09-27,Male,"99864 Riggs Spring, Timothyport, NE 07885",c2ae80e1-48e1-470a-a217-45ae311f4f9d
98576c69-2546-4f42-b668-d7549ec733a9,Kenneth Diaz,william78@example.net,2937334239,2007-05-21,Female,"841 Valenzuela Curve Apt. 803, Matthewhaven, VA 05212",c2ae80e1-48e1-470a-a217-45ae311f4f9d
098908ac-c7f7-4200-b315-fe32a5c0158f,Alicia Fuentes,vanessa10@example.org,001-489-431-5431x45054,2002-10-31,Female,"Unit 2508 Box 0096, DPO AE 53731",c2ae80e1-48e1-470a-a217-45ae311f4f9d
53230076-a4d4-4f63-9ad7-62ab5f78c122,Brandy Avila,bryan86@example.com,435.273.9501x2691,2002-03-21,Female,"62401 Joseph Points, Kiaraberg, IA 88277",c2ae80e1-48e1-470a-a217-45ae311f4f9d
a194a1ae-1e6b-4187-81fa-8c7e5feddec8,Kristin Robles,henryvanessa@example.net,500-421-7989x4087,2004-03-12,Male,"285 John Rue Suite 447, Lake Williamside, MP 90813",c2ae80e1-48e1-470a-a217-45ae311f4f9d
648b60fb-47a6-4c23-8dd6-80ccb0961d86,Laura Pennington,nmason@example.net,+1-429-979-4075x94745,2001-12-22,Male,"372 Randolph Via, Port Brandonville, FL 90807",c2ae80e1-48e1-470a-a217-45ae311f4f9d
b0939c39-88c6-426e-8cec-9781821fc5e6,Cody Flores,martinisaac@example.com,(291)979-3771x425,2002-07-05,Male,"5728 Hodges Mountains, East Jennifer, SC 40844",c2ae80e1-48e1-470a-a217-45ae311f4f9d
29763f2b-0555-4100-87ca-ef52c13eca5a,Jose Hodge,sdavis@example.org,001-741-477-5430x168,2004-09-14,Female,"108 Katelyn Common, Costafort, SC 40752",c2ae80e1-48e1-470a-a217-45ae311f4f9d
5bfd9187-c793-43a0-81fa-2b268822a1ee,Susan Olson,patrickwright@example.net,446-601-5116x722,2003-02-14,Male,"22225 Brock Run Suite 959, New Brendabury, AL 76908",c2ae80e1-48e1-470a-a217-45ae311f4f9d
528b9fc5-1ad7-4bdd-8960-6cd9fa4dffdd,Kimberly Johnson,donald65@example.com,+1-523-457-2322x093,2002-01-21,Female,"797 Charles Throughway, Lake Martha, IL 06193",c2ae80e1-48e1-470a-a217-45ae311f4f9d
80e6c402-b1a2-4450-b92e-6dd04ef057ef,Charles Butler,morganpace@example.com,911.403.9362x908,2006-03-25,Female,"935 Charles Tunnel Suite 521, Russellshire, WI 21068",c2ae80e1-48e1-470a-a217-45ae311f4f9d
57e26aa0-29f2-45e8-aa1c-4f2adf66ee7d,Sergio Miller,ekeller@example.com,(769)353-2423x4612,2004-12-13,Female,"99562 Brown Courts Apt. 095, Atkinsonland, SC 89988",c2ae80e1-48e1-470a-a217-45ae311f4f9d
76a9e6f1-b6e1-4032-beac-de12ac07542b,Kyle Silva,jessicaadams@example.com,+1-756-769-7857x27919,2005-10-14,Female,"545 Vargas Orchard, Lisamouth, MP 60219",c2ae80e1-48e1-470a-a217-45ae311f4f9d
2598f9ab-f396-48ff-be98-93c9cd5898a9,Thomas Smith,robertobishop@example.net,+1-831-868-4102x3045,2003-10-14,Male,"6663 Brian Cove Suite 073, Josephbury, NV 01146",c2ae80e1-48e1-470a-a217-45ae311f4f9d
8ce44813-1ae0-45c6-ac25-a07f0a61a66e,Mary Ruiz,nicolefleming@example.net,(547)939-4589x984,2003-02-14,Female,"321 Simmons Gateway Apt. 015, Burkeberg, FL 68761",c2ae80e1-48e1-470a-a217-45ae311f4f9d
9522f828-b3b6-4429-8d2e-ead149a5e80c,Rebecca Wolfe,crawfordpatrick@example.net,+1-266-217-9065x2137,2004-12-01,Female,"5950 Orr Pass, South Christian, DE 80107",c2ae80e1-48e1-470a-a217-45ae311f4f9d
68269809-1f23-4198-bf3b-6d72744c8054,Tina Barnett,sanchezbryan@example.org,+1-937-698-0274,2004-10-01,Female,"4990 Kelly Ridges Apt. 883, East Robert, AR 15259",c2ae80e1-48e1-470a-a217-45ae311f4f9d
75421033-1521-437f-a0b8-ac0428dd4487,Joseph Baker,christinecalhoun@example.net,7864614288,2006-11-21,Male,"589 Heather Inlet, Scottbury, SD 51847",c2ae80e1-48e1-470a-a217-45ae311f4f9d
49e313b7-0399-49d9-8e69-30b8226e7982,Stephanie Ware,kbrooks@example.net,472-506-1040,2003-10-22,Female,"3111 Hale Shore, Dayberg, MD 50404",c2ae80e1-48e1-470a-a217-45ae311f4f9d
4a5ec7e1-8600-4066-9f74-204dd55927d7,Kerri Zimmerman,micheal77@example.com,403-753-1093,2007-07-16,Male,"0382 Emily Extensions, Sheilafurt, WI 83294",c2ae80e1-48e1-470a-a217-45ae311f4f9d
c194041f-0151-46c9-969f-14891966dc03,Matthew Mitchell,jerrydavis@example.net,252.353.8067x0531,2006-10-02,Female,"385 Aaron Tunnel Apt. 277, Port Chrisstad, SD 00541",c2ae80e1-48e1-470a-a217-45ae311f4f9d
f65384ba-4ff0-49a6-afd5-9b6c7f83b17b,Joshua Greene,debrasmith@example.com,438-968-8342x2147,2004-09-14,Male,"799 Mack Circle, East Evan, AZ 96533",c2ae80e1-48e1-470a-a217-45ae311f4f9d
c8c1b203-f972-4362-8426-0a14a5489f60,Pamela Allen,stacysandoval@example.org,001-774-658-6004x67394,2005-05-20,Male,"Unit 0731 Box 1918, DPO AP 20010",c2ae80e1-48e1-470a-a217-45ae311f4f9d
65b5e20e-03f2-4ac9-a7e8-931744142f6c,Jacob Young,seth71@example.net,001-982-707-5804x8325,2002-11-16,Male,"44671 Le Motorway Apt. 991, Port Brandi, ND 70962",c2ae80e1-48e1-470a-a217-45ae311f4f9d
6d53fc37-017a-4d84-996e-601250d0388b,Jordan Pittman,melissaolson@example.net,399-271-3904x382,2006-05-07,Male,"0108 Hamilton Square Suite 758, West Joseport, MT 10427",c2ae80e1-48e1-470a-a217-45ae311f4f9d
d3c69972-38fa-4b75-8c0f-fa8f0718d45f,Cindy Reid,ruizbarbara@example.org,(966)694-5200x9407,2003-11-20,Female,"7489 Sanchez Village, Jeffton, SD 57570",c2ae80e1-48e1-470a-a217-45ae311f4f9d
ff38e41e-8f7c-4e55-a864-d4592ece0dd4,Dr. Laura Miller,harrisonmarcia@example.org,455-548-1783x9849,2005-05-24,Male,"436 Cheryl Fords, Markhaven, AS 37121",c2ae80e1-48e1-470a-a217-45ae311f4f9d
1b0fe155-4f1d-4a6d-9db1-63213a176158,Spencer Hodges,kristinaduffy@example.com,8385250729,2005-06-27,Female,"75298 Murray Mountain Apt. 943, Herringshire, KS 72784",c2ae80e1-48e1-470a-a217-45ae311f4f9d
ce4af5f5-e404-489f-aa52-f8d93cb9bbca,Amanda Mitchell,greenheidi@example.com,(208)258-6125,2006-03-27,Female,"038 Rosales Squares, Garciamouth, AL 33896",c2ae80e1-48e1-470a-a217-45ae311f4f9d
f1bcd0f5-46ba-4ef7-9490-ddb55e3a759e,Edward Mercado,sclark@example.com,+1-295-522-2307x57576,2004-10-30,Male,"9245 Ross Loaf Suite 491, Whitemouth, AS 47208",c2ae80e1-48e1-470a-a217-45ae311f4f9d
0d72c4fa-ecec-4fde-b064-9390d036fc93,Bianca Roth,ewilson@example.com,+1-752-728-5481x1023,2005-03-23,Female,"USNS Schwartz, FPO AP 83288",c2ae80e1-48e1-470a-a217-45ae311f4f9d
eb094394-0c18-464a-940e-3f3a59f8d07f,Angela Anderson,smithadam@example.org,368-336-4991x09675,2004-08-13,Male,"3370 Nathan Fields, Donnatown, AZ 12261",c2ae80e1-48e1-470a-a217-45ae311f4f9d
cf23b4eb-e18f-4bc1-bfca-8290c7ab1736,Darlene Newman,bennettkimberly@example.net,338-568-7781,2005-02-05,Male,"6958 Harry Run, Millerside, NJ 07853",c2ae80e1-48e1-470a-a217-45ae311f4f9d
8e3cae2f-c9ae-4d47-ad5e-f8090c298c2b,Stacy Brown,steven51@example.net,4658098969,2005-11-08,Female,"USNS Elliott, FPO AE 23524",c2ae80e1-48e1-470a-a217-45ae311f4f9d
a73ab2b8-15be-462d-b7bb-ef1b47b1f5d6,Renee Marquez,michaelfernandez@example.com,(389)787-1240x92609,2004-05-01,Female,"747 Jonathan Harbors Suite 790, East Christopherside, KS 40807",c2ae80e1-48e1-470a-a217-45ae311f4f9d
d719165f-11a9-4680-8f02-2c44f6aa53a3,Robert Foster,dolson@example.org,(308)320-2122x9624,2003-10-07,Female,"54245 Gregory Common, Oliverstad, OK 35192",c2ae80e1-48e1-470a-a217-45ae311f4f9d
ba2a934f-1ea9-4846-8f4c-8d385ebe9d33,John Bell,johnsonhannah@example.org,001-732-869-1244x7917,2004-09-06,Male,"30821 Bethany Green, Nashport, MS 84433",c2ae80e1-48e1-470a-a217-45ae311f4f9d
36628342-5d26-4c13-8e37-98d0f155c059,Jeffrey Ford,xcarrillo@example.com,(727)886-6429x6257,2006-04-23,Male,"22966 Lisa Way Apt. 901, Johnsonland, FL 78221",c2ae80e1-48e1-470a-a217-45ae311f4f9d
d4cb308a-1dd4-488f-991b-46a97437b130,Lori Zimmerman,warrenbryan@example.org,229-481-5758,2005-07-03,Female,"5614 Vanessa Squares, Lake Kellymouth, ID 14053",c2ae80e1-48e1-470a-a217-45ae311f4f9d
9f5f1671-ad86-47b9-bbf8-f8c847302cae,Ryan Long,erin75@example.com,9553304155,2005-03-09,Female,"270 Sherman Plains, East Morgan, IL 44395",c2ae80e1-48e1-470a-a217-45ae311f4f9d
5ffdaddc-1e91-49f4-a375-d1b83df8810d,Tara Butler,evanselizabeth@example.net,+1-930-348-7111x47710,2005-09-25,Male,"3091 Taylor Hills Suite 810, Garciaview, KY 16951",c2ae80e1-48e1-470a-a217-45ae311f4f9d
c68132ee-42d6-4014-b16d-2aa681bbc0b1,Ivan Bonilla,bschmidt@example.net,(712)354-4637,2005-07-09,Female,"391 Cory Road Suite 868, Johnfurt, NV 31598",c2ae80e1-48e1-470a-a217-45ae311f4f9d
da50fa41-09f3-4a41-b853-be1b0c9676a0,Kimberly Valdez,umorris@example.net,(801)342-9849,2007-07-06,Male,"745 Anderson Park Suite 494, Lake Jason, NY 66102",c2ae80e1-48e1-470a-a217-45ae311f4f9d
835954fd-9314-4a68-b0a9-757d91860e83,Michael Willis,anna85@example.net,001-469-403-0054x47237,2002-01-12,Male,"Unit 3132 Box 9394, DPO AE 00833",c2ae80e1-48e1-470a-a217-45ae311f4f9d
fd925e5a-90d0-4036-94bc-ea8d00093a91,Ana Allen,jonathan79@example.net,691.356.9489x0640,2002-09-27,Female,"7070 Nelson Parkway Apt. 157, Johnton, FL 60443",c2ae80e1-48e1-470a-a217-45ae311f4f9d
a6e237fc-7749-41df-ae61-850b56e9f022,Gregory Larson,zdonaldson@example.com,(466)279-5142,2005-08-25,Male,"Unit 8991 Box 4058, DPO AA 64444",c2ae80e1-48e1-470a-a217-45ae311f4f9d
d2561aa5-c62b-4de5-9b93-818b5eade392,Gabriel Dominguez,angelacaldwell@example.com,+1-522-936-7050x956,2003-11-12,Female,"4047 Shaw Street Suite 701, West Danielchester, TX 92268",c2ae80e1-48e1-470a-a217-45ae311f4f9d
c8f27bd0-ad33-4d73-9c3f-28a6d4ccdc3c,Sherry Glenn,knightjason@example.org,509-986-0269,2006-04-30,Female,"69777 Ashley Circle, Larryhaven, SD 54082",c2ae80e1-48e1-470a-a217-45ae311f4f9d
bc6bbcf8-11f3-477d-9ab0-b9c074bca9b2,Yvonne Chase,coopercraig@example.org,001-239-592-4497,2006-10-08,Female,"3890 Davis Villages Apt. 869, New Tina, NE 10615",c2ae80e1-48e1-470a-a217-45ae311f4f9d
bd74966a-3598-4827-b29d-f1a73422034a,Holly Navarro,rpeterson@example.net,775.276.1936x81224,2005-01-04,Male,"PSC 4025, Box 0182, APO AP 69757",c2ae80e1-48e1-470a-a217-45ae311f4f9d
dedb1456-d5ef-400b-873f-8ba74bf6a592,Kristen Roberts,phillipparker@example.org,513.645.0120,2003-04-06,Female,"3358 Richards Point Suite 518, Joshualand, MN 57677",c2ae80e1-48e1-470a-a217-45ae311f4f9d
266aa967-02e7-4908-ac1d-2070f75edf33,Jessica Scott,sheila20@example.com,+1-609-502-0272x4213,2002-10-27,Female,"53618 Ronald Locks, West Derek, WY 56000",c2ae80e1-48e1-470a-a217-45ae311f4f9d
e601e550-51c1-4f50-afeb-d140415f4790,William Mccarthy,qwood@example.org,001-298-486-1195,2006-08-29,Female,"4162 Burton Burg, Port James, AS 60784",c2ae80e1-48e1-470a-a217-45ae311f4f9d
8709a7ef-a978-498b-bdda-bc572500936c,Paul Lloyd,michele94@example.com,001-319-591-4942,2001-12-31,Male,"5706 Sutton Stream, Haleyborough, IN 71715",c2ae80e1-48e1-470a-a217-45ae311f4f9d
69ec3f3a-220d-45a0-a1f4-40034bd81cbd,James George,zgoodman@example.com,933-668-8342x5196,2002-02-13,Female,"9170 Nicole Prairie Suite 515, West Craig, MT 22280",c2ae80e1-48e1-470a-a217-45ae311f4f9d
fd533946-3376-48a2-b262-3b8abe09f47b,Lucas Stokes,russohannah@example.net,778.519.2776x7075,2005-03-03,Female,"4287 John Route Apt. 953, Port Kathryn, MH 22063",c2ae80e1-48e1-470a-a217-45ae311f4f9d
a7968baa-491d-43a4-90a9-0cf3dcea4360,Angela Gonzalez,ksheppard@example.com,744.262.0667,2005-08-19,Female,"17412 Snyder Streets, Zacharyfort, NH 84904",c2ae80e1-48e1-470a-a217-45ae311f4f9d
14211399-627d-4d2b-a801-6c2f773e8155,Kimberly Barron,zayala@example.org,001-530-882-0608,2002-05-02,Female,"338 Johnson Viaduct Suite 773, Brownport, TX 39251",c2ae80e1-48e1-470a-a217-45ae311f4f9d
fa522982-6412-402d-a16d-989f2e510279,Karen Fox,bradleyjames@example.com,(681)574-7416,2004-07-01,Female,"896 Christina Forks Suite 498, Lake Scottton, AL 25273",c2ae80e1-48e1-470a-a217-45ae311f4f9d
2f4f941e-db89-497e-bc1e-2878c42b1600,Krista Cooper,barnettdana@example.org,(302)798-1985,2003-06-01,Female,"319 Smith Junction, Carpentermouth, VA 46180",c2ae80e1-48e1-470a-a217-45ae311f4f9d
3aad3dd9-d06b-4dd7-b08f-c783b5104dec,Philip Howard,karen18@example.com,(312)509-0053x27109,2002-03-10,Female,"4561 Brock Junction, Hopkinsville, MN 24516",c2ae80e1-48e1-470a-a217-45ae311f4f9d
a7df3abd-528b-4f8c-a9f0-3c288130efce,Tiffany Maxwell,timothyobrien@example.com,+1-411-538-9379x9955,2006-04-15,Male,"07810 Lindsay Ridges, Elizabethbury, CT 16266",c2ae80e1-48e1-470a-a217-45ae311f4f9d
a90eafb9-e396-4697-9a33-1e5fcb63a63c,Christopher Cruz,paulmcgee@example.com,962-756-5842x8593,2005-02-19,Male,"90698 Victoria Camp, East Michaelmouth, NJ 42781",c2ae80e1-48e1-470a-a217-45ae311f4f9d
895b1cf3-b6b5-499b-8a84-8ad623fe963d,Richard Haynes,hutchinsonbarbara@example.com,3483577435,2004-11-03,Female,"91570 Rebecca Throughway Suite 398, North Kristiport, PA 42193",c2ae80e1-48e1-470a-a217-45ae311f4f9d
dc89433f-c558-4caa-90ef-8fd8af298977,Jeffrey Moreno,uanderson@example.net,5302673257,2007-03-29,Female,"Unit 3251 Box 3547, DPO AA 61777",c2ae80e1-48e1-470a-a217-45ae311f4f9d
c8538d95-5aef-4c21-ae53-3d5529271562,Jessica Wiley,cantrellcory@example.com,(344)368-2867,2002-03-12,Male,"024 Collins Flat Suite 841, Port Curtis, PW 63247",c2ae80e1-48e1-470a-a217-45ae311f4f9d
9480dc48-6b4d-4d64-bd66-03a4e5467ef5,Jason Hunter,ucampos@example.com,785-403-9139x4388,2007-09-20,Male,"4774 Macdonald Lane, Mcdowellborough, SD 35139",c2ae80e1-48e1-470a-a217-45ae311f4f9d
3dcf7823-21e2-4348-ba5b-3a28555124bd,Vincent Neal,ashley09@example.net,597.435.2174,2003-06-19,Male,"USCGC Freeman, FPO AP 15272",c2ae80e1-48e1-470a-a217-45ae311f4f9d
8366e458-ec2b-44e7-a8fb-1e58bbba8da1,Janet Robinson,jamessmith@example.org,+1-864-723-5896,2003-06-05,Male,"Unit 7998 Box 8286, DPO AP 82632",c2ae80e1-48e1-470a-a217-45ae311f4f9d
9c816423-6415-4a29-a00a-510f9582ce3c,Melanie Ward,michael69@example.org,001-900-230-9168x327,2007-02-19,Female,"0084 Ellis Roads, New Edwardview, VA 99947",c2ae80e1-48e1-470a-a217-45ae311f4f9d
3afd6393-ad0c-42c9-8b43-a3b3677a2839,Andrew Edwards,jfields@example.net,5789943394,2005-06-20,Female,"8307 Clay Islands, Lake Jenniferfort, AZ 35844",c2ae80e1-48e1-470a-a217-45ae311f4f9d
ca0d4fd7-0491-4a43-a88b-ec42ed0e55b6,Paula Silva,michaelortiz@example.com,001-251-426-6414x26094,2004-04-05,Female,"3700 Phillips Creek Suite 321, Nicholasstad, HI 32052",c2ae80e1-48e1-470a-a217-45ae311f4f9d
5996d75b-31d8-43b4-88f9-cfe654e4b8e0,Dawn Jones,madisondavis@example.net,955-675-8616x8700,2005-09-16,Female,"61993 Ariel Court Suite 604, Loweryfort, VI 76231",c2ae80e1-48e1-470a-a217-45ae311f4f9d
fa7b47dc-a084-4c98-97b0-7e711d3a45f8,Lindsey Lee,ssanchez@example.net,940.933.4109,2006-09-04,Male,"0279 Ross Viaduct, Josephville, KY 31719",c2ae80e1-48e1-470a-a217-45ae311f4f9d
a2d25af3-ad74-4263-88fa-bac6e0134469,Bryan Bennett,scott98@example.org,845-254-4191x3960,2006-09-16,Female,"642 Foster Cliffs, West Jessica, MO 61698",c2ae80e1-48e1-470a-a217-45ae311f4f9d
e668663b-8813-4b30-bc4a-aeb09de453b0,John Woods,ljohnson@example.net,241-933-2891,2006-02-21,Male,"2978 Fuller Mountains Suite 748, Craigfurt, OK 11320",c2ae80e1-48e1-470a-a217-45ae311f4f9d
f53a1dc0-a0ec-488a-ab39-465bc609782a,Taylor Carroll,dgarza@example.org,500-486-8366,2002-05-29,Female,"71211 Jeremy Springs Apt. 769, Lake Thomas, NV 04492",c2ae80e1-48e1-470a-a217-45ae311f4f9d
f8d923fe-fc4f-466b-a765-aa96465e700a,Erika Fritz,maymatthew@example.net,001-789-459-1441x20863,2007-04-04,Female,"167 Carolyn Villages, Murphyborough, SD 37243",c2ae80e1-48e1-470a-a217-45ae311f4f9d
f1f036db-7ebb-420b-97a8-909ddc3ed4d0,Maria Harris,martinlaura@example.org,(996)288-8749,2004-04-09,Male,"1467 Vanessa Green, New Antonio, TX 64887",c2ae80e1-48e1-470a-a217-45ae311f4f9d
e3a918f4-e6e9-4d94-9efd-742ea5459dad,Janice Davis,carpenterthomas@example.net,+1-688-774-4135x67610,2002-01-06,Male,"PSC 8543, Box 7816, APO AA 50889",c2ae80e1-48e1-470a-a217-45ae311f4f9d
f49835b6-6198-483f-947d-e6d755d827ed,Sean Whitehead,lewismichael@example.com,956-964-1619,2004-08-05,Female,"288 Megan Shores, Lake Austintown, DC 58905",c2ae80e1-48e1-470a-a217-45ae311f4f9d
fd03c88d-fb45-4a28-9192-afd81cedbe0d,Claudia Neal,sallen@example.net,+1-658-299-1911,2006-09-17,Male,"8860 Harris Point Apt. 611, North Amyton, GU 42154",c2ae80e1-48e1-470a-a217-45ae311f4f9d
c71c2fba-b413-420d-9926-f66b50185c12,Austin Cox,barnettlindsay@example.com,+1-742-730-3820,2001-12-09,Male,"912 Cooley Shoals Apt. 484, Lake Thomasstad, VI 63364",c2ae80e1-48e1-470a-a217-45ae311f4f9d
90dad0ea-56b0-4196-9acf-f8c7b6a96c55,Tony Skinner,jeffreypowell@example.com,+1-454-417-7414x108,2007-02-21,Female,"444 Philip Trafficway Suite 731, Lake Jasonside, AR 38592",c2ae80e1-48e1-470a-a217-45ae311f4f9d
7af9774e-7728-4af1-b863-5d185ae67324,Lisa Smith,rebecca51@example.org,466.292.2902,2007-04-06,Female,"920 Williamson Stravenue Apt. 680, South Nancybury, SD 21980",c2ae80e1-48e1-470a-a217-45ae311f4f9d
974b215d-5f7e-4c43-bb28-257deb7d391a,Dylan Daniels,stephanie86@example.net,+1-249-430-7871,2002-04-22,Female,"84202 Kevin Summit Suite 945, East Daniel, AK 25381",c2ae80e1-48e1-470a-a217-45ae311f4f9d
81ce8925-2760-4065-b0a5-5989292f5316,John Chan,collinsstephanie@example.org,(649)753-2635x06416,2002-10-07,Female,"912 Paul Loop, Allenstad, VT 06311",c2ae80e1-48e1-470a-a217-45ae311f4f9d
da3743cd-720d-485f-b026-20a3afc1ebb8,Linda Lucas,felliott@example.com,846.280.8600,2004-08-11,Female,"51302 Roberts Place, East Tara, NY 39851",c2ae80e1-48e1-470a-a217-45ae311f4f9d
19fa9eac-862d-4630-888d-cb9863d23444,Jessica Brown,kristyjones@example.org,(272)675-6305,2002-02-04,Male,"988 Lynn Mountain, Davidton, MT 64572",c2ae80e1-48e1-470a-a217-45ae311f4f9d
239c48c1-3b0e-42ae-bfff-8f4b887b802f,Michael Rogers,ljames@example.com,3288121178,2004-03-09,Male,"126 Craig Villages Suite 151, Mariaside, VI 02304",c2ae80e1-48e1-470a-a217-45ae311f4f9d
33b6eda6-39a2-4163-88f9-891c15ac17a4,Mr. Samuel White,ygilbert@example.net,517-358-5662x4049,2003-08-29,Male,"350 Richardson Parkway, Scottchester, TX 81929",c2ae80e1-48e1-470a-a217-45ae311f4f9d
85c6be91-a179-4c10-9b2f-3e413721b5d2,Daniel Baxter,castillovalerie@example.org,881.942.0387x505,2004-02-14,Male,"6179 Hudson Avenue, West Tanner, MN 72159",c2ae80e1-48e1-470a-a217-45ae311f4f9d
2100a65a-4e14-46b7-b3c8-79e3ee2e760e,Ariel Tate,cwood@example.net,865.524.8168,2002-08-28,Male,"4034 Anderson Greens, Jerryside, TN 33295",c2ae80e1-48e1-470a-a217-45ae311f4f9d
df5be67d-9b10-4b24-84a6-41b3907f59cf,Jessica Wilson,charrison@example.net,2339815326,2005-09-17,Male,"15793 Williams Path, New Normanbury, GU 36209",c2ae80e1-48e1-470a-a217-45ae311f4f9d
0149a44b-de0d-4c81-b1fd-788cec68f742,April Brown,hgray@example.net,(357)225-7679,2004-08-16,Male,"651 Shannon View, Hullburgh, TX 76641",c2ae80e1-48e1-470a-a217-45ae311f4f9d
025cc4ef-94b5-47e8-a7b1-9cb9745dedd7,Jerry Tran,hlopez@example.net,+1-203-760-2999,2006-11-12,Female,"8004 Tara Squares Suite 024, South Elizabeth, MN 36584",c2ae80e1-48e1-470a-a217-45ae311f4f9d
796b285d-0e89-438d-a41f-1fc7f8c148c9,Billy Bradley,wmay@example.org,(890)324-4558,2006-02-25,Male,"848 Morrow Greens Apt. 573, Kimside, CT 11749",c2ae80e1-48e1-470a-a217-45ae311f4f9d
4d89c1b8-0ebf-4a51-8512-4d58fec979a3,Megan Adkins,bhoward@example.com,(981)452-6663x0105,2003-01-10,Female,"551 Welch Cape Apt. 803, Larsenshire, NJ 36739",c2ae80e1-48e1-470a-a217-45ae311f4f9d
4f967b70-1b4c-4cf5-9135-05454160636c,Jonathan Chambers,zachary55@example.net,+1-799-755-4472x287,2004-11-01,Male,"66144 Erin Shore, Robersonberg, VI 97752",c2ae80e1-48e1-470a-a217-45ae311f4f9d
86aea6b6-f430-4a1e-a8fc-81676bf654a5,Mrs. Shannon Flores,manuel92@example.org,001-705-441-7999,2007-03-04,Female,"038 Hood Cape, Lake Brian, MI 28467",c2ae80e1-48e1-470a-a217-45ae311f4f9d
afa11c28-5d70-41b2-92cd-a9049723a802,Jamie Schmidt,john31@example.com,803.541.2721x7381,2005-04-12,Male,"867 Jessica Drives Suite 516, New Stephanie, KS 23713",c2ae80e1-48e1-470a-a217-45ae311f4f9d
d089de86-7645-44d5-9789-1a628f739a7c,Brian Gray,sheri14@example.net,268-841-9679x2672,2005-06-23,Female,"476 Smith Gateway Apt. 143, Port Brettview, WI 10280",c2ae80e1-48e1-470a-a217-45ae311f4f9d
d74dddc6-6e52-4bb9-a9f1-1c184b45d437,Jason Tyler,kingderek@example.net,729-670-9710x15402,2006-09-23,Female,"915 Wesley Springs Suite 955, Jimberg, IA 74137",c2ae80e1-48e1-470a-a217-45ae311f4f9d
c4bfe414-5d12-4be5-8f34-776e87c25a44,Katie Hoffman,shieldsscott@example.org,(785)911-5092x87442,2007-07-19,Female,"7411 Taylor Prairie, Darrellmouth, IL 51373",c2ae80e1-48e1-470a-a217-45ae311f4f9d
17a7878a-e32c-4c71-84ec-25cad69277a2,Chad Freeman,nicholassmith@example.org,789-308-4843x457,2004-06-27,Male,"020 Fischer Harbor, Port Matthewmouth, HI 93422",c2ae80e1-48e1-470a-a217-45ae311f4f9d
cf610d93-50ed-416c-b763-7af9304ec101,Anne Payne,travisshelton@example.org,(870)357-1190,2004-04-13,Male,"97513 Christopher Radial, Savageville, OR 96957",c2ae80e1-48e1-470a-a217-45ae311f4f9d
9d54ed58-78cc-4415-a505-a8ceca4143af,Adrian Knight,ehall@example.com,001-761-480-3284x1853,2007-07-23,Male,"58575 Jones View, Brendanmouth, MD 92843",c2ae80e1-48e1-470a-a217-45ae311f4f9d
d7f5ed84-d666-4729-b5c1-25aeb9f9675b,Stephen Gray,tracyross@example.com,925.827.2825x7773,2003-02-28,Female,"53600 Katherine Pass, Coleborough, AL 50614",c2ae80e1-48e1-470a-a217-45ae311f4f9d
8118ab00-47c3-4c04-9187-9c16e563543c,Lacey Rodriguez,hayestrevor@example.net,(698)625-6151,2004-03-05,Male,"USS Glass, FPO AE 60601",c2ae80e1-48e1-470a-a217-45ae311f4f9d
312895c4-0eb9-498a-9132-0857593c6e75,Rachel Taylor,olsenryan@example.org,+1-695-457-7252x259,2004-06-07,Male,"288 Reilly Keys, South Michelleport, NH 72860",c2ae80e1-48e1-470a-a217-45ae311f4f9d
4c5cfbe5-8bbd-4ee9-a5f6-4cc91fef100d,Jack Armstrong,vmatthews@example.org,+1-363-303-3183x965,2005-02-24,Male,"78240 David Point Suite 622, New Andremouth, KY 29043",e16fd8d1-5751-4044-ac92-eb089ffffea2
77db77f2-99af-48df-8692-ac176ec2b653,Stephen Bauer,paigebuckley@example.com,2335999170,2007-03-26,Female,"90137 Oscar Lane Apt. 239, South John, PW 23373",e16fd8d1-5751-4044-ac92-eb089ffffea2
58e430b0-b8fa-49c8-a300-0c9871f0ad72,Wesley Morales,randallhernandez@example.net,681.552.1751x3332,2007-01-17,Female,"8520 Teresa Mountain, Michaelmouth, WA 38798",e16fd8d1-5751-4044-ac92-eb089ffffea2
11091381-64fb-4762-b766-7c3f53e6b0c7,Andrew Hall,mckenziepierce@example.org,001-443-907-4210,2007-08-15,Male,"04804 Anna Key, Jamesberg, WI 76702",e16fd8d1-5751-4044-ac92-eb089ffffea2
4c244cb1-54d1-42c4-a378-5b81301ada33,Jennifer Cruz,lauren21@example.org,4276073256,2002-05-21,Female,"USS Huber, FPO AA 44640",e16fd8d1-5751-4044-ac92-eb089ffffea2
eb855ca1-9eb4-4f8b-bb7b-ff665a7519c8,Tyler Dawson,smithjoanna@example.org,799.748.3819,2004-01-30,Male,"28066 Sarah Point, Joshuashire, AS 17690",e16fd8d1-5751-4044-ac92-eb089ffffea2
bf8b6c8a-297f-41d9-ab50-3ed6f491d492,Megan Chase,brittany70@example.com,(303)481-3495x532,2004-10-09,Male,"84700 Ryan Shoals Suite 923, Hawkinsfurt, PA 41769",e16fd8d1-5751-4044-ac92-eb089ffffea2
d9c20128-ead3-4f71-9b6e-88da1dbb74f4,Anthony Howell,melissa12@example.org,203-379-8769x564,2004-01-04,Male,"33087 Monique Passage Apt. 004, South Scottfort, RI 32747",e16fd8d1-5751-4044-ac92-eb089ffffea2
bfc6f425-25fa-49c6-a59b-242972e66158,Matthew Carpenter,nicolemartinez@example.net,922.966.7160x171,2002-06-16,Female,"75816 Margaret Forges, North Elizabeth, NY 70191",e16fd8d1-5751-4044-ac92-eb089ffffea2
22be9735-3b3b-469d-8dc4-f7609afb4265,Michele Wilson,stephen12@example.net,5267841207,2002-09-11,Male,"69460 Vasquez River, Aaronburgh, NM 78876",e16fd8d1-5751-4044-ac92-eb089ffffea2
9f58618a-79ab-463c-a251-48d9c2e3ea11,Jamie Stewart,kwalls@example.net,347.820.2458x54352,2003-11-20,Female,"24517 Diana Estates, Cheryltown, NE 88591",e16fd8d1-5751-4044-ac92-eb089ffffea2
f183c007-bcce-445f-adb8-ede134d716ff,Lisa Martinez,zwelch@example.net,(768)566-5967x8923,2003-09-28,Female,"6177 James Lock Apt. 407, Lake Heather, NV 12700",e16fd8d1-5751-4044-ac92-eb089ffffea2
1893c2e2-71f0-4d36-a465-170e5384cfb0,Christopher Ryan,rwebb@example.org,(966)501-2617,2005-08-10,Female,"93097 Antonio Vista, Joelberg, NV 57055",e16fd8d1-5751-4044-ac92-eb089ffffea2
d5db9f17-dbdb-4774-ab52-05c1e0995707,Alex Ball,simsashley@example.com,(585)644-4933x9120,2004-09-14,Male,"586 Timothy Hills Apt. 750, East Jacob, FM 48498",e16fd8d1-5751-4044-ac92-eb089ffffea2
e51616c1-7344-4631-8c1a-5f2dbdfaa847,David Clark,eprice@example.com,683-579-6064,2003-12-25,Female,"846 Joshua Tunnel Apt. 525, West Lori, FL 99569",e16fd8d1-5751-4044-ac92-eb089ffffea2
6ffa3178-5f9a-444d-8571-05d05b782f92,John Ortiz,thomasmiller@example.com,+1-357-232-4333x55259,2006-09-15,Female,"67217 Rebecca Fields Suite 974, Port Dawn, FM 33970",e16fd8d1-5751-4044-ac92-eb089ffffea2
14ef30e8-b3d9-4414-8c90-6dcc67e82083,Kendra Kramer,davismelanie@example.com,(603)591-6788x607,2003-01-26,Female,"2913 Scott Stravenue Apt. 578, West Alanbury, OR 61979",e16fd8d1-5751-4044-ac92-eb089ffffea2
48aac26d-c3d2-4911-9dfa-4fee387a672a,Alexandria Roberts,adamsstephanie@example.com,001-431-414-5848,2005-12-09,Male,"97548 Herman Turnpike Apt. 609, Kingfurt, NE 26013",e16fd8d1-5751-4044-ac92-eb089ffffea2
623363a3-a637-4ceb-8cb8-9b47069b71fc,Troy King,sweeneymary@example.org,666-859-5362,2007-03-15,Female,"PSC 1968, Box 9664, APO AA 96412",e16fd8d1-5751-4044-ac92-eb089ffffea2
c1a854a4-a76d-4df5-86da-511daf39f9ef,Ryan Knight,joserivas@example.net,+1-238-798-4757x090,2005-12-10,Female,"367 Wright Mission, Fisherside, DE 06879",e16fd8d1-5751-4044-ac92-eb089ffffea2
ffed0736-3b02-43a2-957f-7769c875e6ee,Diane Schmidt,thomaskayla@example.net,6566511175,2006-12-22,Female,"4861 Robertson Glen Apt. 236, Heatherview, ID 97557",e16fd8d1-5751-4044-ac92-eb089ffffea2
6dd16490-cacb-4e51-9dc3-42de7b5509ab,Michael Gutierrez,jesse59@example.com,281.782.3025x27086,2005-03-27,Female,"47292 Mitchell Park Suite 037, Ariasside, VI 95033",e16fd8d1-5751-4044-ac92-eb089ffffea2
747e6156-2096-4d0c-9070-9edd57ec0547,Jessica Harris,steven93@example.org,(333)505-4665,2006-02-21,Female,"10594 Torres Plains, Adamsshire, TN 54882",e16fd8d1-5751-4044-ac92-eb089ffffea2
9bf72241-ec58-4152-b152-bbb24f24a1fd,Larry Watson,ashley55@example.org,468.461.8220x332,2002-11-10,Female,"1320 Smith Turnpike, Snyderville, MN 43736",e16fd8d1-5751-4044-ac92-eb089ffffea2
306ee3da-c62c-4db6-993c-703625383e83,Christine Lopez,michaelmathis@example.org,(377)509-3181,2004-05-11,Male,"322 Walters Wall, Shannonburgh, CO 21164",e16fd8d1-5751-4044-ac92-eb089ffffea2
64721f16-5633-4f33-b396-4c31f5717fee,Molly Williams,castroalexis@example.org,(333)491-0247,2004-04-25,Male,"271 George Square Apt. 280, West Donna, MN 63591",e16fd8d1-5751-4044-ac92-eb089ffffea2
4c7b1601-4f91-406a-8776-765f3fc8f8f7,Robert Johnson,elizabeth38@example.org,(729)940-5909x820,2006-08-19,Male,"086 Nicole Junction, Paulshire, PW 81547",e16fd8d1-5751-4044-ac92-eb089ffffea2
dd90c02b-56b0-4ab3-9bf6-12fc8ff8c9f7,Vanessa Vaughan,fsmith@example.com,(498)630-9551x29819,2002-06-02,Male,"Unit 3853 Box 9446, DPO AE 01997",e16fd8d1-5751-4044-ac92-eb089ffffea2
74ddda73-0835-490f-a9c9-db4b10e6b00e,Heather Evans,james57@example.org,(448)567-6927x3078,2003-11-06,Male,"4643 Baker Mountain, Smithfurt, TN 90894",e16fd8d1-5751-4044-ac92-eb089ffffea2
e64dd192-3683-4509-8500-8c156cf996b7,Ronald Newman,leonard50@example.org,576-705-7867x6627,2001-12-04,Female,"68674 Garza Loop, Dunnfort, NY 72251",e16fd8d1-5751-4044-ac92-eb089ffffea2
4944dd8e-2cc7-489c-adb5-5178bb542d53,James Brooks,codywallace@example.com,(299)782-5787,2005-04-03,Male,"31525 Jacob Gateway, North Tammy, NJ 55567",e16fd8d1-5751-4044-ac92-eb089ffffea2
d06542ea-024a-41c9-8472-566b872a392a,David Warren,pcollier@example.net,951.707.4905x238,2004-06-14,Female,"936 Brian Trail Suite 663, Lake Jeffreyshire, MS 49877",e16fd8d1-5751-4044-ac92-eb089ffffea2
38c4d102-791b-494f-9539-e7cbcdf2f36f,Crystal Trujillo,jacob24@example.org,6877504508,2002-12-21,Female,"803 Brooks Lake, New Toddbury, WV 79892",e16fd8d1-5751-4044-ac92-eb089ffffea2
dea5a081-75e1-45eb-8de3-1b5ea65ac0c4,Jennifer Schultz,lewislarry@example.net,+1-233-437-6839x5792,2004-11-23,Male,"8927 John Shoals, Larsonmouth, HI 45694",e16fd8d1-5751-4044-ac92-eb089ffffea2
ea287e1d-c5de-470b-938e-819224688386,Sara Ramirez,amandadaniel@example.com,+1-820-428-3613x17351,2005-05-23,Male,"944 Desiree Turnpike, Lake Megan, PW 12396",e16fd8d1-5751-4044-ac92-eb089ffffea2
5513f636-701f-4516-b5b5-f1d073a8254c,Aaron Meyer,yolanda95@example.net,627-601-3905,2007-02-20,Female,"3129 Reynolds Hill, East Raymondfurt, NM 46081",e16fd8d1-5751-4044-ac92-eb089ffffea2
f97adbb0-11eb-4128-9a23-29bcc256f912,Michael Perez,wilsonfelicia@example.com,596.740.8350x1855,2002-04-29,Female,"1605 Cole Viaduct Suite 475, South Stephenmouth, PW 43818",e16fd8d1-5751-4044-ac92-eb089ffffea2
eb89cca3-263e-40fa-999c-c9d867ffd923,Jennifer Long,camachoconnie@example.net,(679)974-2277,2007-04-09,Male,"USS Osborne, FPO AA 78090",e16fd8d1-5751-4044-ac92-eb089ffffea2
8afec5f9-f465-413c-9ce0-8ae9dd3a42f3,Tanya Gordon,marypetty@example.com,667.259.4164,2007-07-31,Male,"07113 Solomon Inlet, Jamesport, NJ 51382",e16fd8d1-5751-4044-ac92-eb089ffffea2
c1b1105d-bdfd-4a8a-9c2e-a11bc76849c3,Carmen Taylor,travisjohnson@example.net,653.415.7692x0269,2006-09-21,Male,"988 Miller Knoll, Port Dominiqueport, IA 16634",e16fd8d1-5751-4044-ac92-eb089ffffea2
37e25409-9c68-449b-9014-8cad94439880,Dennis Jones,kimberly05@example.net,203-801-0754x66642,2004-03-17,Male,"00938 Michaela Alley Suite 579, Flynnville, HI 36861",e16fd8d1-5751-4044-ac92-eb089ffffea2
5e0b2cad-627d-4f7f-9b25-aef6c73d30c2,John Diaz,emily28@example.com,(249)695-0603,2006-05-19,Male,"81077 Scott Isle, North Natalieview, DC 13809",e16fd8d1-5751-4044-ac92-eb089ffffea2
5362c887-dca5-47e7-9a5a-23a3cf467951,Jo White,danielhess@example.net,483-345-9780,2006-08-18,Male,"8609 Tiffany Fall, South Lindsey, AZ 49371",e16fd8d1-5751-4044-ac92-eb089ffffea2
e9836826-fe2a-4bd7-bdf6-4bfff677e55b,Paige Robinson,coxscott@example.com,001-456-642-6447x72142,2007-07-28,Male,"541 Miranda Course, West John, NJ 10570",e16fd8d1-5751-4044-ac92-eb089ffffea2
6b2ab9b7-ed56-463c-a7d6-c65c42315527,Stephen Velazquez,fcross@example.com,001-226-729-7049,2007-07-21,Female,"22731 Acosta Highway Suite 795, Hollowayport, TN 83278",e16fd8d1-5751-4044-ac92-eb089ffffea2
df209b5f-6ab1-4fb0-a89d-500c917370c3,Adam Collins,jasonking@example.com,(823)208-6844,2003-01-02,Male,"63031 Flores Gardens Suite 878, North Crystal, GA 62110",e16fd8d1-5751-4044-ac92-eb089ffffea2
4de6d862-c112-41ac-8a55-1fa60193bd0b,Andrew Taylor,hannah59@example.org,(634)371-0153x508,2005-07-01,Male,"75396 Allison Meadow Suite 777, Coleville, KS 66385",e16fd8d1-5751-4044-ac92-eb089ffffea2
2a42d558-f450-432b-a661-dec33b17d5e2,Alex Knight,taylortracy@example.org,001-206-641-8256,2006-12-28,Male,"06586 Erik Gardens, Andrebury, NV 21228",e16fd8d1-5751-4044-ac92-eb089ffffea2
189e4108-3b01-4ece-a42c-b5c604bedf2e,Dana Lara,michaelwest@example.org,4717496714,2007-10-06,Male,"9086 Sanders Fords, Danielport, MS 63875",e16fd8d1-5751-4044-ac92-eb089ffffea2
26edfa66-de7d-4cf6-be3c-c25a47076290,Nicole Shah,kmorales@example.org,621.822.6461x2021,2004-02-19,Female,"39371 Willis Courts, Brianberg, CT 02049",e16fd8d1-5751-4044-ac92-eb089ffffea2
88d07fa7-fcdf-429f-8f2a-e20bef271296,Sherri Wright,matthewbrown@example.org,+1-589-455-0407x350,2007-04-09,Male,"USS King, FPO AP 67297",e16fd8d1-5751-4044-ac92-eb089ffffea2
d3815f89-e9cc-4b6c-8c70-4398a9ca73b2,Scott Hart,vazquezhaley@example.com,+1-767-207-4543x47813,2007-08-05,Female,"PSC 1775, Box 2862, APO AP 07392",e16fd8d1-5751-4044-ac92-eb089ffffea2
10d03a63-200a-47ba-bf82-f9b0b9bb7b99,Bruce Olsen,phillip15@example.org,+1-710-535-0845,2005-08-31,Male,"657 Jacob Mill, Lake Davidfort, MD 28983",e16fd8d1-5751-4044-ac92-eb089ffffea2
812e6505-a0fe-46ea-9b7c-c4252662a2fc,Christy Turner,peter93@example.org,001-635-339-9291,2007-09-02,Female,"Unit 0949 Box 0957, DPO AA 19014",e16fd8d1-5751-4044-ac92-eb089ffffea2
4583070c-7bc1-428e-9cd0-c5620d5fc6bd,Jessica Kim,jessica20@example.com,769.447.1317,2002-09-23,Female,"58401 Morrison Junction, Joshuaborough, ND 01651",e16fd8d1-5751-4044-ac92-eb089ffffea2
45383cfb-356d-4308-895b-cb384912d1a2,Erin Robertson,rachel72@example.net,306.389.4593x69720,2006-10-30,Male,"9630 Leslie Inlet Apt. 943, Lake Amyton, CA 08285",e16fd8d1-5751-4044-ac92-eb089ffffea2
a28497a3-45cc-461c-807b-d947b9c45a15,Richard Ford,evansmichael@example.com,+1-997-505-6894,2006-09-19,Female,"947 Eric Street Suite 566, Woodardmouth, MS 53623",e16fd8d1-5751-4044-ac92-eb089ffffea2
ed62d8c7-b7e2-44cb-a5d6-d296010a3e35,Isaiah Dominguez,evananderson@example.com,(247)871-0772x79453,2002-06-06,Male,"6995 Nicole Flats Suite 990, Stevenside, HI 41626",e16fd8d1-5751-4044-ac92-eb089ffffea2
0050e547-3b18-428d-a4f9-ad2eb56622bf,Sara Brown,ianderson@example.net,926.803.1102x2083,2004-04-13,Male,"7680 Jack Extensions Apt. 136, Lake Anthonyville, AZ 10911",e16fd8d1-5751-4044-ac92-eb089ffffea2
85cc13a3-9f1d-4fb3-98d1-ecd6ee6287cd,Susan Cox,robertcamacho@example.org,6568827847,2004-10-13,Male,"Unit 9605 Box 7348, DPO AP 91840",e16fd8d1-5751-4044-ac92-eb089ffffea2
4bb402ac-3351-4836-a4b4-71098fcd1cd7,Desiree Scott,amills@example.org,+1-520-907-3659x5557,2006-01-31,Male,"72048 Brianna Centers, Bakerview, AR 26308",e16fd8d1-5751-4044-ac92-eb089ffffea2
6f4c1c0a-75a4-4996-ae72-7fe9e57c1e8e,Patricia Lewis,sandracarter@example.net,635.576.7665,2002-08-06,Male,"08689 Jackson Trafficway, Freemanborough, DE 24955",e16fd8d1-5751-4044-ac92-eb089ffffea2
5cdfdbbb-d2a5-40c7-85c6-4988f3b51bff,Brandy Delgado,holmespaula@example.net,001-275-751-9975x882,2004-06-12,Female,"9275 Hicks Skyway, West Andrew, NH 14890",e16fd8d1-5751-4044-ac92-eb089ffffea2
2879f448-1bac-43ad-842a-c84a9e1da1bf,Jennifer Johnson,joshua74@example.net,649-513-5539,2007-06-19,Female,"942 Yvonne Vista Apt. 386, Jenniferborough, OR 07444",e16fd8d1-5751-4044-ac92-eb089ffffea2
61597683-bf65-4db7-b694-5daa393d6cec,Jose Walker,jillian54@example.org,(268)541-8975x365,2002-10-15,Male,"PSC 6493, Box 9663, APO AE 18457",e16fd8d1-5751-4044-ac92-eb089ffffea2
f1392296-1aa4-4fa6-be5c-6242a61cea53,Victoria Vega,jacquelinejones@example.com,+1-943-383-4799,2004-03-09,Female,"398 Benjamin Row, Newtonbury, MT 70439",e16fd8d1-5751-4044-ac92-eb089ffffea2
8f4aa36a-5e67-47d4-89cb-ce70435de895,Patrick Brown,lmorrow@example.com,746-207-1678,2002-06-21,Female,"523 Jackson Path Suite 854, Kellyville, MS 58170",e16fd8d1-5751-4044-ac92-eb089ffffea2
21ceb7ac-a0d7-4360-89ef-e13e3ad69a9e,Charles Evans,nicolas87@example.org,634-425-1985x10363,2007-04-03,Male,"905 Singleton Estate Apt. 464, Stephenberg, WI 85511",e16fd8d1-5751-4044-ac92-eb089ffffea2
fb3f2451-3bc4-4b75-a015-16144946238b,Lori Rodriguez,tdaniel@example.net,903-387-4563x30634,2002-07-06,Male,"Unit 1937 Box 0625, DPO AP 77165",e16fd8d1-5751-4044-ac92-eb089ffffea2
6d59f742-e4ba-4199-a97f-08d77f0c3be2,Richard Miller,muellerchristian@example.net,001-444-610-4362x41675,2003-06-12,Female,"USS Phillips, FPO AP 28542",e16fd8d1-5751-4044-ac92-eb089ffffea2
5cf1cd19-a6b5-473b-8ff2-a5a1afee5b0d,Stephen Patterson,mosesadrian@example.com,(312)452-9551x2303,2003-08-24,Female,"78815 Shaw Avenue Apt. 843, Joshuatown, NC 17759",e16fd8d1-5751-4044-ac92-eb089ffffea2
103e57a6-d65c-4c9c-a7f4-4b3ec093a6ba,Cindy Juarez,sweeneylynn@example.com,413-536-2005,2004-03-20,Female,"93500 Taylor Forge, Lake Lisatown, NC 91556",e16fd8d1-5751-4044-ac92-eb089ffffea2
8a17ad71-8c8b-4974-ab17-440d11674e61,Krystal Schneider,elizabeth52@example.com,471.373.8415x738,2003-07-06,Male,"5924 Wu Ways, Waltersberg, DC 55293",e16fd8d1-5751-4044-ac92-eb089ffffea2
e13c9330-68fa-4854-9db9-aec58a4622c6,Robert Sanchez,sgoodman@example.org,(744)901-7620x328,2003-08-08,Female,"616 Wood Prairie Suite 440, Lake Kennethport, UT 75010",e16fd8d1-5751-4044-ac92-eb089ffffea2
5b8dbf8c-6ca3-46ee-9d5d-e208376cbe79,Jason Warren,ernestsmith@example.net,+1-809-584-7270,2002-07-03,Female,"775 Hannah Valleys, Port Cynthiaberg, WV 14936",e16fd8d1-5751-4044-ac92-eb089ffffea2
fbdc8ced-6fad-4589-8ed5-dd2936af79fb,George Hancock,mitchellmoore@example.org,+1-468-671-0685x1660,2007-03-20,Female,"4039 Richard Cliff, North Sara, NM 25925",e16fd8d1-5751-4044-ac92-eb089ffffea2
8f023de6-08a0-4ca6-bb92-8f4b94985f95,Ian Martinez,stantonelizabeth@example.org,394.989.7389,2006-07-01,Male,"690 Smith Plains, Hollystad, ND 29560",e16fd8d1-5751-4044-ac92-eb089ffffea2
07e3d9e9-eba0-4764-84e1-e37b1de753f9,Keith Mitchell,ijames@example.net,(546)364-3262,2004-03-04,Male,"USNS Bautista, FPO AP 50017",e16fd8d1-5751-4044-ac92-eb089ffffea2
623a4ba9-9363-477f-89a0-bfeff7a9edef,Hannah Hanson,justin36@example.com,(798)211-2648,2005-12-06,Female,"2989 Chelsea Freeway, Lake Lucasburgh, VA 47798",e16fd8d1-5751-4044-ac92-eb089ffffea2
1b2d3f9a-7094-4099-b37a-216972f5ceab,Todd Caldwell,mharrington@example.net,887-599-5897x83792,2004-09-19,Male,"3764 Steven Mills, Levinehaven, SC 21897",e16fd8d1-5751-4044-ac92-eb089ffffea2
7983dd9d-c8ba-48db-9e84-cf42e62259a5,Curtis Neal,lorijackson@example.com,721.604.6999x559,2007-04-23,Female,"301 Bates Courts Apt. 766, North Jennifertown, UT 04610",e16fd8d1-5751-4044-ac92-eb089ffffea2
4d96f59c-c71b-4ff3-9c87-1bbedf68a670,Wanda Porter,bmullen@example.org,001-777-427-0170,2003-04-05,Male,"01584 Wolf Fort Suite 813, Cynthiafurt, WV 91318",e16fd8d1-5751-4044-ac92-eb089ffffea2
391aad6a-78dc-499e-93ae-0d6d43ab9708,Rebecca Robinson,tonyanderson@example.org,923-752-4709x9795,2006-03-29,Male,"3235 Clark Islands Suite 055, Lake Janiceland, AR 54450",e16fd8d1-5751-4044-ac92-eb089ffffea2
0b58f4b5-a1b3-47e6-9f7d-35861b81cce7,Olivia Roberts,christopher55@example.com,001-856-265-6042x353,2002-04-27,Female,"67241 Hernandez Spring Suite 091, Lake Wesley, LA 23647",e16fd8d1-5751-4044-ac92-eb089ffffea2
9c81d92d-ea40-4b5d-b035-88f1a291d345,Jesus Carlson,larryjohnson@example.com,(327)757-9519,2004-07-11,Female,"0887 Spencer Pass Apt. 128, Brettfort, PR 50844",e16fd8d1-5751-4044-ac92-eb089ffffea2
11ffae73-8883-4ea5-a7a8-4b5979caf522,Hannah Elliott,jennifer55@example.net,001-712-908-8136x1697,2007-06-04,Male,"00349 Jones Ramp Suite 241, Charlesshire, MT 87646",e16fd8d1-5751-4044-ac92-eb089ffffea2
a07f5f2d-63f3-4271-851f-3871fad90c4a,Amanda Mosley,lfleming@example.net,(702)453-0272x45377,2007-01-15,Male,"5432 Roberto Cove Apt. 155, Mitchellberg, CT 63113",e16fd8d1-5751-4044-ac92-eb089ffffea2
a64580d4-6d65-4670-a0f6-a941325bab80,Melissa Robinson,donaldyoung@example.org,001-562-513-4669x5548,2006-11-19,Female,"897 Michael Island Suite 356, Lisaberg, AL 03781",e16fd8d1-5751-4044-ac92-eb089ffffea2
f8c3df1a-3d49-4b2f-ae0e-4ba50db27338,Lonnie Pearson,alec79@example.net,(506)368-9526,2003-01-21,Female,"511 Moore Island, Osbornstad, MT 47678",e16fd8d1-5751-4044-ac92-eb089ffffea2
128d08c2-e2c1-47c0-86c2-3459602eb907,Jacqueline Vasquez,millerethan@example.org,208.841.1461x3187,2006-08-20,Male,"92802 Edward Locks Apt. 205, Davishaven, HI 27770",e16fd8d1-5751-4044-ac92-eb089ffffea2
192568e9-53ea-4f7d-8433-7914a06e4e25,Chelsea Whitehead,charles40@example.net,(798)595-6450,2003-08-14,Female,"Unit 9773 Box 1423, DPO AE 38174",e16fd8d1-5751-4044-ac92-eb089ffffea2
ee3944d5-e004-4ae4-882d-696f21b8df3c,Jennifer Mendoza,brookscynthia@example.org,001-310-376-7815,2003-01-01,Male,"Unit 8201 Box 3732, DPO AE 79869",e16fd8d1-5751-4044-ac92-eb089ffffea2
54fde65f-e67d-4ea9-948f-4ab8a73b2339,Lisa Jensen,reginakennedy@example.com,001-953-704-5631,2002-09-10,Female,"9267 Thompson Mountain, Jillianberg, PW 57728",e16fd8d1-5751-4044-ac92-eb089ffffea2
1c5741e4-2885-47ae-b64b-9c78e4ebc77a,Kelly Ball,april50@example.org,816.210.2204,2007-05-14,Male,"79061 Kenneth Points, Brendaburgh, MN 39145",e16fd8d1-5751-4044-ac92-eb089ffffea2
a214cae6-84a5-462d-ad6a-64ef2a56f14a,Robert Hampton,thompsonpatricia@example.com,001-459-555-5296x4257,2003-07-25,Male,"2826 Mcclain Station Suite 253, Kramerfort, DC 38489",e16fd8d1-5751-4044-ac92-eb089ffffea2
77c32418-b511-4c59-87da-d8e4abfed70e,Jacob James,christopher54@example.org,+1-202-710-7428x218,2004-03-26,Male,"5608 Hernandez Stravenue, North Jessica, GA 94543",e16fd8d1-5751-4044-ac92-eb089ffffea2
3d1b5421-88dd-4b34-aa86-32d95ee0d4fc,Jeanette Mason,leah18@example.org,(498)588-6511x91408,2005-11-21,Female,"5849 John Shore Suite 559, Emilyborough, FL 14664",e16fd8d1-5751-4044-ac92-eb089ffffea2
f894d49d-d852-42e7-8984-1947b24af0bc,Joseph Thornton,christina45@example.org,(327)281-0183x852,2006-12-17,Male,"41497 Kramer Square Apt. 530, South Calebville, IA 27306",e16fd8d1-5751-4044-ac92-eb089ffffea2
41c0c637-dbdf-4462-9311-e6c97f2df445,John Gibson,landryamanda@example.com,+1-276-893-2621,2004-05-16,Male,"5769 Sharon Gardens Apt. 715, Meltonburgh, NY 96765",e16fd8d1-5751-4044-ac92-eb089ffffea2
3723ae89-6d82-4817-b53b-ca493eb7c243,Amanda Villarreal,bhenderson@example.net,886-357-1907,2004-12-08,Female,"825 Ford Camp Apt. 157, Robertatown, NM 35019",e16fd8d1-5751-4044-ac92-eb089ffffea2
792bc74f-e7bc-438d-ba09-f7be2c2f83eb,Jessica Simmons DDS,pameladavis@example.org,(575)648-9832x90054,2002-09-03,Male,"730 Bowen Terrace Suite 981, Susanborough, VA 69206",e16fd8d1-5751-4044-ac92-eb089ffffea2
3fec3b12-b5f7-4c53-95fa-40e9854a706c,Thomas Allen,austin06@example.net,+1-807-547-8900x84853,2006-12-03,Male,"6639 Bell Pass, Lake Thomas, MO 21726",e16fd8d1-5751-4044-ac92-eb089ffffea2
e4ef615e-d10a-4017-900c-2d8777206729,Alexis Hall,charles09@example.org,001-510-495-0520x0788,2005-08-30,Male,"2122 Shannon Trace, Butlerbury, MH 47417",e16fd8d1-5751-4044-ac92-eb089ffffea2
c8434989-f165-4f74-b724-28837c9a6b88,Andrew Houston PhD,jonathan88@example.com,(634)420-1354x107,2003-08-28,Male,"7760 Abbott Path Suite 494, South Tricia, AL 78243",e16fd8d1-5751-4044-ac92-eb089ffffea2
d39eab48-b1dc-464e-ab19-d09eee764279,Joe House,qwolf@example.org,(883)336-2977x3291,2002-02-26,Male,"9220 Hanna Lodge Apt. 904, East Julie, KS 76868",e16fd8d1-5751-4044-ac92-eb089ffffea2
37eb654c-40d3-4ee8-ad4a-a33d3e6a8fd0,Javier Morris,inewton@example.org,205.408.2597,2006-09-14,Female,"84771 Sanchez Locks, Davidmouth, IN 15749",e16fd8d1-5751-4044-ac92-eb089ffffea2
b08de2d7-ecc7-4a58-bcf1-78e776de08ab,Mark Wright,sraymond@example.net,313.404.3671x439,2005-08-27,Female,"4774 Travis Mission Suite 680, Port Michael, NV 21986",e16fd8d1-5751-4044-ac92-eb089ffffea2
e1e42701-d1a7-4a0c-910c-49a2c697f498,Rebecca Buckley,benjaminblack@example.org,991.464.9086,2004-12-10,Female,"02200 Sara Grove, Ashleyton, MP 62830",e16fd8d1-5751-4044-ac92-eb089ffffea2
7b6c3223-bc9c-4816-8ab6-20d96f8f6a99,Leslie Williams DVM,bushoscar@example.net,+1-528-503-8533x35965,2003-01-10,Female,"646 Buckley Ville, Kennethchester, OK 63769",e16fd8d1-5751-4044-ac92-eb089ffffea2
7b7ef03f-1807-4d00-90dd-d167d5c5cc69,Katherine Martinez,troman@example.org,5673721078,2007-07-15,Male,"70748 King Ports Apt. 106, Fisherville, DC 27295",e16fd8d1-5751-4044-ac92-eb089ffffea2
d8d4fe6d-5755-46ca-8059-573bc24e1108,Oscar Lester,amandacampbell@example.org,721-740-2600x42801,2007-08-29,Female,"228 Ryan Ford Apt. 751, East Amanda, SD 90561",e16fd8d1-5751-4044-ac92-eb089ffffea2
1f481dc9-e951-4868-8f02-4e230b2ca869,Luis Hale,jill58@example.com,+1-340-516-7860x06297,2004-03-01,Female,"46934 Diaz Station Suite 632, Kennethton, TN 25435",e16fd8d1-5751-4044-ac92-eb089ffffea2
c0778662-2622-4d47-8c6a-dc61c6fad4f4,Katherine Walker,erica49@example.net,(447)971-6381x90093,2003-11-24,Female,"597 Martin Well Apt. 888, New Christopher, NC 56753",e16fd8d1-5751-4044-ac92-eb089ffffea2
c0231385-f35d-4a71-adbe-504f3be4184c,Elizabeth Johnson,selena15@example.org,001-616-681-4159,2007-02-05,Female,"743 Gamble River, Reneehaven, PA 96587",e16fd8d1-5751-4044-ac92-eb089ffffea2
fa78c0fe-d300-4279-923e-c32ed908040f,Jeffrey Robinson,dstanton@example.com,(695)202-3397,2004-11-18,Female,"385 Patricia Circle, Jayville, AZ 86309",e16fd8d1-5751-4044-ac92-eb089ffffea2
a528fae2-5b20-41a6-bf49-62de3e1b307b,Melissa Lopez,wrightaustin@example.net,411.931.1625,2003-04-12,Female,"423 Valencia Crest Suite 418, Jamiemouth, AK 38878",e16fd8d1-5751-4044-ac92-eb089ffffea2
d77ed34a-e69a-46b7-b938-3c06f97410e5,Marc Sanders,phogan@example.org,282-323-8125x837,2004-12-05,Female,"428 Daniel Key Suite 176, Orrstad, CT 93918",e16fd8d1-5751-4044-ac92-eb089ffffea2
eeeff74e-c046-4edd-acb1-63147437806e,Jason Black,angelicavega@example.com,853.402.8064x2494,2004-02-04,Female,"750 Hood Drive, South Marystad, OK 03039",e16fd8d1-5751-4044-ac92-eb089ffffea2
53a3a11d-7b96-480d-a48d-20c65725e6ff,William Ellis,clarence93@example.org,980-974-4199,2007-03-09,Male,"580 Davis Ports, Maynardburgh, VT 72783",e16fd8d1-5751-4044-ac92-eb089ffffea2
3f8ba5c9-5232-4888-8f53-db9c4bbaf74a,Hector Sanchez,kristi43@example.com,625-878-4896,2003-12-19,Female,"Unit 2127 Box 0322, DPO AA 86108",e16fd8d1-5751-4044-ac92-eb089ffffea2
c1ec9fc5-4aad-42a0-86f3-ebd4ffbc9398,Lonnie Morse,sbarker@example.net,(963)813-3360x689,2005-06-04,Male,"Unit 4572 Box 6560, DPO AE 64499",e16fd8d1-5751-4044-ac92-eb089ffffea2
67c0f270-8df3-49bb-8b06-9aaca285aa32,Michael Williams,harold09@example.net,541-413-1152x5979,2003-05-18,Male,"225 Mendoza Orchard Suite 770, Williamtown, CO 02191",e16fd8d1-5751-4044-ac92-eb089ffffea2
f1f5d31d-ff9d-4d66-848d-0038dc25bc61,Kimberly Adams,ncox@example.com,500.599.5395x8863,2003-03-10,Male,"327 Amber Extensions, Dianachester, PA 22925",e16fd8d1-5751-4044-ac92-eb089ffffea2
cbcf373f-0b5b-4a64-9f36-91525bdd414b,Tiffany Holloway DVM,sruiz@example.net,8529500570,2007-05-06,Male,"275 Karl Rest, North Jodyshire, MI 25277",e16fd8d1-5751-4044-ac92-eb089ffffea2
d515b8ca-fbe6-4742-babd-9925fc655c81,Justin Vaughan,kbailey@example.com,(889)594-0880x659,2004-08-29,Female,"2831 Arnold Forest, Williestad, MN 30020",e16fd8d1-5751-4044-ac92-eb089ffffea2
408f7ef3-b3c1-4813-90d0-3195c96b91f4,Debra Vega,kpierce@example.org,(619)876-3297x636,2007-10-12,Female,"2889 Colton Valley, Wigginsstad, WI 75767",e16fd8d1-5751-4044-ac92-eb089ffffea2
719947c5-be11-448c-8a59-3eb82aea67aa,Anthony Smith,uerickson@example.org,(322)659-3577,2002-07-12,Female,"29082 Diaz Mountains, Port Michael, MN 44937",e16fd8d1-5751-4044-ac92-eb089ffffea2
d8cc8863-688f-440c-9d6c-0663747e92fb,Mathew Young,zharrison@example.org,(884)765-9189x52626,2006-03-06,Female,"982 Chad Fields, Ashleyview, MS 87001",e16fd8d1-5751-4044-ac92-eb089ffffea2
1eb1ca94-8fe5-4892-bee2-60f1657bd0da,Gloria Baker,alexismartin@example.com,9977011872,2002-11-19,Female,"USNV Robertson, FPO AA 18223",e16fd8d1-5751-4044-ac92-eb089ffffea2
8a9a25dd-781a-4508-8165-727146179167,Angela Williams,andrewsconnie@example.org,560-529-1941,2004-09-15,Female,"55408 Christian Green Apt. 823, North Tiffanyshire, OH 56692",e16fd8d1-5751-4044-ac92-eb089ffffea2
70cabaa7-712c-46c4-aed1-8b859e38ee4e,Andrea Mccarthy,davidfields@example.org,327.358.8677x9639,2004-11-03,Female,"1509 Allison Trail Apt. 555, Port Debbie, TN 84338",e16fd8d1-5751-4044-ac92-eb089ffffea2
53573358-0de6-4795-8ea6-8880a4e2daf7,Timothy Burns,lisa23@example.net,001-661-335-9028,2004-02-15,Male,"432 Miller Dam, South Christina, UT 20046",e16fd8d1-5751-4044-ac92-eb089ffffea2
f15a8bce-a04d-4805-b08a-de1d39fad27b,William Smith,alec63@example.com,755-391-2540x844,2006-07-29,Male,"6954 Melanie Well Apt. 285, New Joshua, AR 88783",e16fd8d1-5751-4044-ac92-eb089ffffea2
b2dce7f8-b7f7-4f12-932a-256b1fe78eac,Charles Brown,johnsonkathryn@example.com,001-214-815-0568,2005-06-25,Female,"PSC 0477, Box 6202, APO AA 94943",e16fd8d1-5751-4044-ac92-eb089ffffea2
2e202d3e-17f1-4c4a-a51a-8f6dbf4069c6,Alicia Jackson,butlerchristopher@example.org,782-853-9821x5011,2006-05-25,Male,"4209 Conner Ports Apt. 481, Danielville, PW 06580",e16fd8d1-5751-4044-ac92-eb089ffffea2
a548cb5a-5252-4df2-8660-eac99f67d9ba,John Smith,zowen@example.com,(383)584-1527x82797,2004-05-11,Male,"32891 Murphy Trafficway, Snyderside, AS 71924",e16fd8d1-5751-4044-ac92-eb089ffffea2
6b5b4453-40d7-416f-aeb9-40fd3f448195,Mary Herman,danny83@example.net,604.617.3122,2006-12-23,Male,"9416 Darryl Skyway Apt. 461, North Elizabeth, NV 97505",e16fd8d1-5751-4044-ac92-eb089ffffea2
95a37bc3-0944-4f9c-86dc-0b0101fd57a4,Anthony Lewis,floresmarcia@example.org,+1-489-813-1980,2006-03-07,Male,"USNV Ramirez, FPO AP 19510",e16fd8d1-5751-4044-ac92-eb089ffffea2
03208768-434d-45eb-a26f-5985f616eff3,Erica Jones,karadixon@example.com,7813828667,2004-11-01,Female,"USCGC Jimenez, FPO AA 01389",e16fd8d1-5751-4044-ac92-eb089ffffea2
9108efce-bc3c-4c69-b0bd-e9f71dc4e6f7,Miss Ashley Mcdonald,christina31@example.com,513-602-1609x20934,2007-07-08,Male,"4827 Jones Track Apt. 263, North Katherine, NM 50067",e16fd8d1-5751-4044-ac92-eb089ffffea2
93e035ee-5426-43b8-9b83-5b7ac151ff94,Mark Wong,stacy46@example.org,307.789.9015,2004-07-30,Female,"USNS Abbott, FPO AE 45114",e16fd8d1-5751-4044-ac92-eb089ffffea2
7be7cddd-6592-4c83-9207-818b04a8bdb8,John Trujillo,ibush@example.com,466-451-1950,2005-10-28,Male,"979 Sandra Manor, Stevenville, ID 88246",e16fd8d1-5751-4044-ac92-eb089ffffea2
4d2b4d6a-d85f-47eb-b660-c5db9e359f17,Elizabeth Eaton,katrinathomas@example.org,746.205.2987x763,2005-11-18,Female,"17861 Obrien Cape, New Devonland, MH 08595",e16fd8d1-5751-4044-ac92-eb089ffffea2
43d391dc-eb20-4dea-859b-66fa95ace717,Robert Johnson,zdelgado@example.com,6005653360,2007-01-18,Female,"2848 Tara Cape Apt. 487, West Davidhaven, AS 33937",e16fd8d1-5751-4044-ac92-eb089ffffea2
c6c4c82f-0e9c-431e-ada9-9435392810bb,Debra Turner,tylermichael@example.org,001-310-863-8882,2003-10-03,Female,"7660 Skinner Streets Apt. 456, North Samuel, UT 67237",e16fd8d1-5751-4044-ac92-eb089ffffea2
d8c88cc2-5ca1-4b26-a8ea-71ca02a763b4,Brandi Russo,englishchristopher@example.org,707.853.1086,2002-01-04,Female,"0747 Edwards Well Suite 853, New Benjamintown, KY 20175",e16fd8d1-5751-4044-ac92-eb089ffffea2
e417c900-2b74-45a8-90ca-a39df7ae99bb,Christian Noble,webbsarah@example.net,+1-787-220-7297x131,2003-01-19,Male,"PSC 5772, Box 7354, APO AE 14902",e16fd8d1-5751-4044-ac92-eb089ffffea2
a401d17b-f1cb-45e0-ad36-bf1ef7d8c682,Keith Harmon,rogerssharon@example.com,9064546438,2004-12-03,Female,"514 Barrett Trail, Kellymouth, NH 55814",e16fd8d1-5751-4044-ac92-eb089ffffea2
4cd4c213-b8b2-43fd-ab03-ead9805307ea,Gerald Stevens,timothy57@example.net,001-677-287-3510x2579,2005-03-23,Male,"70828 Billy Center, Johnfurt, MO 17331",e16fd8d1-5751-4044-ac92-eb089ffffea2
bc5af511-99fd-46fc-bc14-d9ba98f50593,Christine Bradford,vdelacruz@example.org,294.996.6528x00536,2002-08-26,Male,"06766 Perry Cliff Suite 587, New James, ND 90897",e16fd8d1-5751-4044-ac92-eb089ffffea2
28546b29-a8a3-4d50-9f31-082714188a14,Maria Erickson,hmccoy@example.net,546.793.6581x21756,2002-06-29,Female,"12547 Regina Haven, Silvashire, AS 49662",e16fd8d1-5751-4044-ac92-eb089ffffea2
2b02af75-5129-4715-90b5-073f04703bf4,Alexandra Pope,susangreen@example.net,(438)556-2934,2005-08-01,Female,"588 Powell Mountains, Port Richardside, HI 36200",e16fd8d1-5751-4044-ac92-eb089ffffea2
6be5e892-7ac5-4bd1-9aa7-00c330d0db0c,Michael Miller,jasonmcgee@example.org,001-408-332-2264x53554,2004-08-18,Female,"2186 Cameron Pike, Annchester, AR 87833",e16fd8d1-5751-4044-ac92-eb089ffffea2
24c1eb6c-b81d-48b3-aeca-7f5c9c66cef3,Victor Brown,sabrina56@example.com,+1-715-506-9052x29581,2005-06-21,Female,"16950 Hall Common, West Cindy, VA 51125",e16fd8d1-5751-4044-ac92-eb089ffffea2
37cbf14b-2bf5-430b-8846-7e6a2454ea4e,Tabitha Garcia,adam67@example.com,+1-424-347-0024,2006-10-01,Male,"0985 Kirk Village Suite 848, Masseyburgh, MD 49150",e16fd8d1-5751-4044-ac92-eb089ffffea2
ec5b5fea-0075-4b6c-abe0-854748c9ca37,John Butler,anthony58@example.com,5797043327,2006-12-03,Female,"700 Tucker Rapid, Stephaniemouth, RI 42874",e16fd8d1-5751-4044-ac92-eb089ffffea2
225feea0-bd2a-4ece-a0cd-8609ffab3c55,Holly Gomez,nelsonmegan@example.org,213-965-4208x277,2006-04-21,Female,"816 Price Squares Suite 100, Johnmouth, RI 35979",e16fd8d1-5751-4044-ac92-eb089ffffea2
a0d19503-7a97-4859-996b-7cc46bd59f6f,Susan Beltran,berryjohn@example.net,856.929.1750x9454,2006-10-24,Female,"4094 Michael Place Suite 427, North Alyssa, ME 58018",e16fd8d1-5751-4044-ac92-eb089ffffea2
c52a2878-6e59-4ab1-9d91-3650c7900699,Tanya Lowery,katelynfletcher@example.net,705.689.3493x9903,2007-07-09,Female,"353 Rivera Inlet, Port Michellemouth, HI 55883",e16fd8d1-5751-4044-ac92-eb089ffffea2
f74ba58e-218b-46e4-962e-f694ef144f35,Amy Davis,swalker@example.net,734.841.3056x8857,2005-09-03,Male,"399 Deborah Grove, New Donna, NM 70111",e16fd8d1-5751-4044-ac92-eb089ffffea2
ab23f747-bc0a-4ee9-b2b9-5bb4676f3754,Melinda Randall,obuck@example.net,+1-854-686-6084x01964,2005-07-04,Male,"8180 Bullock Mills, Berryberg, MP 84674",e16fd8d1-5751-4044-ac92-eb089ffffea2
ef580604-80b6-4695-b744-bff4581b7ad6,Doris Coffey,zrussell@example.org,255-923-5699x77365,2003-02-02,Male,"USNV Zhang, FPO AP 76237",e16fd8d1-5751-4044-ac92-eb089ffffea2
efbc47f0-14e2-4ce2-8e8b-8b1652b8423a,Kenneth Davis,lcooper@example.org,+1-297-392-1400x39240,2004-04-02,Female,"85959 Joann Lakes, Carrollburgh, OK 46019",e16fd8d1-5751-4044-ac92-eb089ffffea2
7cf6495e-5bce-4d0d-86b4-b0dc1b2f332e,Jenny Gamble,kimberly31@example.org,+1-317-395-3245x1369,2002-12-15,Female,"4042 Hubbard Flats, Karachester, DE 79005",e16fd8d1-5751-4044-ac92-eb089ffffea2
c7118dcf-1955-4091-afda-77553aa905d9,Kelly Johnson,djohnston@example.net,444-366-6266x869,2006-03-31,Male,"835 Kyle Mill Suite 521, Robertmouth, AZ 81614",e16fd8d1-5751-4044-ac92-eb089ffffea2
be993157-d13f-465a-ac83-152d3b0c2723,Trevor Gonzales,paul41@example.net,(961)663-0315,2006-10-24,Female,"6003 Rachel Inlet, Port Kennethburgh, NY 44434",e16fd8d1-5751-4044-ac92-eb089ffffea2
59bc8320-d43c-4541-830c-c13883211cce,Anthony Lee,coreywoodward@example.net,+1-843-885-7170x407,2004-05-26,Male,"36480 Austin Fork, New Denise, NH 35582",e16fd8d1-5751-4044-ac92-eb089ffffea2
417c1251-e534-4f94-8a2b-62dc5f796788,Cathy Martin,lisabrown@example.com,660-244-9738x11966,2007-05-05,Female,"41295 Madison Cape, Danamouth, IN 02178",e16fd8d1-5751-4044-ac92-eb089ffffea2
b4a4eb9e-dd75-401e-9e4e-dd9e04042385,Jill Taylor,christy62@example.com,436-474-6496,2007-01-29,Female,"44328 Barnes Dale Suite 657, Elizabethville, NY 82810",e16fd8d1-5751-4044-ac92-eb089ffffea2
84088593-3587-40c1-b832-7ae0032adad7,Misty May,kimberlyharrison@example.net,001-290-926-4304x1624,2006-12-11,Female,"7418 Bryan Ports Apt. 342, East Brittanyhaven, NC 03150",e16fd8d1-5751-4044-ac92-eb089ffffea2
0cd8a6f4-f71c-4452-84e9-d18b8205aeca,Joshua Powell,colelarry@example.com,+1-567-295-8369,2005-01-06,Female,"905 White Path Suite 609, Aprilchester, AK 34725",e16fd8d1-5751-4044-ac92-eb089ffffea2
3038a96e-7983-44f3-8207-977817648579,John Rivera,patriciasparks@example.net,697.877.2459x47005,2006-08-14,Female,"738 Steven Club, Mitchelltown, MP 87981",e16fd8d1-5751-4044-ac92-eb089ffffea2
9f519db7-451d-4cd2-adac-9cc81ee2fc5d,Philip Sanchez,dcarrillo@example.net,(234)289-7773,2004-01-02,Female,"4472 Frazier Estates Apt. 053, Port Glenn, PW 69282",e16fd8d1-5751-4044-ac92-eb089ffffea2
ffbf34f5-d92d-430f-a8d8-054490b094ad,Michelle Collins,brownjessica@example.com,3579201403,2006-06-29,Male,"342 Monique Road Suite 145, Parkerland, CA 79460",e16fd8d1-5751-4044-ac92-eb089ffffea2
132d8512-1aaf-4d64-8341-41a88eb33488,David Nelson,brent54@example.com,917-949-8044x408,2002-02-07,Male,"788 Lee View Suite 227, North Rebecca, MI 81580",e16fd8d1-5751-4044-ac92-eb089ffffea2
8d1a51cb-38a0-40ff-82ac-1398248f2680,Daniel Tyler,banksjennifer@example.com,+1-482-628-0310,2002-12-09,Male,"09043 Deanna Dam Apt. 505, Raymondport, IA 97854",e16fd8d1-5751-4044-ac92-eb089ffffea2
d63eea11-950b-4d0d-83e9-9ceff806f922,Mrs. Angela Avery,elizabeth54@example.com,+1-876-907-2285x6351,2007-09-28,Male,"84307 Tony Corner Suite 904, North John, NM 48954",e16fd8d1-5751-4044-ac92-eb089ffffea2
9f9bc396-ed37-49a5-bd5f-33d90da85a24,Mark Greer,ashley88@example.org,(358)747-4780x20625,2004-09-12,Female,"050 Choi Glens Apt. 307, East Cynthiahaven, MI 23289",e16fd8d1-5751-4044-ac92-eb089ffffea2
6cf4c634-3969-4d5a-b10a-ed495f166c11,Patricia Holmes,melissazimmerman@example.org,+1-691-453-6064x364,2004-03-15,Female,"162 Berger Square Apt. 451, Kingberg, AS 71165",e16fd8d1-5751-4044-ac92-eb089ffffea2
1dc52de2-6c7f-49fb-a727-3099b8a0d83a,Veronica Wilson,longjoshua@example.org,377.995.9027,2005-03-21,Male,"9684 Catherine Plains, Katelynborough, MN 80181",e16fd8d1-5751-4044-ac92-eb089ffffea2
1a5c5cb8-0e32-443b-b232-c8592e56e3de,James Alexander,allen72@example.com,+1-592-640-3569x4125,2005-11-26,Male,"USCGC Rivera, FPO AA 31864",e16fd8d1-5751-4044-ac92-eb089ffffea2
362513f3-a9ac-48fd-ba95-be6ec8b43755,Julia Brown,barbara67@example.net,+1-864-930-3079,2007-03-09,Male,"6611 Eric Stream, North Fernando, DC 44690",e16fd8d1-5751-4044-ac92-eb089ffffea2
8d2b089a-7b95-4b37-ac53-70f03d102b51,Anne Cox,smithjessica@example.com,(500)481-5163,2006-09-18,Male,"341 Marc Mountain, New Christopherland, OK 45369",e16fd8d1-5751-4044-ac92-eb089ffffea2
ad0a8aeb-fe64-48c8-b8b5-5e9bdf63b475,Sydney Whitney,msingh@example.org,001-484-860-9978,2004-11-24,Male,"3311 Natalie Valleys Apt. 612, Hillfort, IL 74010",e16fd8d1-5751-4044-ac92-eb089ffffea2
a1a0a5dd-067d-4d01-a88c-568cfd66cb16,Ann French,rodriguezmichelle@example.org,541-694-2901x1254,2004-06-14,Male,"Unit 2370 Box 1032, DPO AP 82709",e16fd8d1-5751-4044-ac92-eb089ffffea2
623316cf-98ce-4926-b2c4-6a0a87ce609c,Jerry Patel,ffoster@example.com,(364)634-2052x68126,2005-12-08,Female,"67184 Molly Ways, East Robert, ID 94767",e16fd8d1-5751-4044-ac92-eb089ffffea2
72b4533d-14b6-4bfa-822e-feb6cdc89e8f,Laura Smith,brendanschultz@example.com,001-331-307-4675x64412,2001-12-12,Female,"86608 Black Brooks Suite 126, New Nicholasview, MN 75433",e16fd8d1-5751-4044-ac92-eb089ffffea2
cf1e8dc7-466e-4cb0-9379-b7c0c7ffef63,Daniel Smith,martinamy@example.org,215-835-1439,2003-02-21,Male,"2700 Hayley Throughway Suite 919, Fuentesborough, ND 38988",e16fd8d1-5751-4044-ac92-eb089ffffea2
658771f4-0c82-4dcc-91ab-1c646aaf976d,Joan Weiss,antoniogilbert@example.com,9742378792,2004-01-08,Male,"0803 Blanchard Vista Apt. 663, Port Charles, PR 38248",e16fd8d1-5751-4044-ac92-eb089ffffea2
622119a1-9948-4162-9037-5d4411e992de,Helen Mathis,juliecarpenter@example.com,(946)928-8859x67198,2005-06-27,Female,"328 Hogan Well, West Victor, FL 18578",e16fd8d1-5751-4044-ac92-eb089ffffea2
aa3e9454-63b3-48c1-8035-55dac82ee9e5,Greg Burton,rojastammy@example.net,(829)291-6380,2005-04-10,Female,"Unit 7746 Box 1614, DPO AE 77318",e16fd8d1-5751-4044-ac92-eb089ffffea2
449c9dcc-19d8-49de-bacf-92f38dfd7421,Ronald Phillips,smithsamuel@example.com,966-977-4218,2007-07-01,Male,"32854 Mendoza Rapid Suite 903, West Matthew, KS 38734",e16fd8d1-5751-4044-ac92-eb089ffffea2
20166787-a389-4e26-910b-cc93c7345dcf,Timothy Grant,brendahale@example.com,253-985-2680x154,2007-08-20,Female,"21449 Molly Flat, Patricktown, SC 36968",e16fd8d1-5751-4044-ac92-eb089ffffea2
7b6a248b-bd34-4490-a65c-28336138c989,William Thomas,stevenvalentine@example.com,+1-887-519-8490x5574,2004-08-20,Male,"708 Michael Drive Suite 043, Maryport, PA 63871",e16fd8d1-5751-4044-ac92-eb089ffffea2
f0b9cc7a-baf3-41de-9e74-f12d65035d49,Deborah Rose,amy70@example.org,(802)364-2718x22621,2004-01-03,Male,"537 Cook Mill, Troytown, WA 32654",e16fd8d1-5751-4044-ac92-eb089ffffea2
f9b0f8e7-6631-4ecd-8114-04a800b2d715,Stephanie Wells,lambjennifer@example.org,5896994394,2004-01-18,Female,"2525 Juarez Expressway, North Kellyberg, TX 17720",e16fd8d1-5751-4044-ac92-eb089ffffea2
8d99e507-eadc-45e9-94fd-a466147c0864,Patricia Smith,jasminemcguire@example.org,281.967.2303x041,2002-09-03,Male,"83990 John Roads, South Jacob, KY 61275",e16fd8d1-5751-4044-ac92-eb089ffffea2
e416e58d-d2df-4fcd-93eb-c5ec03483d58,Austin Smith,hartgina@example.com,(383)438-1325,2006-12-25,Male,"8846 Johnson Street Apt. 437, Meyersfurt, AS 93500",e16fd8d1-5751-4044-ac92-eb089ffffea2
494278ec-58e4-41cc-9b09-fe72b3a39336,Marcus Johnson,joseph13@example.org,701-962-2167,2007-08-18,Male,"79842 Christopher Mountains Apt. 210, South Catherine, OH 71805",e16fd8d1-5751-4044-ac92-eb089ffffea2
faaaa88e-2986-404c-9c17-2e83f4ae131b,Richard Hayes,brittanyhenderson@example.com,(499)253-1450,2005-12-09,Female,"Unit 0495 Box 2781, DPO AP 84990",e16fd8d1-5751-4044-ac92-eb089ffffea2
b28ed44c-0c2d-45f4-9a53-2dfeaf4ddcfd,Kevin Carter,carolking@example.org,851-579-7092x25121,2003-07-01,Female,"Unit 0648 Box 6449, DPO AE 19293",e2cb8b65-a4e0-4aa1-8633-1a845484f194
789efd53-7c6f-475e-b18a-667150af663e,Eric Parker,glenn90@example.net,(409)206-7166x43526,2005-05-29,Male,"20465 Tucker Track, Edwardmouth, WV 27237",e2cb8b65-a4e0-4aa1-8633-1a845484f194
655d421f-4cab-48c4-a25c-694878d35d11,Kristen Cruz,brittany21@example.com,+1-669-822-7129x6933,2003-09-28,Female,"965 Joshua Fall, North Amber, WI 71883",e2cb8b65-a4e0-4aa1-8633-1a845484f194
8a683851-ce6b-4646-93e9-f33f49cd27b9,Clayton Gibson,johnroman@example.net,9873528510,2007-11-19,Male,"064 Blackwell Skyway, Russellton, MA 70437",e2cb8b65-a4e0-4aa1-8633-1a845484f194
150e6dd1-4439-40ea-a06e-3963dcc1e040,David Santana,uhutchinson@example.net,877-570-8898x6518,2005-08-08,Female,"5438 Williams Port, Andrewmouth, NY 52426",e2cb8b65-a4e0-4aa1-8633-1a845484f194
e4cf719d-743b-4967-95d7-44dcc3515b88,Marcia Vasquez,victoriathomas@example.com,001-665-433-4730,2002-02-17,Female,"8356 Boyd Port, Ortizchester, UT 76698",e2cb8b65-a4e0-4aa1-8633-1a845484f194
1ce6af4c-f129-4669-b83e-5f1dec8180e3,Tiffany Davis,stevenkim@example.org,(436)515-7583,2004-11-03,Female,"3748 Miller Extensions Suite 326, Brianton, TN 98396",e2cb8b65-a4e0-4aa1-8633-1a845484f194
07e57e49-2909-4490-bd5e-917768a4b310,Nicholas Cooley,danielhopkins@example.org,465-881-9902,2003-09-12,Female,"3378 Mary Knolls, Lake Erikfurt, TX 41531",e2cb8b65-a4e0-4aa1-8633-1a845484f194
ce20644d-e1dc-4511-8c3a-b7485eb1f7c0,Christopher Thomas,courtney74@example.com,539.909.1264x16689,2006-04-08,Male,"211 Barrett Greens, Rossborough, LA 82790",e2cb8b65-a4e0-4aa1-8633-1a845484f194
7aafac2e-5494-4bc5-b06d-e9407e6e6944,Patrick Marshall,dickersoncarmen@example.net,+1-915-870-9202x4400,2003-08-10,Female,"20026 Sarah Shoal Apt. 750, Lake Josephview, OK 30068",e2cb8b65-a4e0-4aa1-8633-1a845484f194
56c9bff5-9d5f-4b08-8d84-3440c77418a7,Manuel Hunter,larrywilliams@example.com,766.334.5055x5698,2005-05-20,Female,"185 Poole Plaza Apt. 388, Port Samuelhaven, DE 43160",e2cb8b65-a4e0-4aa1-8633-1a845484f194
0070ca5d-ff48-4ebc-a30d-12e2367ba48c,Veronica Nelson,lisa90@example.com,216-702-4143x999,2004-08-13,Male,"206 Kelli Streets, Hayesside, CA 33301",e2cb8b65-a4e0-4aa1-8633-1a845484f194
3e30c03f-2f38-4999-ad76-c831322719d8,Denise Martin,barrerabarbara@example.org,406.842.0518x68693,2003-11-20,Male,"7379 Roman Points, Lake Brian, AL 17550",e2cb8b65-a4e0-4aa1-8633-1a845484f194
0020c3e9-4f74-4aba-8cb4-f866805c90f6,Terry Watkins,amber63@example.org,891.988.6733x63116,2004-02-28,Male,"26734 Rios Ramp, Alexandrafort, OH 07316",e2cb8b65-a4e0-4aa1-8633-1a845484f194
a07040e0-502a-4292-aa68-76bd20f2c39a,Nicholas Walton,randy59@example.net,727-433-3502x61920,2004-10-02,Female,"4541 Paula Stream, Port Brittany, DC 19519",e2cb8b65-a4e0-4aa1-8633-1a845484f194
afd9eaa8-70ce-4c3f-9dad-7ee96d661a67,Dr. Jason Dyer,loweashley@example.org,+1-684-967-2267x402,2006-08-11,Female,"893 James Summit, West Karlaberg, NY 40236",e2cb8b65-a4e0-4aa1-8633-1a845484f194
422381e5-b8ef-4c4c-a7e0-aa064551cc9d,Erin Mccarty,brendaduncan@example.org,5868623501,2007-10-16,Female,"8484 Hopkins Plains Apt. 788, Tiffanyshire, CA 48364",e2cb8b65-a4e0-4aa1-8633-1a845484f194
bf8dae23-9b71-4cdf-8288-546e4aa821db,Jonathan Taylor,eric72@example.net,(959)735-9623,2006-10-29,Male,"60423 Curtis Forge Apt. 024, East Jimmyland, SD 40158",e2cb8b65-a4e0-4aa1-8633-1a845484f194
18ed9b2a-4abc-4574-88fd-cf1c8286196e,Gail Gibson,webstermegan@example.net,283.448.8862,2006-10-03,Male,"6296 Raymond Divide Apt. 583, West Michael, AL 54777",e2cb8b65-a4e0-4aa1-8633-1a845484f194
fa54979d-4dff-43ab-b366-f8decad539d7,William Thomas,courtney71@example.net,769-720-6044x8603,2006-07-14,Female,"199 Clayton Spring, Port Amanda, VA 34045",e2cb8b65-a4e0-4aa1-8633-1a845484f194
256b45d3-35b8-4157-b2cd-075f3b3fdaba,Laurie Cisneros,barbara95@example.net,656.898.4281x27314,2003-01-14,Male,"56127 Courtney Freeway, Patriciastad, OH 86350",e2cb8b65-a4e0-4aa1-8633-1a845484f194
cc31f01f-90d0-4beb-91b7-7c70a1c76878,Anthony Atkinson,richardsonmarc@example.org,445-780-8160,2002-06-07,Female,"50279 Thomas Rapid Suite 690, Nicoletown, TN 17899",e2cb8b65-a4e0-4aa1-8633-1a845484f194
f10f92ae-b94e-4d3d-a784-47b146bb9590,Anthony Mckee,lorikeller@example.org,6466790281,2006-06-04,Female,"USCGC Parker, FPO AA 25611",e2cb8b65-a4e0-4aa1-8633-1a845484f194
02f2677d-2a2c-488e-b9b8-60921d81c270,David Fleming,christopher19@example.com,(329)828-7978,2005-04-29,Female,"623 Navarro Plaza, Carolfurt, DE 92894",e2cb8b65-a4e0-4aa1-8633-1a845484f194
35bacb7b-92db-4d34-940c-c9fa6161c93b,Elizabeth Zimmerman,carrieestes@example.net,4956466652,2002-11-01,Male,"PSC 6300, Box 3043, APO AE 86747",e2cb8b65-a4e0-4aa1-8633-1a845484f194
af65a89b-3edd-4774-ab8a-673d268839c0,Michael Chandler,jennifer11@example.net,+1-322-831-7983x717,2006-01-31,Male,"3976 Paula Circle, Danielton, MD 53202",e2cb8b65-a4e0-4aa1-8633-1a845484f194
efe3e271-da01-4d4f-aca5-51fc59de5486,Melissa Morgan,qwise@example.com,+1-277-301-7268x2749,2004-09-05,Female,"7626 Carla Walk Suite 658, Port Jamesland, NE 13971",e2cb8b65-a4e0-4aa1-8633-1a845484f194
5e7314a2-3a93-46ba-8d94-d4dff8a5bf4d,Chad Ross,lovekimberly@example.org,344-326-5850x335,2005-07-30,Male,"55316 Nichole Village, East Joport, PW 49547",e2cb8b65-a4e0-4aa1-8633-1a845484f194
8030f799-9a69-44e2-8d72-3990fde6d6ca,Marvin Baldwin,zacharystein@example.com,651.285.8485x18116,2004-12-20,Female,"65983 Ross Light, East Cynthia, KS 47993",e2cb8b65-a4e0-4aa1-8633-1a845484f194
4c5e5e2d-a3ba-4879-a632-04b72d5354dc,Briana Mcknight,ustewart@example.net,(585)357-8104x38545,2006-03-04,Male,"7560 Jason Walks Apt. 479, North Ericland, TX 40463",e2cb8b65-a4e0-4aa1-8633-1a845484f194
7a955d6a-19d3-44fe-9db2-41996ae11c1c,David Williams,ballnicole@example.com,001-781-414-3951,2006-06-05,Female,"14971 Garrison Lane, Ianborough, NV 19970",e2cb8b65-a4e0-4aa1-8633-1a845484f194
6cd30464-43c3-47a8-b570-e82702676fba,Aaron Carson,boneal@example.com,+1-496-522-6153,2006-11-05,Male,"Unit 5410 Box 9025, DPO AE 80308",e2cb8b65-a4e0-4aa1-8633-1a845484f194
ae2cf286-b238-4988-b042-3f4ecc75d0d6,Laurie Hardy,jasonjimenez@example.com,487.453.2702x06086,2006-03-05,Female,"5011 Moore Mountain Suite 755, Lake Kiara, AK 85571",e2cb8b65-a4e0-4aa1-8633-1a845484f194
0915d172-23cb-44b8-a9d0-a12f7074bd34,Bryan Gates,danielgomez@example.net,(227)360-4125,2007-09-11,Female,"780 Michael Bypass Apt. 553, Port Michelleview, CA 60918",e2cb8b65-a4e0-4aa1-8633-1a845484f194
21cb0562-8e89-4275-aabf-539b39047f09,Mrs. Heather Merritt,john29@example.org,3605752535,2003-09-26,Female,"8774 Michelle Turnpike, East Heather, ME 11001",e2cb8b65-a4e0-4aa1-8633-1a845484f194
4e8bf9a1-d24b-494f-94ad-c9f189843394,Amy Stephenson,eharrell@example.com,9456442941,2002-05-27,Male,"3319 Michelle Light, Fullerberg, VI 99408",e2cb8b65-a4e0-4aa1-8633-1a845484f194
8c0d8533-2560-42e0-b1c7-40c70e14d5a5,Christopher Velasquez,jacksonsandra@example.net,419.564.3269,2006-08-14,Female,"712 Bennett Extension, New Luisland, VT 88659",e2cb8b65-a4e0-4aa1-8633-1a845484f194
f9b04680-3944-4af3-a20e-7882ad84cf68,Brianna Palmer,qdean@example.net,(971)280-4468x396,2007-03-29,Male,"Unit 6208 Box 9870, DPO AP 92793",e2cb8b65-a4e0-4aa1-8633-1a845484f194
b0f78c17-f9c2-4f13-bd95-c3d3fe2ffe1c,Kayla Lopez,gregorybridges@example.com,(243)878-9202x651,2005-03-30,Male,"823 Grimes Plain Apt. 900, Washingtonberg, OR 38706",e2cb8b65-a4e0-4aa1-8633-1a845484f194
9f82ab6a-97cf-45c6-9615-ba07b59c864a,Julie Robinson,whitekevin@example.net,(931)931-7468x7095,2002-07-16,Male,"76094 Reid Glen, Teresaton, NC 75646",e2cb8b65-a4e0-4aa1-8633-1a845484f194
e77fde29-f6d8-441e-a34a-704f2ba90467,Dalton Burgess,joshua48@example.org,609-367-4879,2004-05-01,Male,"368 Mcgee Shoal Apt. 975, West Laurenmouth, PR 28318",e2cb8b65-a4e0-4aa1-8633-1a845484f194
d279e141-bde6-464d-a35a-3542f3912e4d,Melissa Tucker,pmorrow@example.org,001-457-258-0075x0217,2002-12-22,Male,"828 Byrd Manors, Smithchester, WY 59945",e2cb8b65-a4e0-4aa1-8633-1a845484f194
0e2006ef-c603-4177-b420-14668f3a263c,David Montoya,helen81@example.org,3218072224,2004-04-06,Female,"05106 Mitchell Crest, Martinezberg, MH 19873",e2cb8b65-a4e0-4aa1-8633-1a845484f194
109b7676-47a2-4a01-8ca2-4cb9669278f9,David Whitney,cookwesley@example.org,740-751-9773,2002-04-09,Female,"0308 Krause Mall Suite 536, New Travis, GA 02897",e2cb8b65-a4e0-4aa1-8633-1a845484f194
dde6565d-3d3e-4fb9-adfb-493f8c846f68,Shane Owens,julie14@example.org,960-413-3535x15222,2006-06-16,Female,"540 Taylor Street Apt. 818, New Courtney, LA 75512",e2cb8b65-a4e0-4aa1-8633-1a845484f194
9f7d72f4-44e7-481a-b9bd-425bf88d3ee8,Anthony Coleman,crossheather@example.net,941.478.5920x206,2004-03-29,Male,"59784 Stacey Locks Apt. 899, Michaelfort, ID 05509",e2cb8b65-a4e0-4aa1-8633-1a845484f194
27afceee-f74b-493b-a3ad-bae25d8d493f,Karen Khan,alison41@example.org,(599)577-5153x86207,2006-05-08,Female,"578 Lindsey Roads, North Anthony, WV 05385",e2cb8b65-a4e0-4aa1-8633-1a845484f194
0f5a94e5-3cd8-44de-845d-60e20f0a4b68,Anthony Green,chodge@example.com,314.927.7225x77331,2003-03-24,Female,"5669 Summers Ridge, New David, MA 79036",e2cb8b65-a4e0-4aa1-8633-1a845484f194
2538e5b5-ae96-4758-aa24-a337a44049ae,Amanda Webb,stevenfowler@example.org,546-512-0885,2003-07-21,Male,"938 James Mission, Gordonmouth, VA 41239",e2cb8b65-a4e0-4aa1-8633-1a845484f194
9ae6206a-104b-4e7e-b71c-5236d0e2893c,Jesse Moody,susangillespie@example.net,5025336006,2002-01-18,Female,"Unit 6376 Box 0562, DPO AE 55879",e2cb8b65-a4e0-4aa1-8633-1a845484f194
02b22c10-7741-4973-aa28-bc92e9bfbdbb,Victor Vasquez,anne57@example.org,202.238.0804,2005-06-16,Male,"0052 Harris Views, Tuckerstad, OR 20572",e2cb8b65-a4e0-4aa1-8633-1a845484f194
69c3a141-e8a6-46cf-92ce-affbd0b7a313,Brent Ray,tranalfred@example.org,290-335-0171x06425,2003-12-28,Male,"36654 Gonzalez Ports, North Douglasmouth, IA 98768",e2cb8b65-a4e0-4aa1-8633-1a845484f194
905ae1e3-54b4-47ed-a65f-8aa0c6e81790,Steven Wolfe,lisa31@example.org,743-772-9634x723,2004-09-13,Male,"13021 Morrison Highway, Howardborough, ND 71105",e2cb8b65-a4e0-4aa1-8633-1a845484f194
0ab3401b-f783-48d3-960a-e115fb28164c,Lawrence Harper,cmoore@example.org,4343049120,2004-02-01,Female,"542 Jones Stravenue, Mercerton, DC 68444",e2cb8b65-a4e0-4aa1-8633-1a845484f194
92eaf967-a10e-425c-8387-ad67103aba8e,Kristina Cordova,eugenehampton@example.org,(362)281-0440x392,2002-06-12,Male,"50541 Liu Circles Apt. 653, Gardnerburgh, HI 17594",e2cb8b65-a4e0-4aa1-8633-1a845484f194
ece26161-1d8e-4821-897a-af320996faa8,Kristina Good,sjohnson@example.net,001-459-508-5087x0178,2004-10-19,Male,"6631 Myers Drive Apt. 669, South Fernandohaven, MS 84216",e2cb8b65-a4e0-4aa1-8633-1a845484f194
b3230830-b85f-4e0a-a77f-4b73b9e25897,Joseph Wilson,wmoran@example.net,001-355-668-0693x64318,2003-06-29,Female,"69351 Jonathan Lodge, Martinfort, WI 90504",e2cb8b65-a4e0-4aa1-8633-1a845484f194
c5a8c43d-0bd3-40ed-ba9d-18229de65192,Christopher Johnson,samantha46@example.com,353.859.1285,2002-10-06,Male,"538 Roberts Point, Smithberg, MI 96434",e2cb8b65-a4e0-4aa1-8633-1a845484f194
1545f31f-827a-45e2-8dae-a0093e302dd8,Bradley Anderson,kelleyanna@example.net,+1-734-495-2416,2003-07-02,Male,"PSC 8537, Box 5373, APO AP 95432",e2cb8b65-a4e0-4aa1-8633-1a845484f194
ed40b0fa-a5dc-41cd-b326-527e5692ccc2,Ashley Thornton,wrighterin@example.com,849-936-9093x650,2006-03-05,Female,"424 James Avenue, South Curtisside, MP 69572",e2cb8b65-a4e0-4aa1-8633-1a845484f194
8ed4bcd3-b4ed-4601-9e74-e3d9ab2c3fab,Tammy Sanchez,leslieeverett@example.com,569-666-1636x5212,2003-05-27,Female,"8135 Meza Walk Suite 851, West Kyleville, WA 82483",e2cb8b65-a4e0-4aa1-8633-1a845484f194
51160f68-3fe8-4a80-8b68-ccf571d086bc,Eric Gaines,amy06@example.net,523.829.3767,2006-02-17,Male,"4027 James Drive, Fuentesmouth, NJ 30287",e2cb8b65-a4e0-4aa1-8633-1a845484f194
c9fd0e6f-81b5-44d8-99d8-cffab50e8186,Kenneth Juarez,bgarcia@example.com,535-805-3979x592,2002-09-27,Male,"20381 Margaret Trace, Port Brenda, WY 87678",e2cb8b65-a4e0-4aa1-8633-1a845484f194
f06c79e7-1942-447d-b0fe-f88fe1dba636,Jeanette Delacruz,brownabigail@example.net,4232609667,2003-08-22,Female,"562 Anthony Street Apt. 107, Albertland, TX 71659",e2cb8b65-a4e0-4aa1-8633-1a845484f194
990a5dba-45e5-4852-84ba-c6a6feeeea43,Patrick Allen,tmueller@example.com,380-352-3118x737,2002-04-09,Male,"885 Sabrina Fields Apt. 850, Obrienberg, AR 68957",e2cb8b65-a4e0-4aa1-8633-1a845484f194
8adaea8b-7243-402d-8321-170d25ffc145,Tina Browning,ivan83@example.org,+1-919-507-1266x775,2004-06-17,Male,"86858 Thomas Corner, Chadberg, MN 68691",e2cb8b65-a4e0-4aa1-8633-1a845484f194
4f095398-3765-4846-8683-472ba8053521,Kayla Schmidt,pbarron@example.org,(926)494-7964,2005-01-02,Male,"USNS Hill, FPO AA 10624",e2cb8b65-a4e0-4aa1-8633-1a845484f194
a0f7e0ef-1647-403d-adde-8be71dcef91f,Cynthia Hansen,morganmorris@example.com,(767)667-6377x63455,2003-01-07,Male,"18023 David Pines Apt. 813, Carpentermouth, MH 77071",e2cb8b65-a4e0-4aa1-8633-1a845484f194
9d346eda-3d1c-4997-a931-1ca5c58bd661,John Williams,susanmoreno@example.org,(954)960-1680x5724,2005-02-28,Female,"573 Hall Flats, Richardville, OK 78906",e2cb8b65-a4e0-4aa1-8633-1a845484f194
836daad6-5441-4133-af1c-7e5e06152ecf,Sabrina Matthews,shirleynorman@example.com,(777)514-3821x77305,2003-02-07,Male,"138 Mcdaniel Flats, West Marytown, PR 88736",e2cb8b65-a4e0-4aa1-8633-1a845484f194
c28d4b00-cc9b-41ea-b456-0de6b2420e32,Jeffrey Salas,bsmith@example.org,704.905.1580,2002-05-05,Female,"0947 Justin Row Apt. 531, Mullenview, NJ 49457",e2cb8b65-a4e0-4aa1-8633-1a845484f194
d58b044a-b1b4-49bc-80c9-250e8860dfd1,Kyle Aguirre,vrodriguez@example.com,(539)895-2674x869,2003-07-25,Female,"3605 Smith Courts Apt. 137, North Kevin, KS 86167",e2cb8b65-a4e0-4aa1-8633-1a845484f194
cf53b305-646d-4f87-8f0d-1bd27be1b27a,Jessica Bullock,joneseddie@example.org,(298)753-2805,2002-06-19,Female,"839 Jones Causeway Suite 222, Port Jeff, IL 82973",e2cb8b65-a4e0-4aa1-8633-1a845484f194
f32a3b13-fb8b-4dcd-9354-601dfc07a7bc,Kristy Smith,hhansen@example.org,001-443-289-9877x629,2002-11-13,Female,"5371 Jones Lakes, Nealbury, UT 48209",e2cb8b65-a4e0-4aa1-8633-1a845484f194
d062d1e8-34e0-44fe-9f9f-d746972f3b5f,James Scott,april96@example.com,+1-306-737-2239x4487,2003-01-30,Female,"510 Natalie Land, Nicholasside, NH 15860",e2cb8b65-a4e0-4aa1-8633-1a845484f194
38d0f2e4-177d-4780-b38a-bd89e2c472f7,Jeffrey Kelley,timothy93@example.com,+1-732-289-8922x409,2002-02-24,Male,"72597 Yesenia Way Apt. 844, New Williamland, NH 16533",e2cb8b65-a4e0-4aa1-8633-1a845484f194
c6d3a5e1-14fe-4471-b19f-e42f1ec37db4,Brandon Edwards,cynthia18@example.org,001-293-605-2126,2005-05-31,Male,"502 Kristi Loaf, Shawnstad, GA 40759",e2cb8b65-a4e0-4aa1-8633-1a845484f194
6f61f93d-7b3a-4f6c-92c1-9d82126ed5d9,Greg Martinez,brian99@example.org,(957)294-6035,2002-02-22,Male,"4315 Michael Ranch Suite 135, North Philipland, MD 97870",e2cb8b65-a4e0-4aa1-8633-1a845484f194
3fae53b2-d0ad-4d78-95e9-410953304fa3,John Porter,sonyarose@example.org,(924)475-4022x18808,2003-10-23,Female,"Unit 0505 Box 5843, DPO AE 02380",e2cb8b65-a4e0-4aa1-8633-1a845484f194
b17b199d-0085-43c6-8199-4365ea5e3d4b,Richard Skinner,dawn01@example.net,411.909.6581,2006-02-26,Female,"6274 Mary Roads Apt. 599, Natashamouth, CO 27899",e2cb8b65-a4e0-4aa1-8633-1a845484f194
2f9bcce6-b505-41f8-8c88-5a761eaacb14,Laura Harper,justin08@example.com,001-449-771-3358,2002-12-20,Female,"3450 Pratt Extension Suite 579, Cochranstad, NC 36033",e2cb8b65-a4e0-4aa1-8633-1a845484f194
964a5f0b-b78c-4ae9-9686-8379544f30ff,Ashley Evans,kimberly81@example.org,385.628.5021x5602,2003-02-08,Male,"6372 Stevenson Key, Ramirezmouth, OH 41339",e2cb8b65-a4e0-4aa1-8633-1a845484f194
81198188-c8df-4731-8bb9-d9502605a6c5,Karen Brown,fowlermichelle@example.org,+1-494-207-5932,2002-12-20,Male,"07544 Stanton Haven, New Andreabury, WV 68741",e2cb8b65-a4e0-4aa1-8633-1a845484f194
6c643c12-1646-4a7e-b14e-dedc167fb603,Bradley Walsh,wroman@example.com,+1-764-548-0360x7263,2005-01-19,Female,"117 Terrell Mount, Jacksonville, CA 47940",e2cb8b65-a4e0-4aa1-8633-1a845484f194
394b097e-3183-463a-b82d-2f7b8e35f394,Tracie Lynch,taylorkevin@example.com,905-205-4469x39842,2003-02-12,Male,"7608 Lawson Trail Apt. 472, Changborough, MD 43517",e2cb8b65-a4e0-4aa1-8633-1a845484f194
e9f6eb32-b8bd-4b5e-9677-831f0feb24c4,Steven Miller,genglish@example.com,943.673.3400x98601,2002-03-23,Male,"35610 Jason Circles, Lake Mason, MT 35550",e2cb8b65-a4e0-4aa1-8633-1a845484f194
14c32fd7-df97-4193-854e-d84e9db70b4c,Gail Johnson,mosborne@example.net,(201)578-9723x0281,2007-05-16,Female,"4151 Ramos Harbor, Hornton, DC 84505",e2cb8b65-a4e0-4aa1-8633-1a845484f194
ee80294c-03a9-4be4-941f-5d674f06b07d,Thomas Zamora,asandoval@example.net,287-821-0143,2004-07-25,Male,"38362 Kirk Green Suite 290, North Carolinehaven, CT 52671",e2cb8b65-a4e0-4aa1-8633-1a845484f194
0fb0fad5-6aa1-4bf5-a68b-6c921897ff3e,Jonathan Carpenter,xmunoz@example.net,449-971-4006x40724,2002-01-30,Female,"8677 Melton Turnpike, Catherinetown, IN 21057",e2cb8b65-a4e0-4aa1-8633-1a845484f194
27897647-4fab-42a4-9e76-2319f6bd4d9c,Melissa Ferguson,cynthia14@example.com,(227)805-2243x597,2002-11-23,Male,"Unit 1153 Box 1035, DPO AA 41460",e2cb8b65-a4e0-4aa1-8633-1a845484f194
083271c3-e793-4fcc-ad70-6d44855331bb,Maria Chaney,bmadden@example.org,+1-603-877-7337x24130,2005-02-08,Male,"01953 Laurie Crossroad Suite 321, Lake Jessica, LA 89465",e2cb8b65-a4e0-4aa1-8633-1a845484f194
6a11afc2-4d5b-40cc-88d5-2c922f78ccd9,Sheila Mendoza,heatherjenkins@example.org,+1-505-668-4162,2003-04-20,Female,"8867 Robert Mount Suite 890, Claytontown, NE 31990",e2cb8b65-a4e0-4aa1-8633-1a845484f194
dce4c098-b5d6-479f-b74e-f20d7cb10d7e,Jennifer Wright,margaret96@example.com,001-289-315-7906x913,2006-05-29,Female,"714 Conway Port, Christopherview, DE 16948",e2cb8b65-a4e0-4aa1-8633-1a845484f194
61df8f1b-0957-42fa-aa80-87d92e492491,Karen Ross,jonesjeffrey@example.com,001-374-317-3432x37039,2002-11-06,Female,"58742 Anderson Lakes, Tracyborough, MS 44493",e2cb8b65-a4e0-4aa1-8633-1a845484f194
73a4cb1d-87ef-4842-b21c-e2b77a680446,Carmen Edwards,owenangela@example.net,299-773-7974,2005-04-27,Male,"8103 Samantha Plain Suite 367, New Madelinetown, AK 72616",e2cb8b65-a4e0-4aa1-8633-1a845484f194
df52c447-f8ef-4234-af90-9052d50f7f91,Suzanne Williams,vmorse@example.org,3984507634,2003-02-13,Female,"381 Cheyenne Street Apt. 506, Jaredburgh, OK 66483",e2cb8b65-a4e0-4aa1-8633-1a845484f194
316d0892-6651-40c4-bdef-422f3a2cf97e,Kimberly Snyder,munozmarcus@example.com,001-545-310-5082x07184,2004-11-17,Male,"9756 Cody Shores, Port Sydneyport, AR 14005",e2cb8b65-a4e0-4aa1-8633-1a845484f194
6a3582b3-e4a0-48cc-9a7e-9e45f535228b,Cory Henry,pcrosby@example.org,776-669-8850x5259,2003-07-13,Male,"089 Marks Gardens Suite 200, Debbieville, PA 70254",e2cb8b65-a4e0-4aa1-8633-1a845484f194
3717e8d4-dd62-4788-92ef-7897be769c40,Candice Russo,edwardspatricia@example.com,(463)990-0640x73388,2005-07-03,Female,"Unit 2988 Box 4118, DPO AE 58631",e2cb8b65-a4e0-4aa1-8633-1a845484f194
a62808a6-3cea-480e-955b-d9b6caf1901b,Patricia Brennan,sandramorales@example.net,523-320-1697x95511,2002-10-31,Female,"163 Shaun Hill Suite 701, Justinfurt, GU 30996",e2cb8b65-a4e0-4aa1-8633-1a845484f194
acdf31c6-f590-4626-87fc-70f11f7b82b7,John Sheppard,michaelsmith@example.com,+1-640-341-4738x11862,2004-05-16,Female,"41913 Rebecca Branch, West Corey, VI 39835",e2cb8b65-a4e0-4aa1-8633-1a845484f194
8668f0f8-4c16-479a-9655-6f7b48a27f71,Eric Cummings,clarkeadrienne@example.net,(565)390-8542,2004-12-25,Male,"4514 Hicks Rapid, New Meganview, MP 70437",e2cb8b65-a4e0-4aa1-8633-1a845484f194
c1581811-353a-4de7-a2cf-7d4f85402d85,David Hall,hopkinsbrandon@example.org,646-846-9055x704,2003-01-08,Male,"122 Theodore Road Suite 934, Lake Andrea, PR 27427",e2cb8b65-a4e0-4aa1-8633-1a845484f194
326d6f8d-2b15-44ca-b0b6-7bf1a0d07dd8,Corey Adams Jr.,leedonald@example.net,(552)681-7356x12647,2004-11-09,Female,"6164 Webb Lights, Maryside, TX 68976",e2cb8b65-a4e0-4aa1-8633-1a845484f194
d45d71d5-d8cd-4e22-998f-4da51e04139b,Kristi Malone,rebecca75@example.com,+1-926-757-5061,2005-06-26,Female,"611 Baker Lock, Loveberg, MN 31928",e2cb8b65-a4e0-4aa1-8633-1a845484f194
0a493e7c-c1a6-43c0-8048-3800fd0ed20c,Bryan Smith,sford@example.com,+1-210-951-8521x557,2007-01-30,Female,"531 Avila Turnpike Suite 370, Port Jacquelineshire, DC 47591",e2cb8b65-a4e0-4aa1-8633-1a845484f194
c3ee8973-aa82-493c-a8d9-ec29c65399b0,Larry Pacheco,john31@example.com,596.442.4942,2005-09-11,Male,"33705 Smith Well, Hunterton, MT 89750",e2cb8b65-a4e0-4aa1-8633-1a845484f194
43d342c8-433d-451d-80f4-f388f67f565d,Brian Hart,bryan26@example.net,(913)393-2523x4850,2004-11-16,Female,"83242 Melanie Road, Brianchester, ME 59517",e2cb8b65-a4e0-4aa1-8633-1a845484f194
b36f9b27-4118-4965-b35e-cb27d79018c9,Deanna Edwards,qrodriguez@example.org,766.931.0566x748,2007-09-29,Male,"0704 Gregory Cliffs Apt. 990, Simpsonfurt, DE 67231",e2cb8b65-a4e0-4aa1-8633-1a845484f194
a62a0764-b669-44cd-adab-6554c2127b38,William Jones,julianjackson@example.org,(769)383-9167,2005-11-13,Female,"922 William Haven Apt. 247, Port Michaelfort, ID 59712",e2cb8b65-a4e0-4aa1-8633-1a845484f194
06bbfb42-d6b5-4963-bd07-1b64d4638e8b,Stephen Baker,fergusonteresa@example.org,891-325-2353,2001-12-11,Male,"387 Wilson Avenue Apt. 691, Orozcoview, DE 56846",e2cb8b65-a4e0-4aa1-8633-1a845484f194
adce69e7-c2bc-4a83-bf06-55d12f62e559,Susan Lucas,johncoffey@example.net,951-299-8124x360,2007-10-02,Male,"31805 David Falls Apt. 137, East Eric, NE 87767",e2cb8b65-a4e0-4aa1-8633-1a845484f194
cbb4b137-e023-4bdf-b7c8-2b2f2f960b18,Mary Evans,daniel14@example.org,+1-985-566-5248x7135,2005-01-29,Male,"811 Lambert Turnpike, Martinezmouth, ME 81681",e2cb8b65-a4e0-4aa1-8633-1a845484f194
9d48b1ff-c39d-44ba-b869-09ab13721641,Devin Peterson,jacob48@example.com,4763239499,2003-10-07,Female,"113 Luis Highway Suite 381, Daviesport, FM 60827",e2cb8b65-a4e0-4aa1-8633-1a845484f194
adb75059-2a94-4eb1-99d9-3b605895f2de,Thomas Wallace,brownchristina@example.net,788-924-2670x1766,2006-12-27,Female,"Unit 8069 Box 9972, DPO AP 92706",e2cb8b65-a4e0-4aa1-8633-1a845484f194
1a4f9fd1-161d-4efa-b4d0-1372cfac1b76,Gregory Thompson,dstone@example.org,8956385482,2005-03-05,Female,"16584 Suzanne Garden, Sharpmouth, IN 52848",e2cb8b65-a4e0-4aa1-8633-1a845484f194
8225146d-3d54-4029-a146-9b86a99e2854,Diana Farrell,bdavis@example.org,(550)850-2509,2006-07-26,Male,"88170 Katherine Drives, East Phillip, CT 54264",e2cb8b65-a4e0-4aa1-8633-1a845484f194
bbf2c68c-d378-4ed2-a5da-8b8a72f6ed6f,Daniel Pruitt,jennifer47@example.org,001-346-779-8294x115,2007-04-06,Female,"PSC 4333, Box 0638, APO AE 02968",e2cb8b65-a4e0-4aa1-8633-1a845484f194
fe140029-d234-4dee-a4b8-7a07ee51e8dc,Jordan Anderson,mikemyers@example.com,226.947.9656x272,2004-11-25,Female,"942 Megan Village, Cynthiaberg, KY 65922",e2cb8b65-a4e0-4aa1-8633-1a845484f194
ddaf2fc4-5bcc-4347-b662-d66189b857c4,Ruth Peterson,ashleewilliams@example.net,001-573-583-6480x15085,2006-06-06,Male,"9983 Miller Light Apt. 608, South Justin, PR 05428",e2cb8b65-a4e0-4aa1-8633-1a845484f194
76c35dc5-8232-4ad8-b149-37cc8e67ce70,James Morales,katiehebert@example.org,+1-565-433-0823x0573,2007-02-26,Male,"92261 Skinner Mountain Suite 875, Johnland, SD 56495",e2cb8b65-a4e0-4aa1-8633-1a845484f194
e806d472-c097-4f05-b562-72a639908783,Ashley Benitez MD,cdaniel@example.com,230-258-4001,2006-02-09,Male,"587 Lindsay Forge Suite 610, West Grant, OH 64331",e2cb8b65-a4e0-4aa1-8633-1a845484f194
1e780af5-e94c-4b3a-9b2e-6cd2f6d7aa55,Jeremy Valencia,jessicaward@example.org,+1-842-728-8982x24513,2006-07-28,Female,"7623 Fisher Wall, New Theodorestad, MS 66234",e2cb8b65-a4e0-4aa1-8633-1a845484f194
8da6df1b-c330-4a6c-a7b2-5d69f65f1a95,Rebecca Hogan,michaelbrooks@example.org,665-360-9168,2004-01-28,Male,"USS Brady, FPO AP 80952",e2cb8b65-a4e0-4aa1-8633-1a845484f194
90dc408a-3ac6-48fc-84d5-cc80bdc719f6,Jonathan Dawson,vmoss@example.net,2394317518,2005-07-18,Male,"90385 Medina Meadow, Brentview, IL 80438",e2cb8b65-a4e0-4aa1-8633-1a845484f194
b1263436-ff82-4448-932e-db328ec4436a,Sandra Robinson,gregory13@example.com,3712042205,2001-12-09,Male,"9785 Jacqueline Track Suite 051, Lake Connorstad, MD 66187",e2cb8b65-a4e0-4aa1-8633-1a845484f194
b7646896-1dcc-43cf-ba2a-9ec02177441f,Tony Park,kathryn85@example.net,(510)922-2381x2230,2006-12-14,Female,"Unit 7084 Box 2948, DPO AE 04204",e2cb8b65-a4e0-4aa1-8633-1a845484f194
cf886ed4-555d-43bd-9d0b-697bc0756d49,Richard Massey,thomaslarry@example.com,+1-437-294-1202x920,2007-03-20,Male,"Unit 7216 Box 0115, DPO AA 06146",e2cb8b65-a4e0-4aa1-8633-1a845484f194
63ee15f0-fb20-4921-90ac-f52dd693a7ff,Amanda Cook,raymondholden@example.com,560.883.4499x64386,2006-11-09,Male,"531 Thompson Mission Apt. 659, North Bruce, GU 27105",e2cb8b65-a4e0-4aa1-8633-1a845484f194
ea79204a-7cf7-4e36-893c-bad5f17b0dfc,Jill Padilla,shelbykennedy@example.net,723-689-2182,2007-10-11,Female,"0725 Alejandro Drive, New Charlesshire, KS 71593",e2cb8b65-a4e0-4aa1-8633-1a845484f194
2a0c0aa2-5e44-4f0f-8cb2-5068c164c321,Ms. Amy Gonzalez,daniel78@example.net,(581)452-9628x899,2005-12-20,Female,"881 Miller Haven, Susanmouth, ME 54332",e2cb8b65-a4e0-4aa1-8633-1a845484f194
f80ecc25-9de1-4a22-ae70-b282bee4db6a,Stephanie Conrad,abigailbailey@example.net,001-915-784-5938x933,2004-07-24,Female,"9886 Hawkins Motorway, Foxside, HI 67848",e2cb8b65-a4e0-4aa1-8633-1a845484f194
ddd02a53-865b-4b98-a799-07393233effb,Pamela Evans,fosterrobert@example.com,(976)237-0323x5757,2003-11-23,Female,"252 Chaney Prairie Suite 219, Duncanshire, LA 62342",e2cb8b65-a4e0-4aa1-8633-1a845484f194
94bf051f-5b6d-480d-a87d-30aeaf76f9d4,Chad Olson,scott87@example.net,408-791-9995x2504,2004-02-03,Male,"543 Kelly River Suite 491, Lauraton, NH 34845",e2cb8b65-a4e0-4aa1-8633-1a845484f194
00940fb4-d687-46b4-918e-ba1f17e4c7c6,Crystal Woods,paulrasmussen@example.com,(401)529-2888,2004-11-30,Female,"07601 Felicia Plaza, Meredithberg, PA 41630",e2cb8b65-a4e0-4aa1-8633-1a845484f194
b1bbb4fb-41c6-427a-8bca-568c8906ac7b,Jeremiah Neal,jeremiah07@example.org,(430)376-7017x838,2006-07-02,Female,"27850 Jaime Extensions Suite 312, Williammouth, VT 33575",e2cb8b65-a4e0-4aa1-8633-1a845484f194
4d9bd7a8-697a-4e38-b547-507c08d27b43,Richard Woods,angelicawerner@example.org,001-985-932-4143x5307,2007-08-07,Female,"8809 Pennington Forge Apt. 815, South Anita, IN 51862",e2cb8b65-a4e0-4aa1-8633-1a845484f194
6021d91d-9e00-49c3-a9b6-242189ae1836,Katherine Brewer,mgarza@example.com,690.213.4235x38762,2006-01-27,Male,"601 Young Junctions Apt. 941, Jamesville, TX 10995",e2cb8b65-a4e0-4aa1-8633-1a845484f194
4e23dc8b-4f0e-4fcd-b87b-a7fa8b274727,Veronica Dennis,durhammitchell@example.net,+1-714-608-3353,2002-06-23,Female,"807 Brandon Cliffs Suite 699, Wattsside, MN 96910",e2cb8b65-a4e0-4aa1-8633-1a845484f194
80d8fcae-09c2-4a1c-b5bb-325549bc85b7,Wendy Mcneil,hpeterson@example.com,001-641-321-9318x0542,2002-07-02,Male,"697 Smith Extensions, Wolfeville, NH 23571",e2cb8b65-a4e0-4aa1-8633-1a845484f194
e9e21940-db55-4c50-964a-e53c0084ffe6,Christopher Smith,bcraig@example.net,+1-770-466-2294x5634,2007-09-21,Male,"Unit 4718 Box 4579, DPO AA 89189",e2cb8b65-a4e0-4aa1-8633-1a845484f194
ec2f3c4b-358c-4fde-bfda-2d76c9e465fe,Kristen Smith,jgarcia@example.com,001-573-800-2472x38297,2006-09-30,Female,"2658 Brady Island Apt. 300, South Kristina, VI 49284",e2cb8b65-a4e0-4aa1-8633-1a845484f194
ccc151f3-5c99-42c6-9bb7-e9e225592e33,Samuel Murray,amybryan@example.net,353.400.5271,2001-12-18,Female,"226 Beverly Ferry Apt. 461, New Amyview, CA 62482",e2cb8b65-a4e0-4aa1-8633-1a845484f194
76d6b9c7-7b03-4c94-8827-e33c2626288c,Mrs. Stephanie Aguirre,eriley@example.net,655.557.4301x0182,2005-06-05,Female,"1021 Kevin Ports Suite 480, Wattsport, AZ 52833",e2cb8b65-a4e0-4aa1-8633-1a845484f194
4badf759-93dd-4818-9a4c-17d4e15602c3,Steven Calderon,lauramcmahon@example.net,(824)866-0645x211,2007-06-16,Female,"7076 Stephanie Creek, New Davidfurt, AZ 48967",e2cb8b65-a4e0-4aa1-8633-1a845484f194
953faa8a-fd38-4f45-81bb-f78dd5af28c0,Angel Ali,tiffany33@example.com,6102971346,2004-08-04,Female,"2401 Darren Springs, Jefferymouth, KY 72268",e2cb8b65-a4e0-4aa1-8633-1a845484f194
09ca3519-bd1b-4668-aa10-cfea4e7f597e,Janice Ramirez,andrewfernandez@example.com,750-362-2365x5185,2006-03-06,Female,"149 David Common Suite 554, West Richardtown, DE 34452",e2cb8b65-a4e0-4aa1-8633-1a845484f194
e75d14c3-4948-4a6e-b6bb-2321bc562fdc,Timothy Curry,rthomas@example.net,449.982.8596x0807,2005-02-20,Male,"633 Miller Ridges, North Jessica, MS 79109",e2cb8b65-a4e0-4aa1-8633-1a845484f194
9b243ab3-78f8-40d5-9262-bbd4a986eade,Mary Gilbert,medinaronald@example.org,+1-285-774-5258x17945,2005-07-18,Male,"5856 Powell Streets Apt. 304, Port Melissa, GU 69200",e2cb8b65-a4e0-4aa1-8633-1a845484f194
ce59703d-535b-4110-9825-0c03a73cf50a,Thomas Mays,raymondbridges@example.com,747.243.4484x485,2004-08-14,Male,"970 Hicks Point, Gardnerhaven, ND 56507",e2cb8b65-a4e0-4aa1-8633-1a845484f194
f8c3f60b-0431-4a16-b39a-ae691de4eefc,Jessica Walton,aacosta@example.org,782-477-6581x520,2006-03-05,Male,"78942 Jon Tunnel Apt. 498, East Jamie, VT 65932",e2cb8b65-a4e0-4aa1-8633-1a845484f194
de21631b-4947-4124-9a3b-02646fca8661,Walter Osborne,hmccullough@example.com,293.875.7426,2003-11-14,Female,"9833 Orozco Point Suite 528, South Keith, HI 26477",e2cb8b65-a4e0-4aa1-8633-1a845484f194
9fe746ab-356a-4a14-9d49-d91cb42a9f53,John Lee,natalie01@example.org,+1-362-432-3893,2004-12-30,Male,"22326 Davis Squares Apt. 652, Ronaldtown, GU 17633",e2cb8b65-a4e0-4aa1-8633-1a845484f194
9517b1de-c640-4acd-a09f-9b9d936f8a71,Alison Savage,jeremynavarro@example.net,564.568.4067x74837,2003-05-28,Female,"84839 Jenna Harbors, Port Loriborough, NH 70729",e2cb8b65-a4e0-4aa1-8633-1a845484f194
a3d5448f-1632-493f-9b81-e31a11873baa,Michael Mccann,angelaheath@example.org,001-282-324-3307x0454,2002-01-23,Male,"00356 Hughes Springs, New Amystad, MH 93792",e2cb8b65-a4e0-4aa1-8633-1a845484f194
63bc9443-1f7a-4356-91fd-4c7cf650c940,Robert Bradley,kimberly09@example.com,001-380-864-2300x99432,2006-07-29,Female,"15781 Thomas Cove, North Nancyfurt, VT 99001",e2cb8b65-a4e0-4aa1-8633-1a845484f194
bf2f487a-42ab-4b3f-a33b-f5f2bf84c9a6,Lori Olson,urodriguez@example.com,(900)202-9207x870,2005-06-06,Female,"66493 Hannah Ports, North Cynthiaburgh, MD 84778",e2cb8b65-a4e0-4aa1-8633-1a845484f194
971c5522-7e75-471d-bc24-e9459867fb3c,Crystal Medina,colleenjones@example.org,+1-345-574-8776x108,2004-06-27,Male,"86167 Stephanie Stravenue, Whitneymouth, MS 28806",e2cb8b65-a4e0-4aa1-8633-1a845484f194
62398629-b5fc-4b68-8cd5-1fcb535170a0,April Thomas,laustin@example.com,996-335-5738x48394,2003-12-03,Male,"227 Page Wells, Emilyburgh, MS 06291",e2cb8b65-a4e0-4aa1-8633-1a845484f194
0e1d30ee-ff42-4f6a-b296-0957473270db,Melissa Malone,reevesmonica@example.net,+1-880-972-5703x3697,2003-03-25,Male,"1215 Richard Spurs Suite 830, Velasquezview, CO 21624",e2cb8b65-a4e0-4aa1-8633-1a845484f194
32f5c78f-34b3-4b96-8a9f-2ef12df817ff,Patricia Wolf,joshua14@example.com,001-313-201-2114x16350,2003-12-22,Female,"53055 Joseph Expressway Apt. 839, Kimberlyberg, NJ 76976",e2cb8b65-a4e0-4aa1-8633-1a845484f194
c9a8c166-23e2-4f98-a83d-e9b76f6ecf02,Kayla Nelson,christian48@example.net,572-395-5722,2005-01-20,Female,"5665 Karen Streets, Carneyshire, CA 86586",e2cb8b65-a4e0-4aa1-8633-1a845484f194
d57963b2-1c46-4506-abf7-060b82a28d2f,Richard Liu,efritz@example.org,486-606-0760x57412,2005-03-03,Male,"0114 Lee Streets, West Regina, LA 29050",e2cb8b65-a4e0-4aa1-8633-1a845484f194
354591e5-ed67-4d86-b2f9-6bec92f28586,Casey Dunn,nhall@example.org,675-252-3400,2006-03-09,Female,"50363 John Junction, Powerston, SD 46608",e2cb8b65-a4e0-4aa1-8633-1a845484f194
7dacc0f3-be87-47d6-9082-c24f6aaa5c30,Matthew Johnson,klowery@example.org,(492)502-7769,2004-11-14,Female,"6662 English Corners, Robertfurt, TX 67541",e2cb8b65-a4e0-4aa1-8633-1a845484f194
ed9d69f5-60d8-47b1-8879-33c6fc1e0aca,Meagan Wilkerson,todd76@example.net,(200)932-5471x96479,2002-10-09,Female,"24063 Nunez Courts Suite 531, Grahamstad, FM 91554",e2cb8b65-a4e0-4aa1-8633-1a845484f194
03e883f2-4c33-470e-adea-e18cfefe3e5a,Sarah Chan,traceybrown@example.net,640.791.8461,2005-04-28,Female,"01537 Cain Forks Apt. 420, Alexburgh, MO 53401",e2cb8b65-a4e0-4aa1-8633-1a845484f194
caf03a53-173c-448b-a6c6-8875c803421b,Jeffrey Cox,cholland@example.net,+1-544-724-9524,2006-11-12,Female,"3402 Michael Circle, Aguilarview, PA 15652",e2cb8b65-a4e0-4aa1-8633-1a845484f194
713100c3-33ab-48da-8098-a3212ae20777,Terry Burke,thorntonkimberly@example.org,654-495-8015x375,2007-02-12,Female,"462 Larson Springs Suite 773, Port Eddie, OR 19165",e2cb8b65-a4e0-4aa1-8633-1a845484f194
67f61110-855f-4d29-8a0b-4bd9ccb7750e,Diamond Zimmerman,andersonmicheal@example.net,938-959-3123x191,2006-09-30,Male,"PSC 2021, Box 0879, APO AP 04300",e2cb8b65-a4e0-4aa1-8633-1a845484f194
6a22abef-da5c-48a4-a986-abebf1f831bd,Angela Jackson,angelicamoyer@example.net,606-709-1448,2007-11-27,Female,"8377 Johnson Plains, East Alejandro, VI 28064",e2cb8b65-a4e0-4aa1-8633-1a845484f194
0462374c-6527-4941-b220-8bccfa2e38a8,Mr. Ronald Sanchez DVM,davisgary@example.com,404.946.1458,2003-03-22,Male,"Unit 2018 Box 0322, DPO AE 35319",e2cb8b65-a4e0-4aa1-8633-1a845484f194
b764cea1-86d5-467f-af4f-d0c95f65deab,Samantha Nolan,ofaulkner@example.org,(782)886-1258,2004-02-01,Female,"536 David Cape Apt. 682, Greentown, PA 31186",e2cb8b65-a4e0-4aa1-8633-1a845484f194
bf8aa4cc-14f7-4240-991e-bc534987b405,Troy Burns,hectortanner@example.net,(259)705-3159x95689,2007-04-30,Female,"9944 Jamie Freeway, East Michelle, NM 35449",e2cb8b65-a4e0-4aa1-8633-1a845484f194
8ea230f0-2698-44e2-bc05-89b2305f443d,Cindy Horton,spencerstephanie@example.org,001-608-532-2887x88841,2007-04-13,Female,"Unit 3878 Box 4303, DPO AA 09909",e2cb8b65-a4e0-4aa1-8633-1a845484f194
03c70456-6541-4067-aa0f-361605b869c8,Amy Bray,dustingrant@example.org,001-860-517-3479x4204,2007-02-22,Female,"1808 Smith Forge Suite 075, New Jessicafort, FL 95205",e2cb8b65-a4e0-4aa1-8633-1a845484f194
0ddc30b6-a072-4716-a517-c577062f75ee,Yolanda Miller,donaldharris@example.net,+1-359-515-0894,2005-07-21,Male,"255 Campbell Common Suite 380, Hessberg, TN 99261",e2cb8b65-a4e0-4aa1-8633-1a845484f194
d3a79eac-a482-44dd-b7a2-71432a23e272,Kimberly Lang,mollymcdowell@example.net,570.773.4175x5791,2002-03-01,Female,"13110 Natalie Terrace Apt. 121, Saraview, MO 97255",e2cb8b65-a4e0-4aa1-8633-1a845484f194
bc1096c0-d9ea-445a-8021-3a6a188e694a,Jared Peters,kristinhart@example.org,001-614-989-5304x774,2005-03-31,Male,"744 Anthony Plaza, New Brittneyfurt, CO 07276",e2cb8b65-a4e0-4aa1-8633-1a845484f194
b1eb2602-103e-4aff-a82a-80ad279f3d29,Carolyn Crawford,jennifer20@example.net,+1-680-736-8529x6745,2006-12-27,Female,"PSC 9210, Box 8487, APO AA 11840",e2cb8b65-a4e0-4aa1-8633-1a845484f194
63c0d01f-ff51-4678-b295-d83b266c66cb,Melissa Williams,michelle54@example.com,887.797.9941x08919,2007-11-13,Male,"69560 Ayala Brook, South Mary, MD 38837",e2cb8b65-a4e0-4aa1-8633-1a845484f194
3b6fd718-d063-4e30-a179-70745da4283b,Kimberly Lee PhD,thomaslori@example.net,415.322.8807,2005-05-03,Male,"660 Brittany Union Suite 721, Tamaraland, WV 63687",e2cb8b65-a4e0-4aa1-8633-1a845484f194
246083f8-477d-4426-9358-e40f0a168fb8,Sarah Hill,paulrogers@example.org,7433815248,2007-05-21,Male,"PSC 7196, Box 1755, APO AP 45257",e2cb8b65-a4e0-4aa1-8633-1a845484f194
07bf2d94-e13c-4bcf-b694-e1a3752288eb,Kimberly Miller,felicia71@example.org,001-878-632-1132x95561,2004-04-02,Female,"8667 Walsh Points, North Donnaborough, IA 95983",e2cb8b65-a4e0-4aa1-8633-1a845484f194
9a5fdae0-452a-4e69-9e1b-8d1d338f9523,James Martin,sarah76@example.org,783.668.5137,2005-11-30,Male,"0010 Smith Divide, Latoyabury, CA 40246",e2cb8b65-a4e0-4aa1-8633-1a845484f194
40b60fd1-c5cb-40cd-9760-6f08400e4270,Joseph Richardson,steventurner@example.net,(855)516-7891,2001-12-19,Male,"79149 Marcus Shoals, Fowlerfort, IL 29451",e2cb8b65-a4e0-4aa1-8633-1a845484f194
615261be-c5c1-4a1f-9074-22937a6da384,Jenna Ramos,warrenmichelle@example.net,643.210.1247x110,2004-11-25,Female,"98929 Gonzalez Plaza, Webbville, AR 67892",e2cb8b65-a4e0-4aa1-8633-1a845484f194
93c92bc8-b8db-4fdc-ac23-6a72dd033b80,Sharon Carson,websterjames@example.net,392-755-7250x7981,2002-06-20,Male,"4125 Garcia Lock Apt. 191, Jacksonton, NH 95683",e2cb8b65-a4e0-4aa1-8633-1a845484f194
fe38d2d1-708f-4caf-8c53-887ac8538a39,Michael West,vickidunn@example.com,001-765-585-1009x606,2005-06-01,Male,"0185 Contreras Path Suite 679, Hickmanburgh, DC 15460",e2cb8b65-a4e0-4aa1-8633-1a845484f194
b79721bb-d140-44cd-a035-e71e8980eab4,Cynthia Frank,danielortiz@example.org,(694)536-3527x41929,2004-08-17,Male,"540 Donna Trail, New Brandon, FM 15344",e2cb8b65-a4e0-4aa1-8633-1a845484f194
62668c72-cc71-4036-a5ff-e151db80c59b,Corey Ramsey,catherinegonzalez@example.net,+1-771-353-1143x1454,2002-12-31,Male,"57276 Mark Streets, Port Michael, PA 37160",e2cb8b65-a4e0-4aa1-8633-1a845484f194
09b51b06-2436-4e4f-8a3a-e91fa53faf4e,Michelle Black,annebradshaw@example.net,5997259777,2004-05-06,Male,"3737 Cheryl Trafficway Apt. 100, Brianborough, CA 79220",e2cb8b65-a4e0-4aa1-8633-1a845484f194
a6e994ce-46bd-4c1a-8260-43a42366d72c,Angela Browning,wharrell@example.net,+1-557-426-8864x14274,2005-01-23,Male,"7271 Steven Road Apt. 148, Mitchellport, AS 39466",e2cb8b65-a4e0-4aa1-8633-1a845484f194
4a9028f0-06ec-423a-8b2b-555c007eb319,Maureen Arnold,cduran@example.org,001-272-982-0087,2003-01-26,Female,"628 Smith Forges Apt. 875, Port Laurenville, NC 83982",e2cb8b65-a4e0-4aa1-8633-1a845484f194
cc8bc5bb-0895-4fe4-b97f-7b404a1560a4,Nicole Wilson,stephaniewalton@example.net,390.610.9574x928,2002-07-22,Female,"692 David Lock, Lake Samuel, WI 19390",e2cb8b65-a4e0-4aa1-8633-1a845484f194
18936279-3371-4641-8244-d641600a9aee,Troy Williams,jameselizabeth@example.org,+1-663-283-1764x177,2007-01-03,Male,"027 Sharon Cove Suite 583, Alvarezside, MA 62192",e2cb8b65-a4e0-4aa1-8633-1a845484f194
40323b47-6f8a-4d81-9165-3f8705fbe61b,Mary Hunt,miguelmiller@example.org,263.725.6742,2007-07-30,Female,"306 Kim Dale Suite 275, Duanemouth, CA 60797",e2cb8b65-a4e0-4aa1-8633-1a845484f194
ce8cf7d4-0474-411f-8887-7283c4efd9c6,Dr. Michael Evans MD,ryanmeyer@example.net,835-217-2868,2004-07-31,Female,"935 Tanner Ridge Apt. 310, East Stanleyfort, NM 95871",e2cb8b65-a4e0-4aa1-8633-1a845484f194
b7984fa5-582d-4b8c-874a-aa0a941ec6d5,Suzanne White,rhodesdavid@example.com,001-376-835-0816x19876,2002-04-24,Male,"PSC 0093, Box 9926, APO AE 07537",e2cb8b65-a4e0-4aa1-8633-1a845484f194
d585b3f4-8ae8-407a-918c-c3713a80479f,Keith Branch,torresmelissa@example.com,001-651-267-0738x94824,2004-03-08,Female,"7664 Terrell Tunnel, South Heidi, TN 94434",e2cb8b65-a4e0-4aa1-8633-1a845484f194
c23974c4-3958-4c45-959a-f4d5163df99e,Earl Murray,michelleholland@example.org,001-569-252-2226,2002-08-21,Female,"201 Brown Heights Suite 884, Halehaven, VI 68120",c2271ccc-569e-44ef-b978-ad97fbb93a8d
82d5cc83-30b9-4fab-8480-e9019e34499f,Lauren Nielsen,kennethmills@example.com,+1-696-217-7935,2004-03-08,Male,"0216 Vargas Lake Suite 503, Matthewberg, AR 67416",c2271ccc-569e-44ef-b978-ad97fbb93a8d
498b503c-69b3-49a8-bd73-cae1e11bfeb7,Robert Gonzalez,hensonnicole@example.org,7502888108,2004-01-02,Male,"441 Ortiz Land, Cohenchester, MT 12660",c2271ccc-569e-44ef-b978-ad97fbb93a8d
32d3674a-f486-4b3d-8897-b15fad8c4acd,Marvin Gonzales,cassidy15@example.net,(296)963-8084x6906,2005-03-28,Female,"7188 Catherine Ramp, North Patricia, KS 85783",c2271ccc-569e-44ef-b978-ad97fbb93a8d
27dc46a6-0317-4e06-b86a-06f57d41e835,Angela Caldwell,kirstenbarber@example.net,512.909.3806,2003-12-18,Female,"555 Michelle Island, Lake Michaelstad, NY 09816",c2271ccc-569e-44ef-b978-ad97fbb93a8d
c6384a38-811d-4ade-9ccc-0bbf7af2ebca,Danielle Allen,klinebrenda@example.com,281.252.0144x37565,2004-03-25,Male,"7986 Carey Turnpike Suite 302, Markmouth, AL 16364",c2271ccc-569e-44ef-b978-ad97fbb93a8d
29a4fcab-4414-4ed5-95c6-e9f7bfdad29f,Collin West,denniskelley@example.com,(433)594-9916,2005-09-27,Male,"8869 Smith Skyway Suite 255, Markhaven, PW 05996",c2271ccc-569e-44ef-b978-ad97fbb93a8d
fa64e9eb-fbcc-46d9-9399-1360224f70a5,Kyle Garcia,julie92@example.net,(471)771-0318x5279,2005-11-23,Male,"659 Brian Drive, East Eileen, NE 32258",c2271ccc-569e-44ef-b978-ad97fbb93a8d
a7713d8b-e71c-43a1-866e-599109b20500,Kayla Walker,cvargas@example.net,(879)889-6076x57781,2005-10-16,Female,"52483 Sean Parkways, Port Michael, ME 07267",c2271ccc-569e-44ef-b978-ad97fbb93a8d
2e364849-a955-4380-98f3-e292fb9f9ea7,Michael Wade,saraolson@example.net,828-956-2183,2003-11-05,Male,"14666 Michelle Road, West Catherineberg, NJ 73895",c2271ccc-569e-44ef-b978-ad97fbb93a8d
5f8832ab-239c-4f9d-b808-8a8f76c57573,Megan Montgomery,victoria41@example.net,(818)761-9093x8625,2004-10-05,Female,"125 Monroe Dam, Christineville, MP 98219",c2271ccc-569e-44ef-b978-ad97fbb93a8d
b3021e68-8115-4c09-b933-9feea9235067,Kayla Hays,lday@example.com,622-857-6872x9990,2006-11-26,Male,"25756 Matthew Knoll, Jonesstad, VT 14658",c2271ccc-569e-44ef-b978-ad97fbb93a8d
bfd2f89c-b66c-4b89-936f-3a1ce4eb999b,Ryan James,katherinepoole@example.com,+1-895-352-1627x59799,2005-06-12,Female,"008 Smith Ville Suite 875, Port John, AK 17061",c2271ccc-569e-44ef-b978-ad97fbb93a8d
49b01f1a-1e63-430c-8715-cb4dfbd0ec11,Christopher Wilson,smithmelissa@example.com,200-581-7274,2003-06-17,Female,"952 Jason Harbors Suite 365, Danielsberg, AR 65254",c2271ccc-569e-44ef-b978-ad97fbb93a8d
857a8490-6efc-4e67-a76e-aea99e164f84,Sarah Miranda,melinda27@example.com,763-401-0226x1934,2007-02-23,Female,"0432 Martinez Rue Apt. 470, Martinezview, ID 75837",c2271ccc-569e-44ef-b978-ad97fbb93a8d
b67ddae5-f744-4e38-b93f-ff25672f7743,James Luna,eileensmith@example.net,(237)604-9456x200,2001-12-17,Female,"01395 Lucas Orchard Apt. 183, North Tonyborough, WY 05101",c2271ccc-569e-44ef-b978-ad97fbb93a8d
b99043c3-9793-4b00-8770-f4cd44f5ac67,Elizabeth Caldwell,angelicabrown@example.org,+1-201-250-2685x96302,2003-01-22,Female,"154 Diana Parkway Suite 626, Smithland, NC 22957",c2271ccc-569e-44ef-b978-ad97fbb93a8d
a6f7a0f5-38af-47ee-bc15-bd604866db7f,Matthew Finley,sara53@example.com,001-206-779-3968x7545,2004-02-14,Female,"525 Matthew Underpass Suite 905, Sparksstad, IL 26804",c2271ccc-569e-44ef-b978-ad97fbb93a8d
e0585cac-e56e-4f70-9539-7d01165beadb,Gina Acosta,qdavis@example.com,001-847-493-0993x8393,2002-09-25,Male,"15821 Waters Ridges Suite 825, Emilyberg, ME 17991",c2271ccc-569e-44ef-b978-ad97fbb93a8d
ef3a6892-0ec5-461e-bfc5-799b0ff7ccd6,Hayley Clark,coreydennis@example.com,593.935.9518,2001-12-24,Female,"9837 Bartlett Flats Suite 917, South Christina, FL 20309",c2271ccc-569e-44ef-b978-ad97fbb93a8d
8b83f039-a299-4ce8-b615-a2c38b29a48b,Jennifer Knight,montgomerysusan@example.net,001-306-819-4151x1049,2003-03-12,Female,"7384 Raymond Port Suite 865, Peterton, IN 29036",c2271ccc-569e-44ef-b978-ad97fbb93a8d
1167922c-702e-4176-b443-93f0ce691344,Kyle Maddox,kenneth29@example.com,869-302-0265x0206,2002-01-30,Female,"0168 Kellie Spring, East Michellefurt, OK 33918",c2271ccc-569e-44ef-b978-ad97fbb93a8d
4658197d-e38c-43c5-9bba-fa55aaa929f8,Alicia Butler,franklinvickie@example.net,001-440-525-2699x57052,2007-04-25,Female,"9294 Hernandez Gardens Suite 285, North Lauren, SD 20389",c2271ccc-569e-44ef-b978-ad97fbb93a8d
bec51d17-bf41-40cf-96e9-e98169bd85f2,Jane Sanchez,acampbell@example.com,514.334.4933x41883,2003-10-09,Male,"PSC 4354, Box 4774, APO AE 65259",c2271ccc-569e-44ef-b978-ad97fbb93a8d
3aa849f7-41b0-4c54-a338-312f161bf277,Alicia Ramos,umiller@example.com,798-357-6954x3957,2007-01-12,Female,"0827 Joseph Pine, Savagemouth, AR 30139",c2271ccc-569e-44ef-b978-ad97fbb93a8d
d3108eb4-8eef-4249-8cfe-052d104883ed,April Rodgers,xanthony@example.net,001-400-402-1946x371,2007-05-09,Male,"70649 Cummings Center, Franklinborough, AL 11707",c2271ccc-569e-44ef-b978-ad97fbb93a8d
54a26a00-0d05-45c3-9ea5-365e2eb98194,Bradley Murray,hlong@example.com,(713)912-1076,2004-03-11,Male,"06633 Madison Junction, Lunaville, DE 55399",c2271ccc-569e-44ef-b978-ad97fbb93a8d
4cf0ffc8-72e3-41e2-bee7-b6299faa1b67,Tina Bell,lauren76@example.org,(578)235-9841,2002-05-29,Male,"PSC 2429, Box 1302, APO AA 86560",c2271ccc-569e-44ef-b978-ad97fbb93a8d
f24b2bd4-ce76-4b77-b10b-9408d636d559,Wendy Mayo,hannahcantu@example.com,(432)462-1626x28048,2003-07-24,Male,"PSC 4946, Box 8458, APO AA 35581",c2271ccc-569e-44ef-b978-ad97fbb93a8d
92ac6ec4-f383-4857-8a9c-985ebe493802,Nathan Stephens MD,tami22@example.org,(862)845-1763x26841,2006-02-27,Female,"883 Jennifer Hollow Apt. 316, Maryburgh, LA 47443",c2271ccc-569e-44ef-b978-ad97fbb93a8d
d0f07cb6-6acf-49b9-aa97-e9386f3778fb,James Day,oliverjames@example.com,(626)740-0143,2006-01-21,Male,"PSC 1064, Box 4718, APO AE 05616",c2271ccc-569e-44ef-b978-ad97fbb93a8d
f41ea448-4587-42d5-a070-27b90b2e7539,Nicole Hickman,tracy44@example.com,(417)322-0058x95487,2007-06-13,Male,"24214 Johnson Light Suite 030, Rogersmouth, SC 18566",c2271ccc-569e-44ef-b978-ad97fbb93a8d
69df908c-4c1b-45ae-adcd-d4c58d10d6c4,Tonya Doyle,michaelsullivan@example.com,454.231.9426x94227,2003-01-21,Male,"9327 Lopez Courts Suite 391, Hoffmanchester, MD 44495",c2271ccc-569e-44ef-b978-ad97fbb93a8d
b68be1f0-383c-4241-ac1d-d603dff923e5,Lucas Hodge,cody34@example.com,(746)736-7440,2007-03-27,Male,"78495 Adams Isle, Cruztown, ND 32548",c2271ccc-569e-44ef-b978-ad97fbb93a8d
b0a21bb2-861b-4460-998c-55c69a283015,Shelly Moran,connorspencer@example.org,536.661.7058x753,2007-09-22,Female,"55034 Savannah Turnpike, Aliciaville, MA 92499",c2271ccc-569e-44ef-b978-ad97fbb93a8d
84bd9b12-8599-40f0-8298-25ea6dd042a4,Timothy Wright,david23@example.com,(873)350-5945,2005-01-11,Female,"Unit 8503 Box 5403, DPO AP 77172",c2271ccc-569e-44ef-b978-ad97fbb93a8d
c83cfe93-b7ec-4482-a1fc-51edea6f7d49,Amber Hampton,sherry60@example.org,780.751.4674x91925,2004-12-22,Female,"0986 Jill Squares, New Nancy, MO 86784",c2271ccc-569e-44ef-b978-ad97fbb93a8d
29d8e7bf-1f31-4228-8a23-97b7469722f4,Danny Johnson,christy49@example.net,(670)419-6678,2006-10-20,Male,"6322 Turner Corners Apt. 485, Milesville, MA 11641",c2271ccc-569e-44ef-b978-ad97fbb93a8d
8da87cee-c880-4669-9b9e-31fd705f254b,Miguel Burgess,colonjoshua@example.net,+1-933-681-4822,2005-11-01,Female,"79314 Thomas Island, Kingmouth, MS 41295",c2271ccc-569e-44ef-b978-ad97fbb93a8d
ecbd474f-c58e-4936-8dd0-59aa28f1c654,Bobby Long,shellywatson@example.net,001-254-709-3231x65910,2003-08-16,Male,"PSC 1073, Box 4285, APO AP 17223",c2271ccc-569e-44ef-b978-ad97fbb93a8d
f90a1b93-d8dc-415a-8f7f-24310fa11bba,Jerry Torres,christinejones@example.net,(826)519-7935x470,2003-03-14,Male,"809 Shawn Meadow, East Rebekahhaven, ID 50654",c2271ccc-569e-44ef-b978-ad97fbb93a8d
60f7e0e1-6a69-4a41-9f94-d7dde73da6f1,Kathryn Stanley,grangel@example.org,+1-506-705-0655,2007-04-03,Male,"Unit 7961 Box 8355, DPO AE 74500",c2271ccc-569e-44ef-b978-ad97fbb93a8d
b962d360-6dd2-4795-8c79-a2e48eb227fb,Martin Adkins,kathleen20@example.net,001-301-441-8687x51430,2003-01-29,Female,"1148 Saunders Loop, Mcmahonshire, WY 44281",c2271ccc-569e-44ef-b978-ad97fbb93a8d
6fb1d403-acaa-4838-baef-32c60707a143,Alejandro Mcdonald,kristin39@example.com,7202621663,2003-06-07,Female,"16549 Bruce Roads, Joelfort, PA 31646",c2271ccc-569e-44ef-b978-ad97fbb93a8d
9c0c9f61-99ee-4aa6-ad14-10d86e5d4929,Jennifer James,clarkerachel@example.org,(250)885-0223x0542,2005-03-12,Female,"9593 Michael Crossing, Lake Barbara, KY 80021",c2271ccc-569e-44ef-b978-ad97fbb93a8d
6d50d1f7-5039-4212-a9ec-f74495b253e2,Erin Conrad,dixontrevor@example.com,457-454-7734x6698,2002-03-27,Female,"34512 Arnold Squares Suite 370, Lake Andrewburgh, OK 15988",c2271ccc-569e-44ef-b978-ad97fbb93a8d
4604414a-2a41-457a-8766-dc3cabb41db8,Deborah Taylor,maryrobinson@example.org,486-443-0962x65721,2007-06-15,Female,"75928 Carrie Ports, Susanberg, WV 47297",c2271ccc-569e-44ef-b978-ad97fbb93a8d
70fc65f4-cf68-409b-8e8e-4cef58cc58d3,Shannon Taylor,lporter@example.org,+1-357-774-0308x7008,2003-07-27,Female,"1438 Johnson Squares Suite 988, Wilsonton, NJ 73350",c2271ccc-569e-44ef-b978-ad97fbb93a8d
243d369c-203c-4275-afc5-1c3c427223ba,Alexandra Hill,oaustin@example.com,+1-673-206-3961x808,2006-06-18,Male,"17021 Patrick Way, Timothyland, AL 73259",c2271ccc-569e-44ef-b978-ad97fbb93a8d
f36ae0b4-54b2-438e-8518-2881b74949e1,Dawn Ellison DDS,olsenanthony@example.net,001-306-616-5986,2007-07-07,Male,"433 Harper Parkway Suite 334, Port Christopherstad, IN 73250",c2271ccc-569e-44ef-b978-ad97fbb93a8d
0f90dd49-e576-4d49-8718-c0518a130483,Robert Mccarty,scottsarah@example.com,(667)481-0219x7759,2006-11-29,Female,"3960 Steven Street Suite 700, West Johnstad, FL 19968",c2271ccc-569e-44ef-b978-ad97fbb93a8d
323e3036-7de8-4d69-9fc3-e95cbfc36ec5,Mark Washington,murphyjoseph@example.org,001-975-892-5398x3101,2005-04-04,Female,"47373 Baker Run, East Lisaview, ID 35254",c2271ccc-569e-44ef-b978-ad97fbb93a8d
f411f380-e9bb-465f-a4da-72349d27f541,Dennis Walsh,robert53@example.org,9013477271,2006-01-21,Male,"52870 Davis Inlet, Brettland, AR 38740",c2271ccc-569e-44ef-b978-ad97fbb93a8d
ce612154-54eb-4f7e-9546-caf80ed483b4,Melissa Kennedy,veronicahernandez@example.com,001-271-733-7593x592,2002-11-03,Female,"61346 Palmer Expressway Suite 862, East Sylviafurt, KS 36991",c2271ccc-569e-44ef-b978-ad97fbb93a8d
a96902f2-1ade-44a7-9a30-71b4f8abf251,Mary Davis,lindarodriguez@example.net,4124758849,2006-11-04,Female,"52953 Cynthia Islands, Careyfort, FL 70817",c2271ccc-569e-44ef-b978-ad97fbb93a8d
4f4f87ab-36b9-4d69-b9d9-01bc1e0a4b08,Mark Munoz,dgilbert@example.com,+1-794-829-1983x524,2007-06-15,Female,"7205 Christine Green, Robinsonborough, KS 52113",c2271ccc-569e-44ef-b978-ad97fbb93a8d
01cd9ddb-59df-4c67-b6bb-15bafb31276c,Michael Jones,davisjoshua@example.org,001-219-418-8799x381,2006-06-21,Male,"1581 Mills Estate Apt. 515, Vincentstad, WA 88275",c2271ccc-569e-44ef-b978-ad97fbb93a8d
d7ba9f5e-048b-4485-b7be-00415dac059a,Jim Matthews MD,amarshall@example.com,971-464-7139,2002-05-10,Female,"PSC 8540, Box 4966, APO AE 21145",c2271ccc-569e-44ef-b978-ad97fbb93a8d
7d4ae9d5-7490-4e55-876c-fba8d406d1d1,David Armstrong,pearsonkevin@example.net,905.232.1435,2004-11-30,Female,"2037 Michelle Corner Suite 033, East Douglas, WY 95466",c2271ccc-569e-44ef-b978-ad97fbb93a8d
a070dc31-2236-430a-bb11-12257d7e1ba4,Donald Harrell,allisonfoster@example.com,001-636-605-2321,2006-03-23,Female,"7049 Richard Rapids, Jasonborough, CO 07245",c2271ccc-569e-44ef-b978-ad97fbb93a8d
c4296cf4-4491-41ee-8c15-579aeb136b8d,Michelle Knox,stucker@example.com,381-237-9419,2001-12-25,Female,"7786 Mcmahon Circles, South Tonya, NH 18576",c2271ccc-569e-44ef-b978-ad97fbb93a8d
5769dbbc-5881-4e4e-afce-eec0e14e7925,Kenneth Bruce,andersonlinda@example.net,695-643-9954,2004-09-22,Male,"578 Ricky Drive Apt. 749, Wilsonfurt, PW 66456",c2271ccc-569e-44ef-b978-ad97fbb93a8d
05a1c14a-69f5-4269-8a05-a41607f8bca7,Kathleen Dennis,rebecca71@example.org,379-401-3106x1613,2004-06-16,Female,"66638 Karen Common Apt. 031, Victoriaton, IN 01111",c2271ccc-569e-44ef-b978-ad97fbb93a8d
083c8c37-a988-4550-9313-5980447d5d5a,Willie Andrade,wvelez@example.net,876.555.7859x67374,2005-11-29,Male,"229 Chad Hill, Annview, FM 97335",c2271ccc-569e-44ef-b978-ad97fbb93a8d
f8c54d14-869e-4d54-ac6a-cfae1e673b44,Mary Brown,christina87@example.org,353.598.2789,2006-09-19,Female,"260 Johnathan Heights, Sheahaven, NH 36882",c2271ccc-569e-44ef-b978-ad97fbb93a8d
45c0844a-6fc6-484d-8e11-8ad39416e1fb,Mary Martin,isabella98@example.org,(865)284-5001x648,2004-10-05,Female,"6216 Miller Key, Jenniferhaven, WY 42114",c2271ccc-569e-44ef-b978-ad97fbb93a8d
5e5963f9-9fd4-4f26-93fd-796e11b5b872,Thomas Moore,carrie03@example.net,973.336.6364,2006-10-26,Male,"03255 Steven Lakes, Holmesstad, NE 63407",c2271ccc-569e-44ef-b978-ad97fbb93a8d
5e76bc6b-2c56-4b78-b15f-7bf41251f81f,Jessica Novak,johnsonmandy@example.com,(947)766-2121,2006-08-01,Female,"802 Thomas Square, South Jennifer, KY 85470",c2271ccc-569e-44ef-b978-ad97fbb93a8d
73988708-c3f0-4eb5-bdda-6223be7aaea1,Patricia Holt,johnsonerik@example.net,+1-738-649-0927,2003-04-19,Male,"3941 Huff Cliffs Apt. 230, East Jefftown, WY 11116",c2271ccc-569e-44ef-b978-ad97fbb93a8d
ac21a79b-7936-4d61-a541-b873d7876724,Robert Morton,jeffrey70@example.net,809-615-5399x3087,2002-06-15,Female,"85802 Gonzalez Run Apt. 170, North Zacharyton, MP 05518",c2271ccc-569e-44ef-b978-ad97fbb93a8d
cd0ffb20-2ddc-4c4f-8372-d0e6bd278495,Todd Smith,brent35@example.org,+1-402-309-4879x4175,2007-05-25,Male,"28382 Lane Drives, East Scott, OH 18679",c2271ccc-569e-44ef-b978-ad97fbb93a8d
2080e131-8a0b-4c7c-9587-c75cbd4f6e64,Michael Stokes,bhumphrey@example.net,976.806.4828x7013,2004-04-14,Female,"940 Guzman Square Apt. 632, West Samanthaside, AL 15656",c2271ccc-569e-44ef-b978-ad97fbb93a8d
8fa93d81-e098-44d3-8bab-8b11440c4c67,David Hunt,madisonvelazquez@example.net,443.324.8501,2004-01-12,Male,"821 Ashley Crescent Apt. 915, North Alyssa, IN 39828",c2271ccc-569e-44ef-b978-ad97fbb93a8d
4afaabbb-100e-4b4d-b7a0-8bce8594f90c,Lori Francis,xkeith@example.com,9652964986,2006-11-21,Male,"31901 Pena Park, Williamborough, MI 00570",c2271ccc-569e-44ef-b978-ad97fbb93a8d
58dbd79a-3f70-4fdc-801a-7adc29d3fe7f,Scott Scott,npowell@example.org,2929458475,2005-04-20,Male,"009 Frederick Crescent, Richardsonside, DE 32551",c2271ccc-569e-44ef-b978-ad97fbb93a8d
c4f5b24b-2837-4f3a-a4c1-3bca43ee1b5f,Jared Wilkins,joshua46@example.net,625.449.0674x23998,2004-11-06,Male,"7375 Jeffrey Mountains, Louisport, VI 26929",c2271ccc-569e-44ef-b978-ad97fbb93a8d
fec357e6-d871-4367-92ec-349d0d31dcaa,Thomas Montgomery,reginataylor@example.com,001-908-392-2358x336,2007-02-10,Male,"25572 Rachel Gateway Apt. 051, New Rebecca, NV 49189",c2271ccc-569e-44ef-b978-ad97fbb93a8d
e08d85f4-987a-424a-b74f-b6517b65bcb9,Alison Colon,millerbob@example.org,670-372-0519,2007-03-12,Male,"54526 Autumn Plain, Williamsfort, AK 86710",c2271ccc-569e-44ef-b978-ad97fbb93a8d
485e92f6-7bfd-4e76-b383-f48920e8c5ae,Joseph Jenkins,davisdrew@example.org,926.670.0994x90334,2005-05-09,Male,"67934 Rachel Roads, Savagemouth, CO 23179",c2271ccc-569e-44ef-b978-ad97fbb93a8d
778e642c-0b8d-4614-b5ef-9725a3dde407,Teresa Lynch,erinfreeman@example.org,(219)903-1860,2004-04-23,Male,"3043 Mendoza Place Suite 684, Suttonburgh, NE 97785",c2271ccc-569e-44ef-b978-ad97fbb93a8d
d8f10392-9e64-400a-a780-c3a033b8765a,Ann Smith,zacharytownsend@example.org,2506724308,2003-03-20,Male,"930 Joseph Avenue Suite 653, South Alan, VT 00812",c2271ccc-569e-44ef-b978-ad97fbb93a8d
22b46d7e-cc69-4876-9db6-384241ccb701,Scott Watkins,chelsea63@example.com,001-840-234-2344x278,2005-10-08,Male,"05838 Chang Center Apt. 376, North Nicole, CA 59265",c2271ccc-569e-44ef-b978-ad97fbb93a8d
420c3003-6144-4a96-8b98-3bdac26eb1b9,Jeanette Davis,katrina62@example.net,312.223.7808,2006-07-10,Female,"7369 Washington Crossing, North Robyn, MS 18961",c2271ccc-569e-44ef-b978-ad97fbb93a8d
3523e79a-67ae-4595-b839-cff8be6b1396,Nicholas Hill,kperry@example.com,664.526.6038,2007-02-24,Male,"306 Moore Road Apt. 937, Mirandashire, SD 13734",c2271ccc-569e-44ef-b978-ad97fbb93a8d
90d1d426-28eb-48e3-9c89-197ad0af07a5,Carol Anderson,doylerobert@example.com,+1-987-852-9203x62099,2006-12-27,Male,"5118 Sheila Rapids Apt. 712, South Patricia, NH 21896",c2271ccc-569e-44ef-b978-ad97fbb93a8d
465bf71b-8888-4a1a-a033-830b28da5721,John Johnson,campbelllaura@example.com,001-882-266-0992x04646,2003-07-30,Male,"60855 Sparks Crossing Suite 923, New Dalestad, NE 50720",c2271ccc-569e-44ef-b978-ad97fbb93a8d
ee9052a1-c0e4-4d5d-9eb2-9f62d17e8406,Arthur Owens,chad24@example.org,+1-737-534-2748,2003-09-16,Female,"12756 Floyd Cape Suite 512, Hudsonborough, MP 61455",c2271ccc-569e-44ef-b978-ad97fbb93a8d
1b051efe-110c-4e9a-8548-24e7e2e8de54,Zachary Ruiz,rbarrett@example.com,(832)461-6840x07241,2002-07-27,Male,"32037 Mendoza Street, Lake Tammy, OR 71637",c2271ccc-569e-44ef-b978-ad97fbb93a8d
5c95d21d-35d3-4a11-9c37-094126a73de1,Jason Ford,amber66@example.com,+1-589-261-4431,2005-09-23,Female,"708 Stuart Pike Apt. 043, North Franciscochester, RI 46662",c2271ccc-569e-44ef-b978-ad97fbb93a8d
7637fb26-fa5c-43ed-83cd-0aa7568e79b7,Julie Ross,ismith@example.com,+1-929-973-9271x093,2003-05-02,Female,"122 Andrew Well Suite 441, Bennetthaven, NJ 97030",c2271ccc-569e-44ef-b978-ad97fbb93a8d
91299e77-c3eb-4bce-99bc-da71b49b99ce,Joseph Perry,osmith@example.net,(603)519-4020x947,2005-10-26,Male,"5169 Campos Creek, Ethanfort, NH 42474",c2271ccc-569e-44ef-b978-ad97fbb93a8d
9d61a9c3-c0e4-4443-8d74-fca4a1742a06,Danielle Pope,sheilahawkins@example.com,+1-641-993-6941,2005-01-01,Male,"00651 Leon Mission, Maxview, MT 39953",c2271ccc-569e-44ef-b978-ad97fbb93a8d
c31deb89-fe97-4131-9aab-918f19ee25a3,Jonathan Barajas,lisahorton@example.org,001-213-507-7554x595,2002-03-04,Male,"618 Trujillo Creek Apt. 791, South Jenniferhaven, CA 46416",c2271ccc-569e-44ef-b978-ad97fbb93a8d
d1a01156-ab84-42f8-9e7c-62e5c0f23b56,Alexandra Briggs,harringtonchristopher@example.net,566-834-9630x2937,2003-09-11,Female,"3708 Arias Key, Foxberg, ND 00581",c2271ccc-569e-44ef-b978-ad97fbb93a8d
43f3070d-707b-479e-9a65-92708c0a2228,Kelsey Herman,robert80@example.org,(736)387-5333x0446,2007-07-06,Female,"0497 Sullivan Locks, Kaylahaven, VI 51048",c2271ccc-569e-44ef-b978-ad97fbb93a8d
9573152c-b78d-4845-b7c8-49090f745568,Linda Reed,sleon@example.net,001-406-354-7028x051,2002-07-21,Female,"5767 Davis Meadows, Chavezfurt, VT 19925",c2271ccc-569e-44ef-b978-ad97fbb93a8d
ebb07f54-7f28-4b63-ab44-abde56d446ff,Curtis Thompson,mkelly@example.com,638-770-6679,2001-12-17,Female,"93039 Anthony Burg, North Chad, ID 80331",c2271ccc-569e-44ef-b978-ad97fbb93a8d
f6b445fa-298b-44cb-8408-a75c6f19410e,Crystal Hunt,gregorywilcox@example.org,001-905-603-0738x83756,2006-05-28,Male,"471 Lutz Forest Apt. 559, New Reginaldtown, HI 67536",c2271ccc-569e-44ef-b978-ad97fbb93a8d
9bff3d80-b7e7-40e4-880c-40638e5e188c,Rebecca Goodwin,fuentespatrick@example.net,270-326-1629,2001-12-09,Male,"9726 Savage Mountain, Karlatown, FM 07697",c2271ccc-569e-44ef-b978-ad97fbb93a8d
34bd2d25-f17a-4844-9241-749e9d0d68a5,Jennifer Wilson,alexandrareid@example.net,+1-489-893-8161,2007-02-01,Female,"1603 Frank Points Apt. 633, Port Bryanmouth, MS 48199",c2271ccc-569e-44ef-b978-ad97fbb93a8d
bf764238-4d08-41a9-bee8-9244a999e34e,Michael Williams,markcook@example.com,620-237-3657,2007-07-20,Male,"Unit 1495 Box 3813, DPO AE 50049",c2271ccc-569e-44ef-b978-ad97fbb93a8d
da7d4136-b32e-411c-9eb7-b0f6bddfed2d,Jordan Johnson,johnsonjeremy@example.net,904.308.7339,2003-10-06,Male,"43177 Rowland Springs, Thompsontown, MO 68423",c2271ccc-569e-44ef-b978-ad97fbb93a8d
772c402f-11f8-486a-a298-56c60bf08721,Toni Charles,floresedward@example.com,982.821.2462x76966,2007-01-24,Female,"08009 Michael Corner Apt. 371, North Stephanie, WV 53957",c2271ccc-569e-44ef-b978-ad97fbb93a8d
be9490c8-9a64-4ce5-af38-646ddf2ac3c4,Matthew Davis,candace87@example.com,(653)633-5273,2004-08-09,Female,"47835 Young Station Suite 648, West Elizabeth, AK 14537",c2271ccc-569e-44ef-b978-ad97fbb93a8d
03b2baf6-abb3-4fef-8ca7-3892333eb96e,Kenneth Brown,burkerebecca@example.org,607-482-2712x65339,2002-11-13,Male,"6387 Taylor Spring, North Jeremiah, RI 59376",c2271ccc-569e-44ef-b978-ad97fbb93a8d
6698ef03-279e-46cf-8479-fd45abe06f5e,Ryan Palmer,alvaradobrian@example.org,001-697-684-8219x8385,2006-01-28,Female,"2441 Karen Stream Apt. 271, Sarahberg, MD 82384",c2271ccc-569e-44ef-b978-ad97fbb93a8d
96d8c1ec-4594-42bf-a1ba-45e569166720,Ruth Valdez,hoffmanlisa@example.net,(441)660-0059,2007-04-08,Female,"34476 Williams Centers Apt. 359, Lake Heatherhaven, GA 21375",c2271ccc-569e-44ef-b978-ad97fbb93a8d
8e005b90-de8d-4e43-8f67-72b9bab23c77,David Wagner,tony80@example.com,001-407-772-8866x1837,2005-12-26,Male,"2899 Gonzalez Via Apt. 534, New Sierra, PW 80430",c2271ccc-569e-44ef-b978-ad97fbb93a8d
60a0fc24-7fc4-4fc8-94d7-8f2ae26b9de6,Jason Cruz,dariusdiaz@example.org,432-426-4206,2005-03-13,Female,"58881 Thomas Grove, New Mercedeshaven, AK 55540",c2271ccc-569e-44ef-b978-ad97fbb93a8d
50dcef60-0a45-43c7-8299-16af6d0c99de,Melanie Wilkins,cgonzalez@example.org,371-363-3510,2003-10-01,Female,"640 Justin Harbor, Martinezfort, ME 75608",c2271ccc-569e-44ef-b978-ad97fbb93a8d
2d4ff954-c4f4-4372-a5a2-86f4de0882ce,Meghan Thomas,joe91@example.com,(519)350-3072x1255,2005-04-07,Female,"797 Mariah Dam, Jodibury, NM 49416",c2271ccc-569e-44ef-b978-ad97fbb93a8d
a4cc9867-745c-49ab-82c5-b220bb70ab9e,Fernando Meyer,yrichards@example.com,889.981.6845x21350,2003-01-26,Female,"6513 Karen Spurs, Lake Pennyville, GA 42359",c2271ccc-569e-44ef-b978-ad97fbb93a8d
839b5124-9211-4d19-a58a-b6b8b37939b5,Jacob Griffin,qpalmer@example.org,(499)404-8198,2004-07-13,Female,"44297 Diane Gardens Suite 554, Meyerberg, OR 14810",c2271ccc-569e-44ef-b978-ad97fbb93a8d
3372723d-9633-4a66-9f02-3bc53565211c,Lauren Carter,hrios@example.org,483-710-8043x09794,2004-08-23,Male,"433 Brandon Gateway, Amberfort, AK 86462",c2271ccc-569e-44ef-b978-ad97fbb93a8d
66235cea-18c7-410d-860f-2dc03cfbeb62,Tyler Perez,megan22@example.net,001-958-502-8912x5451,2005-09-17,Female,"74118 Walker Views, North Tabitha, AS 88950",c2271ccc-569e-44ef-b978-ad97fbb93a8d
bc2c7e1e-182d-404b-bf31-e1ae391098da,Denise Thomas,ivaldez@example.org,(838)335-6407x72284,2007-11-13,Male,"57582 Allen Bridge, Shannontown, RI 05165",c2271ccc-569e-44ef-b978-ad97fbb93a8d
7edda8ac-bde4-4fa4-8756-0fbdca00e09b,Christopher Rowe,betty85@example.com,2586204964,2005-01-29,Female,"56916 Patricia Tunnel Suite 843, Tracymouth, PW 70034",c2271ccc-569e-44ef-b978-ad97fbb93a8d
00164a99-a70c-464a-b90b-d3574ae9dba0,Rebecca Vargas,ramosterrance@example.net,(757)209-4216,2007-07-04,Female,"0637 Jessica Groves, Martinezhaven, NV 30774",c2271ccc-569e-44ef-b978-ad97fbb93a8d
2ba51843-412b-460c-90ca-2063ac3accf7,Phillip Dean,tholloway@example.com,(788)931-7694x66266,2005-10-22,Female,"17164 Kathryn Terrace Apt. 819, Ramirezfort, FL 77433",c2271ccc-569e-44ef-b978-ad97fbb93a8d
804c467b-e491-43a5-8eea-07771f187c41,Tracy Ferguson,smorton@example.com,8465170691,2005-06-17,Male,"9800 Amanda Points Suite 638, Brandyberg, NC 90077",c2271ccc-569e-44ef-b978-ad97fbb93a8d
a7ce2836-8e16-406a-9d65-0d576f2dd3db,Mario Coleman,russojames@example.net,(496)742-2476,2003-01-10,Female,"4578 Joyce Mills, Hudsonland, VA 80175",c2271ccc-569e-44ef-b978-ad97fbb93a8d
7c7c4ada-cd37-465d-8b01-6e9880fef9d9,Angela Avery,jesse95@example.com,+1-434-904-6257,2004-01-26,Male,"593 Ortega Plains Suite 535, Austinport, CO 92652",c2271ccc-569e-44ef-b978-ad97fbb93a8d
5d387db6-beac-4690-ab7e-d827835620bd,John Walker,crystalrogers@example.com,(565)782-3067x02648,2004-09-20,Male,"1162 Michael Streets, Stephaniemouth, ME 83773",c2271ccc-569e-44ef-b978-ad97fbb93a8d
9c64aae4-96d4-4cf3-8d84-25a83ed45d99,Joshua Green,kimberlyelliott@example.org,(451)661-2609,2003-08-01,Male,"301 Williams Greens Apt. 112, East Megan, OR 44246",c2271ccc-569e-44ef-b978-ad97fbb93a8d
f86e1df6-923c-4737-b340-17c34a7e6163,Shaun Shepard,sarahcervantes@example.com,(656)926-4900,2003-11-15,Female,"491 Elliott Brooks, South Noah, AK 12392",c2271ccc-569e-44ef-b978-ad97fbb93a8d
bed0ca9c-97dd-4ed5-8170-b74ee34e6930,Laura Page,jacqueline07@example.com,912-743-0318,2003-04-03,Female,"56193 Stevens Spring, New Stephanie, CT 10896",c2271ccc-569e-44ef-b978-ad97fbb93a8d
34fd1c9d-dcce-4506-a0ee-55206572e870,Ryan Elliott,youngfrank@example.net,886.793.5161x2620,2002-06-18,Male,"681 Johnson Oval Apt. 201, Christopherport, NJ 68837",c2271ccc-569e-44ef-b978-ad97fbb93a8d
240c9602-71c7-4a4a-9bff-7e95b50dfed8,Tracey Saunders,bsmith@example.org,242.670.8834,2006-10-18,Female,"43655 Ryan Brook, Michaelbury, ID 75216",c2271ccc-569e-44ef-b978-ad97fbb93a8d
c38e4b16-1826-439a-adc2-1a1d4cd90dbf,Michael Rogers,holdenolivia@example.org,+1-779-203-9029x4455,2003-07-17,Female,"4364 Joshua Parkways Apt. 157, North Jimmy, WV 41356",c2271ccc-569e-44ef-b978-ad97fbb93a8d
10c16016-3be2-486b-9a68-e2b6bb1b6314,Eric Green,foxmichael@example.com,001-227-500-1363,2007-09-20,Male,"49073 Hunter Stream Suite 389, Vickietown, PR 82092",c2271ccc-569e-44ef-b978-ad97fbb93a8d
8c3e83fb-b7b9-4e5c-83d1-3d8a0a877941,Patricia Barton,garciamark@example.com,+1-770-352-3268x076,2003-11-15,Male,"84743 Rivera Tunnel, Williamsstad, GU 31306",c2271ccc-569e-44ef-b978-ad97fbb93a8d
c3687098-d044-4482-8c10-c89831d4f05e,Andre Jackson,qgonzales@example.net,561-286-0383x963,2006-07-27,Female,"635 Elizabeth Garden, New Jessica, AK 29905",c2271ccc-569e-44ef-b978-ad97fbb93a8d
17be69cc-776e-48cb-8129-cbc4c9161d46,Timothy Hays,erica14@example.com,+1-741-525-9911x01594,2002-09-11,Male,"5690 Brenda Points, Shanefurt, UT 01751",c2271ccc-569e-44ef-b978-ad97fbb93a8d
8deded09-518f-4ea5-878d-288296651651,Chase Kemp,perezgabriel@example.net,365-992-0773x45562,2007-10-15,Male,"72291 Chambers Squares, West Gregory, GU 53313",c2271ccc-569e-44ef-b978-ad97fbb93a8d
1077aa26-9309-43ee-a138-43b0f2806b12,Andrea Evans,caldwelljon@example.org,555-398-8102,2003-02-12,Female,"2275 Hunter Crest, Port Davidstad, PA 44258",c2271ccc-569e-44ef-b978-ad97fbb93a8d
9ffa46a7-15be-4a6b-bf4d-5794b78afbbd,Kayla Thompson,lauren04@example.com,001-747-916-1950x1104,2004-10-27,Male,"0749 Miller Union Suite 920, Kennethland, WY 89487",c2271ccc-569e-44ef-b978-ad97fbb93a8d
6a28b269-5db5-45c1-a836-602f6fd311d3,Raymond Carter,samantha86@example.net,001-289-752-2669,2003-01-08,Female,"01155 Vaughn Groves, New Williammouth, WA 05799",c2271ccc-569e-44ef-b978-ad97fbb93a8d
585dcfc6-038f-495d-98f7-ac5afa4754bb,Amanda Serrano,knightlaura@example.net,001-261-800-8623x863,2006-08-01,Male,"12810 Washington Manor Suite 486, West Tina, IN 24820",c2271ccc-569e-44ef-b978-ad97fbb93a8d
cbae3d14-b332-4d31-83b4-b8ea6de21b4b,Christopher Garcia,brownzachary@example.com,(787)951-2758,2005-01-08,Male,"12714 Simpson Union, Franciscoshire, MT 35759",c2271ccc-569e-44ef-b978-ad97fbb93a8d
7fdab6c5-c00e-42d3-b5dc-9a964a047ea4,Anthony Sanders Jr.,dannytanner@example.org,699.242.9243,2003-09-30,Male,"004 Reynolds Grove, East Ian, HI 47335",c2271ccc-569e-44ef-b978-ad97fbb93a8d
95cc81eb-0e86-4c9e-be3e-fe3fc1f0ac3f,Mary Bowman,littlekathleen@example.org,607-545-0541x8406,2006-03-09,Male,"33261 Michael Cliff Suite 244, Bakerchester, CT 66275",c2271ccc-569e-44ef-b978-ad97fbb93a8d
dc95017e-fe6e-4c4e-9e27-5a2ec00017fe,Crystal Hayes,jennifer04@example.org,+1-727-281-4729x692,2003-12-20,Male,"966 Jamie Oval, Sheilahaven, DE 81355",c2271ccc-569e-44ef-b978-ad97fbb93a8d
e83fd51a-5233-405e-b975-efc6518f892c,Ariel Washington,victoria49@example.com,678.879.4327,2002-08-16,Male,"127 Barker Trail, East Cynthia, CO 43711",c2271ccc-569e-44ef-b978-ad97fbb93a8d
b4bc91ba-7b2e-4c40-ba6d-9dab0c28ad21,Natalie Park,perrybianca@example.net,(966)356-4883,2007-10-24,Female,"389 Williams Glen Suite 105, Lake Lisafurt, FM 49942",c2271ccc-569e-44ef-b978-ad97fbb93a8d
31abe3b9-ded9-43c1-8df8-bfc5ca928656,Christina Barnes,daniel93@example.com,001-811-514-4222x22473,2003-03-22,Female,"045 Evan Stream Apt. 805, New Adrian, DE 16022",c2271ccc-569e-44ef-b978-ad97fbb93a8d
b9eb8e8d-d34b-49fd-81c6-b6b0aed88887,Michael Ayala,mwarren@example.com,001-909-631-4990,2005-04-26,Female,"179 Andrews Light, Zacharyborough, SD 12889",c2271ccc-569e-44ef-b978-ad97fbb93a8d
7f099bb6-f6f6-41df-8bcb-f20bb05e42dc,Rebecca Moore,tuckerrobert@example.com,851-997-9572x457,2004-07-16,Male,"53551 Torres Knoll Suite 123, East Joann, NC 08052",c2271ccc-569e-44ef-b978-ad97fbb93a8d
843ae92e-8c6c-483d-8397-0bc8ef8151f5,Melissa Williams,wwatson@example.org,7739982606,2002-01-22,Female,"5807 Thompson Plaza, Lake Shannon, OK 26001",c2271ccc-569e-44ef-b978-ad97fbb93a8d
98368190-3b2a-4bce-8d0f-203ff32f68c0,Sonya George,cody32@example.net,452.646.7544,2007-02-05,Male,"526 Moore Junction Suite 478, Port Cory, WY 21364",c2271ccc-569e-44ef-b978-ad97fbb93a8d
c5e41799-1632-49dd-9590-b33ee1f0dcfc,Charles Sanders,harperchristine@example.net,606-784-0317,2005-07-18,Female,"749 Amy Stream, Nielsenborough, TN 47152",c2271ccc-569e-44ef-b978-ad97fbb93a8d
36736320-7ce3-455f-b126-4491f930a8f8,Patricia Davis,hillkathleen@example.net,700-924-9781x123,2002-03-01,Male,"6109 Jason Court Suite 717, Omarhaven, MH 13785",c2271ccc-569e-44ef-b978-ad97fbb93a8d
f67b1037-6bbf-4475-b1aa-c1ec71e3c380,Michael Long,ccoleman@example.net,+1-429-304-6430x32567,2002-01-18,Male,"650 Kyle Viaduct Apt. 275, Martinstad, NC 95282",c2271ccc-569e-44ef-b978-ad97fbb93a8d
a8dde461-dd0f-4d40-95da-4eb16818cc24,Joshua Levy,watkinsabigail@example.net,(672)306-0714x21767,2004-07-26,Female,"USCGC Perry, FPO AA 86990",c2271ccc-569e-44ef-b978-ad97fbb93a8d
035bddca-8ee8-47a0-a337-80bc489d6642,Jose Wiggins,justingalvan@example.com,+1-784-908-2902,2003-11-23,Female,"2341 Curry Estate, South Krista, AL 20663",c2271ccc-569e-44ef-b978-ad97fbb93a8d
7baf3a6c-f8e1-4dd6-a20b-37c737595083,Victor Cook,freemandonald@example.org,9763816003,2002-01-07,Female,"96066 Cheryl Manors Apt. 402, New Pamelachester, MA 44283",c2271ccc-569e-44ef-b978-ad97fbb93a8d
fbe412fd-75de-4b44-997c-95bbffcbfe91,Hannah Fisher,murphyjeremy@example.com,+1-851-915-6730x7468,2002-02-06,Female,"54289 Parker Trafficway Apt. 599, Amberbury, CA 62442",c2271ccc-569e-44ef-b978-ad97fbb93a8d
2ebe057f-2eef-4522-97e4-119c290da007,Scott Coffey,olivergregory@example.com,285-921-0078x221,2006-02-10,Male,"1332 Manuel Burg Apt. 433, Gilbertton, TN 51344",c2271ccc-569e-44ef-b978-ad97fbb93a8d
cf64bd60-c10f-43f1-bfc3-89010cbd69bc,Jeffrey Bell,fparker@example.org,001-243-571-0447x207,2006-07-17,Female,"58174 Shelton Forge Suite 931, Garzaborough, OK 01417",c2271ccc-569e-44ef-b978-ad97fbb93a8d
a13a4590-5bf0-4929-a530-afd08faa80da,Nathaniel Kim,donovanmichelle@example.org,+1-891-562-3528x346,2004-09-03,Female,"4576 Ashley Wall, Danielschester, LA 65981",c2271ccc-569e-44ef-b978-ad97fbb93a8d
ccef44cd-2a74-4a2b-98ac-aefbe22d4f17,Monica Davis,peterzuniga@example.org,273.842.3496,2003-04-08,Male,"556 Miller Causeway, Port Christopher, ND 91367",c2271ccc-569e-44ef-b978-ad97fbb93a8d
7e9f1636-23ec-4ef3-9208-8fbdae1fcc31,Steven Mitchell,dgarcia@example.com,846.880.4630x184,2007-09-24,Male,"16894 Lisa Pines Suite 269, Georgeshire, PW 14016",c2271ccc-569e-44ef-b978-ad97fbb93a8d
449fbc07-a3b6-4dff-bebf-8602ff58538a,Sara Scott,carolynmason@example.net,001-915-664-1295x8655,2002-01-02,Female,"619 Danielle Ridge Apt. 273, Robertstad, VT 82507",c2271ccc-569e-44ef-b978-ad97fbb93a8d
ce14e730-2def-49bc-8c92-f6cbe40001c8,Sandy Beck,tammy27@example.com,453.306.6442x212,2002-04-23,Male,"949 Alvarado Isle Apt. 421, Port Tammieside, TX 18760",c2271ccc-569e-44ef-b978-ad97fbb93a8d
42ddbd51-a1c4-4bb1-8d68-5a810074800c,Joseph Kerr,elliottkevin@example.org,8204934937,2005-10-18,Male,"0289 Miller Brooks, New Robertburgh, KY 76950",c2271ccc-569e-44ef-b978-ad97fbb93a8d
7fd8fca2-3fbe-4cc9-8006-89b7b2e12b3c,Emily Washington,michelelucero@example.net,917-649-3479,2004-05-12,Male,"2137 Carr Groves, Cannonfort, PR 75214",c2271ccc-569e-44ef-b978-ad97fbb93a8d
61ff6b72-4ed8-4579-b6eb-951048f440a8,Shawn Bryant,youngandrea@example.net,795.669.9623,2005-02-06,Male,"33861 Victoria Centers, West Jennifer, UT 31272",c2271ccc-569e-44ef-b978-ad97fbb93a8d
d99c9370-0313-4923-aeab-391f345da81d,Caroline Murphy,edward31@example.org,001-819-674-1202x0723,2003-04-30,Female,"PSC 4837, Box 0152, APO AE 36139",c2271ccc-569e-44ef-b978-ad97fbb93a8d
b384c181-33b6-4d3b-a72c-cd97ce5a609b,Jeffrey Burnett,zmarshall@example.com,(454)752-2662x762,2001-12-09,Female,"6589 Blankenship Ports Suite 136, Port Angela, MH 67872",c2271ccc-569e-44ef-b978-ad97fbb93a8d
5a50bbae-98c6-4ad7-a278-9b3fc1b5cee5,Anne Duncan,kathleen69@example.com,397-848-0472x37512,2002-02-27,Female,"9016 Sexton Rest Apt. 710, Lake Ashley, RI 20716",c2271ccc-569e-44ef-b978-ad97fbb93a8d
7320768a-6482-4fca-be1f-7e447893702a,James Clark,sandersamber@example.net,+1-690-685-1610x57050,2007-04-15,Female,"PSC 7940, Box 0231, APO AE 29696",c2271ccc-569e-44ef-b978-ad97fbb93a8d
22b672de-8765-47d0-81fe-33dd48735bd2,Brad Golden,uriddle@example.net,9267450807,2004-01-19,Male,"1791 Jerry Orchard Suite 476, Victoriaville, DE 48993",c2271ccc-569e-44ef-b978-ad97fbb93a8d
c0d6875a-3d80-4546-8f50-7c4eafcd0f28,Zachary Norman,brenda59@example.net,+1-423-625-4702x8158,2004-10-05,Female,"USCGC Tran, FPO AA 41309",c2271ccc-569e-44ef-b978-ad97fbb93a8d
8d1e534f-74db-4618-9bf6-ff2f182d58a2,Mary Cain,maldonadomatthew@example.com,(417)636-6784x34125,2007-04-06,Female,"5081 Young Row Suite 844, New Emilymouth, RI 95616",c2271ccc-569e-44ef-b978-ad97fbb93a8d
247cc5ff-5da1-4a6f-9821-590dc9ebf1cb,Kyle Bowman,asmith@example.org,001-286-930-6190x7485,2006-04-14,Female,"435 Rebecca Ridges, Michaelside, AR 15509",c2271ccc-569e-44ef-b978-ad97fbb93a8d
d0189023-bb24-4020-b142-5ed3c6137bdb,Angela Humphrey,sholland@example.com,490.777.2040x50723,2002-06-13,Female,"56978 John Path Suite 632, Sharonhaven, AS 95879",c2271ccc-569e-44ef-b978-ad97fbb93a8d
ecfd41c6-9034-4530-abf8-beeb257f6dce,Gregory Baird,blanchardroger@example.com,245.651.7593,2003-04-11,Male,"79039 Stephanie Mission Suite 027, Raymondberg, OH 50072",c2271ccc-569e-44ef-b978-ad97fbb93a8d
4df6eba8-a1f9-4824-8e11-604d48e2122b,Wayne Garcia,smithchristopher@example.net,487-402-8344x15345,2006-01-08,Female,"742 Nunez Coves, Lake Michaelland, TX 63203",c2271ccc-569e-44ef-b978-ad97fbb93a8d
6b3a5972-64ba-4d5b-960e-ae2d96c87f55,Andrew Johnson,castillojohn@example.com,(463)321-7960x017,2005-04-10,Female,"94837 Porter Road Suite 331, Robertmouth, IA 70358",c2271ccc-569e-44ef-b978-ad97fbb93a8d
b146480e-a5db-4acc-af94-51e40a2cd1c0,Gregory Roth,shanebauer@example.org,(862)253-7507,2007-02-02,Male,"464 Murray Avenue Suite 075, Ewingview, GU 84145",c2271ccc-569e-44ef-b978-ad97fbb93a8d
c3761e16-70aa-4a34-9e94-630e43f2b68f,Makayla Lopez,xperry@example.org,001-613-497-1675x55250,2002-05-02,Male,"Unit 4622 Box 8049, DPO AP 40012",c2271ccc-569e-44ef-b978-ad97fbb93a8d
2ae76cfe-a2cf-4747-8197-65f609e99f5c,Christopher Garcia,matthewmann@example.org,+1-459-289-7811x8113,2005-04-08,Female,"414 Galloway Meadow, South Michael, FM 21912",c2271ccc-569e-44ef-b978-ad97fbb93a8d
6d19c567-6871-4b81-9023-801101d960c7,Kyle Reed,darrenkelly@example.net,259.829.3149,2003-11-13,Male,"8882 Aaron Wells, Lake Zachary, SC 23631",c2271ccc-569e-44ef-b978-ad97fbb93a8d
79b14cb3-0d0c-4440-ba46-2ae841e60dfa,David Hensley,bavila@example.org,498-949-4865x65184,2004-09-25,Female,"835 Davis Mission Suite 170, Francisborough, NE 95849",c2271ccc-569e-44ef-b978-ad97fbb93a8d
ea43975d-c1f5-4bbc-aa88-a47831ad6eb3,Colleen Brown,ericamoore@example.org,710-376-4345,2005-10-23,Male,"52053 Jose Ford, East Walter, NE 94590",c2271ccc-569e-44ef-b978-ad97fbb93a8d
939ad88f-56bc-4c19-a15d-61477520d090,Tyler Adams,hollowayjustin@example.org,001-594-981-0438x46173,2004-01-14,Female,"23348 Felicia Village Apt. 901, Sethberg, RI 45020",c2271ccc-569e-44ef-b978-ad97fbb93a8d
e00e4e01-4785-414d-bae1-3f70fc472100,Sarah Hartman,tgentry@example.net,653.251.6773x9453,2005-05-24,Male,"99174 Lewis Shore Apt. 449, Jasonville, GU 17357",c2271ccc-569e-44ef-b978-ad97fbb93a8d
13b90a11-a131-4def-8f20-14442cb09511,Kathryn Spence,shawnramos@example.com,8837355081,2002-01-16,Female,"Unit 1474 Box 0478, DPO AA 54674",c2271ccc-569e-44ef-b978-ad97fbb93a8d
cdb071c7-2227-4296-85c1-b79a716231b9,Jeremy Le,angela61@example.org,(388)852-1215,2006-05-31,Male,"20838 Hart Mill Apt. 020, New Erikaburgh, PA 40439",c2271ccc-569e-44ef-b978-ad97fbb93a8d
958efc12-80ce-491d-937e-5b7515604cdf,Scott Mills,colinbradley@example.net,796-527-8854x793,2007-11-26,Male,"83086 Ricky Mount, East Tylerport, MD 66550",c2271ccc-569e-44ef-b978-ad97fbb93a8d
ee3324f4-87b2-4523-80cc-97efa1c542c0,Dana Smith,johnsonjamie@example.net,+1-548-786-7194,2007-08-27,Male,"3373 Crawford Street Suite 604, Abbottfurt, MS 62798",c2271ccc-569e-44ef-b978-ad97fbb93a8d
c93ca0b7-baa3-406f-831f-0225d1ab3f8a,Paul English,dcollins@example.org,(611)361-4320x7983,2002-05-01,Female,"960 Landry Stravenue, Lake Randall, ME 77649",c2271ccc-569e-44ef-b978-ad97fbb93a8d
ca87113c-7ea1-4f5c-b858-8a9bdd27a5e6,John Livingston,vargasjoseph@example.org,001-314-538-0172x1348,2005-07-22,Female,"8143 Christy Cape, Johnside, NC 95961",c2271ccc-569e-44ef-b978-ad97fbb93a8d
fb0f41ba-0e86-4a23-9a58-64aeecb17b2e,Oscar Bryan,mariafoley@example.net,309-946-3187x28959,2006-06-24,Female,"789 James Mount, Lake Karen, MS 90516",c2271ccc-569e-44ef-b978-ad97fbb93a8d
a59ee7e4-f195-4ff1-b0d7-f2e2ac68dc45,Alexander Hansen,julia01@example.com,+1-970-231-7184x20670,2003-11-25,Male,"PSC 5610, Box 6972, APO AP 58545",c2271ccc-569e-44ef-b978-ad97fbb93a8d
95560399-4ff9-447f-9d7a-b6ced221d39f,Scott Allison,llopez@example.net,(544)662-4847x50208,2003-05-05,Male,"31616 Miles Station, Cannontown, MS 66453",c2271ccc-569e-44ef-b978-ad97fbb93a8d
fedea8eb-31a0-4877-9d72-75b45c0db35d,Chloe Dillon,dunnjerry@example.com,(759)582-9958,2002-12-26,Female,"Unit 4256 Box 0555, DPO AA 54966",c2271ccc-569e-44ef-b978-ad97fbb93a8d
d6bd96ff-48c5-4328-9d30-9554e81d96e3,David Mckee,rowemelinda@example.org,853-862-6165x947,2003-01-18,Female,"USNV Owens, FPO AP 86766",c2271ccc-569e-44ef-b978-ad97fbb93a8d
c582077c-a862-4dfa-a9d7-8004557883aa,Jennifer Velasquez,thomasalicia@example.org,001-345-535-1766x969,2002-08-14,Male,"3888 Russell Centers, Lake Davidbury, TX 04342",c2271ccc-569e-44ef-b978-ad97fbb93a8d
8af05ba4-50de-483a-b7cb-ae345187de5b,Justin Adams,amandastevens@example.com,(522)802-9757x571,2005-06-22,Female,"58762 Ashley Mews, East Stephanieport, FM 83355",c2271ccc-569e-44ef-b978-ad97fbb93a8d
533c404a-cd16-4139-be97-243d53116bad,David Johnston,bguerrero@example.com,001-366-385-6833x3998,2002-03-22,Female,"USNV Bailey, FPO AP 19568",c2271ccc-569e-44ef-b978-ad97fbb93a8d
9749dea1-cdb2-40ae-b261-71baa0b53fa9,Ann Blanchard,brownmelissa@example.org,986.544.8736x377,2003-07-02,Female,"416 Jose Creek Apt. 043, East Morganville, ID 78032",fba2ca4e-a6cc-46e9-b946-202cf13058ee
fcc6595b-19c4-4904-800c-01f152fffeaf,Jennifer Evans,tinagregory@example.com,3505086197,2006-03-29,Male,"4713 Jeffery Harbor Suite 492, New Alex, NM 69474",fba2ca4e-a6cc-46e9-b946-202cf13058ee
0678be7a-adcb-4bae-b743-3ffbcb06a82c,Brett Owens,tanyaspencer@example.com,001-543-736-8579x67773,2007-07-25,Male,"9245 Joshua Mission Apt. 916, South Lindastad, IA 06819",fba2ca4e-a6cc-46e9-b946-202cf13058ee
dfde01e6-73dc-476a-85a5-833b50af11d2,Tara Jones,andersonandrew@example.org,939.452.4286,2007-01-07,Female,"84031 Chelsea Crescent, New Jean, IA 86844",fba2ca4e-a6cc-46e9-b946-202cf13058ee
9fcccc97-da52-48e0-92c1-db6623e132c5,Rodney Leonard,walkerjorge@example.com,+1-886-852-3905x725,2003-02-03,Male,"67969 Jeffrey Hill Suite 814, New Andrewshire, HI 15524",fba2ca4e-a6cc-46e9-b946-202cf13058ee
264980b0-374d-4809-868c-95d84435f5b8,Kyle Ward,klinedevon@example.org,(798)825-8282x186,2004-12-08,Male,"10052 Gregory Ways, Parkermouth, VT 05789",fba2ca4e-a6cc-46e9-b946-202cf13058ee
18609ac4-2061-4f4b-9500-48b1b7f576d7,Dennis Moore,holly52@example.org,585.801.7275x12968,2004-08-12,Male,"PSC 5383, Box 6469, APO AA 81399",fba2ca4e-a6cc-46e9-b946-202cf13058ee
fde2b51b-7a5e-408a-8d27-6893f9e91384,Kathleen Jones,bryanallen@example.com,(951)746-2102,2007-08-26,Male,"4923 Bradley Grove, North Ericaton, KY 69927",fba2ca4e-a6cc-46e9-b946-202cf13058ee
e0e93515-47fc-4588-981c-1474c1d76ab8,Erica Allen,amandagolden@example.com,259-892-7969,2006-08-11,Male,"28796 Williams Trafficway, South Eric, TX 30219",fba2ca4e-a6cc-46e9-b946-202cf13058ee
409af852-6bf6-4499-ae24-e0c9212249f2,Stephanie Preston,garciabrittany@example.org,001-560-243-8405x785,2007-07-16,Male,"6316 Watson Manor Suite 386, West Elizabethland, MA 65246",fba2ca4e-a6cc-46e9-b946-202cf13058ee
1268d57d-d1ce-499d-8aba-8c74a8bfd12d,Samuel Evans,rachaelpark@example.net,456.389.6414x06507,2002-12-16,Male,"2393 Crosby Tunnel Suite 121, Smithshire, GA 62886",fba2ca4e-a6cc-46e9-b946-202cf13058ee
3b98a576-f515-4d7c-aec6-261da10e28cb,Jose Bradley,lawrencejacqueline@example.com,991.692.7876x845,2002-12-18,Male,"8278 Choi Locks Suite 158, East Bradley, PW 82879",fba2ca4e-a6cc-46e9-b946-202cf13058ee
dbdf4538-853d-4d6c-9c0c-81e68b7d00e9,Mark Kennedy,achambers@example.com,297-698-3351x147,2003-04-16,Female,"92343 Barton Stravenue, New Nicoleton, MI 52458",fba2ca4e-a6cc-46e9-b946-202cf13058ee
fc4d2b3b-8ac2-43a2-8d9f-ac2f4fd3b476,Rhonda King,andrew29@example.net,+1-455-777-5593x752,2002-01-10,Female,"189 Cooke Views, North Lindsayborough, NM 95724",fba2ca4e-a6cc-46e9-b946-202cf13058ee
e3dd03c7-0fad-454f-a4aa-851d7ecb4f39,Mary Norton,callahanrebecca@example.org,(482)219-6753x710,2003-03-17,Male,"536 Todd Brooks Apt. 991, Tinamouth, SC 22384",fba2ca4e-a6cc-46e9-b946-202cf13058ee
e0b4e09a-7202-4041-958f-a49723f02289,Michael Rodriguez,zlloyd@example.net,530.769.4921x5055,2007-09-16,Female,"89341 Horton Corners, New Mark, SC 55997",fba2ca4e-a6cc-46e9-b946-202cf13058ee
7243e950-76a9-4b29-932e-3877fcded76e,Jeff Roberts DVM,pzuniga@example.org,(210)696-0366,2002-04-29,Female,"6418 Fletcher Keys, South Crystal, OH 41617",fba2ca4e-a6cc-46e9-b946-202cf13058ee
e6f64db9-e87f-498a-ae1d-6ce29800af27,William Vincent,umcdaniel@example.org,757.627.0255x1868,2006-06-30,Female,"9572 Gardner Villages Suite 928, Lake Nicoleview, IA 14569",fba2ca4e-a6cc-46e9-b946-202cf13058ee
b0dd6910-03fa-4b3c-8461-e44ae950906a,Katie Smith,ctaylor@example.com,531-872-3397x4204,2003-09-29,Female,"4734 Hoffman Fort, East Taylor, CA 33295",fba2ca4e-a6cc-46e9-b946-202cf13058ee
5f3babed-773e-4d14-8bba-6ae33811f1e1,Patrick Hoffman,ubrown@example.org,(703)220-9696,2002-02-07,Female,"71031 Stanley Ports, Louisstad, NY 11890",fba2ca4e-a6cc-46e9-b946-202cf13058ee
ddf9961f-fe89-44bd-b2aa-7359b7cb5dff,Dr. Robert Johnson,fwong@example.net,871-668-5110,2004-11-26,Female,"849 Meghan Trail, Markville, MI 96688",fba2ca4e-a6cc-46e9-b946-202cf13058ee
0f56d8a3-8512-44fa-917e-bd33f68dd3d5,Jennifer Bryant,vwalker@example.net,524-504-7706,2007-03-18,Female,"073 Rodriguez Parks, West Mollyfort, LA 50925",fba2ca4e-a6cc-46e9-b946-202cf13058ee
d4cc997c-e781-4ad9-a1bc-3db6bcf64977,Austin Jordan,eric48@example.net,001-671-909-7843,2002-04-18,Male,"820 Lindsey Highway, Scottside, IA 39255",fba2ca4e-a6cc-46e9-b946-202cf13058ee
35a44d8e-9ae4-4553-b47a-1d4d7a7732fa,Christopher Buchanan,baileykevin@example.org,603-708-4854x62503,2006-12-28,Male,"288 Ryan Inlet, Port Michelleton, WV 84646",fba2ca4e-a6cc-46e9-b946-202cf13058ee
39badfac-18c2-4e39-9f0d-995e71ab6f4b,Robert Barnes,anthony18@example.com,001-883-288-7162x93452,2005-07-25,Male,"42388 Courtney Crest Suite 600, North James, MD 59881",fba2ca4e-a6cc-46e9-b946-202cf13058ee
9cf08b45-841b-46e3-89c5-7c345d832e39,Luis Wright,uhampton@example.org,895.955.6202x642,2006-07-14,Female,"5979 Howell Course, Kathrynborough, CO 93867",fba2ca4e-a6cc-46e9-b946-202cf13058ee
5c3e876e-faa2-45b6-bddc-34b5f92c3c85,James Molina,alvarezrebecca@example.com,(905)837-0919,2003-09-11,Female,"98088 Robert Ridge Suite 230, Port Lesliemouth, SD 23154",fba2ca4e-a6cc-46e9-b946-202cf13058ee
e9410b27-0034-4ba5-b14a-4c35993ce91e,Sharon Short,sarahwoodward@example.org,001-339-870-3092x454,2003-12-16,Female,"Unit 4475 Box 4096, DPO AA 99661",fba2ca4e-a6cc-46e9-b946-202cf13058ee
a4352dd5-f5f7-47d9-bcf0-8c87e3fb9044,Mary Erickson,hmcdonald@example.org,(657)304-9299,2006-11-10,Female,"2817 John Land Apt. 903, Martinezhaven, ME 85785",fba2ca4e-a6cc-46e9-b946-202cf13058ee
5ffc15de-1e39-4d9f-bdd9-c50d9c36f940,Anthony Smith,robertadams@example.com,673-336-1297x91192,2003-02-21,Female,"413 Stacey Plains Apt. 739, Wilsonburgh, NC 32609",fba2ca4e-a6cc-46e9-b946-202cf13058ee
bb4cad68-eacc-4911-aa26-5a6895cdb1ee,Stephen Welch,jaymendoza@example.net,821.674.4807x95844,2003-06-15,Male,"505 Vincent Points, Christinaside, WY 22908",fba2ca4e-a6cc-46e9-b946-202cf13058ee
1e9f4936-34a0-4482-b94e-0e1033964df4,Carolyn Hicks,nfarrell@example.org,759-520-1235,2002-06-18,Male,"8029 Smith Ramp, East Tanyaport, MI 55515",fba2ca4e-a6cc-46e9-b946-202cf13058ee
b2c6db82-0dc3-40c9-828d-a20cad952690,April Richardson,jhenson@example.org,(261)202-4100x098,2004-06-09,Female,"778 Sarah Station, Roberttown, GU 16166",fba2ca4e-a6cc-46e9-b946-202cf13058ee
89ae8983-1411-4e0d-b54f-84f7e310338d,Albert Ponce,asanders@example.org,893-782-7553,2002-09-02,Male,"12550 Dennis Meadow Suite 029, Cynthiahaven, CA 53128",fba2ca4e-a6cc-46e9-b946-202cf13058ee
fa9ba255-579e-4ce1-86fa-6a80012d9a3c,Jesse Guerra,ypark@example.net,+1-838-708-5606x071,2005-08-27,Female,"915 Guzman Lights, North Ariana, RI 78367",fba2ca4e-a6cc-46e9-b946-202cf13058ee
066d4e04-f598-4508-aa83-88dea41c7ba3,Robert Jones Jr.,henry87@example.com,923-254-9993,2003-07-13,Female,"09030 Hill Dam, New Kenneth, IN 99278",fba2ca4e-a6cc-46e9-b946-202cf13058ee
12cd699b-29b7-4c1b-b2de-8a810b53bfb8,Mr. Scott Blair IV,harmoncatherine@example.com,(790)776-6249x892,2003-09-29,Male,"316 Turner Burg, Port Ivan, MA 80855",fba2ca4e-a6cc-46e9-b946-202cf13058ee
9fb85139-86ed-4985-82f5-2ffef84da203,Anthony Bass,sarahgolden@example.com,691.240.0440,2004-01-21,Male,"30844 Campbell Mount Suite 293, Nelsonmouth, PA 58448",fba2ca4e-a6cc-46e9-b946-202cf13058ee
58da51bc-8036-4c5e-a3fe-e40189a96321,Paul Lyons,ghowe@example.org,954.625.7222,2004-06-14,Male,"602 Estrada Loop, Blakeville, SC 29893",fba2ca4e-a6cc-46e9-b946-202cf13058ee
ce7e9529-25e8-4f73-a64c-a36fd21b89a1,Kristin Kelly,elizabethstevens@example.org,+1-386-254-0249x716,2002-11-22,Female,"635 Walker Brook, Port Manuelside, NC 27266",fba2ca4e-a6cc-46e9-b946-202cf13058ee
f6cac17c-08ab-4e1b-83f9-98352d40bbfc,Mrs. Elizabeth Francis,jonesstephanie@example.org,368.677.7529,2002-08-01,Male,"6074 Douglas Rapid, Lake Rachelville, OH 07576",fba2ca4e-a6cc-46e9-b946-202cf13058ee
d2c4b956-577f-4a55-adc3-d84f5a9f5934,Suzanne Ross,wardsharon@example.org,001-949-591-1501x27180,2006-07-21,Male,"15268 Mueller Crossing, East Sophialand, MH 13044",fba2ca4e-a6cc-46e9-b946-202cf13058ee
0d0ae77d-7741-4464-9b32-bed03d543028,Victor Cline,shaun61@example.net,(587)526-3460x651,2006-03-24,Male,"611 Nguyen Glens, Huntview, ME 37027",fba2ca4e-a6cc-46e9-b946-202cf13058ee
e92dcebd-595a-4593-927e-787504499347,Kathryn Hayes,hbeck@example.org,241.355.7481x0488,2002-05-10,Male,"USNV Mcmahon, FPO AA 88755",fba2ca4e-a6cc-46e9-b946-202cf13058ee
0fbfbaef-f563-47a4-bf79-352c417a906c,Megan Miller,beardbrandon@example.com,677.892.1047x272,2006-08-20,Female,"78747 Danielle Springs Suite 075, Port Katherine, MI 07989",fba2ca4e-a6cc-46e9-b946-202cf13058ee
46020511-826b-40c3-8daa-b22873d925ea,Daniel Gutierrez,reevesadam@example.com,(625)410-4610,2005-11-03,Female,"513 Emily Junction, New Justinchester, IA 07004",fba2ca4e-a6cc-46e9-b946-202cf13058ee
e7896d5e-ef3f-4ad0-998f-8f2305b65f9f,Daniel Kelley,debra62@example.com,+1-913-817-4352,2004-11-27,Female,"9632 Jonathan Cove Suite 691, New Williamchester, AZ 40538",fba2ca4e-a6cc-46e9-b946-202cf13058ee
86dd5976-96d2-42d4-89e7-373a56bbd9cb,Miss Veronica Phelps,james30@example.com,001-642-623-2693x6348,2003-12-17,Female,"0247 Vargas Dale Apt. 139, Joshuaville, AZ 26705",fba2ca4e-a6cc-46e9-b946-202cf13058ee
665adb35-5d2c-4491-8e4d-ec7aafe7d08d,Chelsea Anderson,kenneth13@example.net,7619213563,2002-10-07,Female,"252 Chavez Square, Lake Kristina, VA 69858",fba2ca4e-a6cc-46e9-b946-202cf13058ee
476ab8e5-f656-4c9e-955b-039a9e2a07bc,Sara Jimenez,williambaker@example.com,2344950725,2002-06-22,Male,"130 Beasley Valley, Frankview, TN 90023",fba2ca4e-a6cc-46e9-b946-202cf13058ee
3445db33-7c1d-445e-8e6b-0af92d18b526,Joseph Long,jean79@example.com,001-301-653-8655x0476,2002-04-11,Male,"7527 Jamie Station Suite 843, Port Ariel, IN 07710",fba2ca4e-a6cc-46e9-b946-202cf13058ee
cda2e925-014a-4b6a-8d02-cff478eeeea5,Jason Brown,barrdavid@example.net,327-966-5789,2002-06-19,Male,"50480 Williams Groves Suite 369, East Meaganport, MH 84668",fba2ca4e-a6cc-46e9-b946-202cf13058ee
128561d5-4e44-42ad-8283-25a0cd84acea,Hannah Simmons,lynn33@example.net,+1-695-320-1902,2004-11-05,Female,"1115 Rice Junctions, Lake Cynthia, NY 29312",fba2ca4e-a6cc-46e9-b946-202cf13058ee
5689e9f2-0e4f-410c-9515-ecd1e1246b0e,Steven Griffith,dhansen@example.org,(820)228-8945x0056,2005-12-04,Female,"882 Dawn Curve, Wilkinsonton, PW 69693",fba2ca4e-a6cc-46e9-b946-202cf13058ee
260ab532-e738-4a3b-8739-aef67ea4dc66,Brian Walker,mhenderson@example.org,509.397.9253,2001-12-29,Male,"447 Andre Shore Apt. 533, Wolfside, SD 31087",fba2ca4e-a6cc-46e9-b946-202cf13058ee
0abcdfa0-ccc1-4cf1-92df-7cc950ac6370,Tyler Hogan,kimkimberly@example.net,421.698.1856,2003-11-14,Female,"1188 Johnson Plaza Suite 011, New Robert, MP 56613",fba2ca4e-a6cc-46e9-b946-202cf13058ee
97521e13-031d-4f63-aeda-b28d961e8dc4,Karen Madden,petersonjesse@example.org,001-285-252-7827x42210,2004-12-21,Male,"2224 Jonathan Squares Suite 228, Gilbertburgh, AR 39736",fba2ca4e-a6cc-46e9-b946-202cf13058ee
70747bcb-c9f1-47da-bd23-9d6b98cf6339,Andrea Carroll,michael68@example.com,5358563763,2007-05-11,Male,"61801 Denise Mews Suite 740, Jamesfort, VI 60587",fba2ca4e-a6cc-46e9-b946-202cf13058ee
80095a5e-1f3b-4f47-a423-d572b7f7361f,Miss Margaret Dickerson MD,stephanie20@example.org,(353)219-0273x25897,2004-07-30,Male,"192 Adriana Knoll Apt. 206, Port Yvonne, TN 49414",fba2ca4e-a6cc-46e9-b946-202cf13058ee
fc0dd2c8-d221-4e00-a4ff-18baac6012d9,Norman Richards,dawnwarren@example.com,422.354.2221,2003-09-18,Male,"8972 Tyler Well, Stephaniemouth, ME 88075",fba2ca4e-a6cc-46e9-b946-202cf13058ee
89a1b8c2-6394-493e-a5c6-88f1c06ef3af,Abigail Jordan,richard96@example.net,614-657-1583x334,2005-03-19,Male,"10295 Gregory Streets Suite 538, Franklinland, AK 46150",fba2ca4e-a6cc-46e9-b946-202cf13058ee
fba79e19-6998-47b7-b13a-a53f8cf30059,Julia Smith,trantrevor@example.org,+1-242-665-4376x695,2005-07-28,Male,"USNV Garcia, FPO AA 46430",fba2ca4e-a6cc-46e9-b946-202cf13058ee
85c2b3ab-f6bc-4272-9728-3771277e8b76,Ryan Johnson,jillian51@example.com,394.298.6230,2003-11-05,Female,"6592 Newton Pass, Aaronville, LA 28377",fba2ca4e-a6cc-46e9-b946-202cf13058ee
f4ddb493-feb8-43c6-9c8f-16ca59fb7ebd,Judith Fitzgerald,weaverrobert@example.org,458.371.9305x6803,2003-04-21,Male,"Unit 8897 Box 2614, DPO AE 33667",fba2ca4e-a6cc-46e9-b946-202cf13058ee
4b37e843-dc76-49cc-b383-99769040699d,Travis Roach,ggonzales@example.net,(288)321-7729,2006-02-01,Male,"94453 Jennifer Parks Suite 445, Schmidtland, WV 57017",fba2ca4e-a6cc-46e9-b946-202cf13058ee
836aa600-e1f6-46f7-b068-870bb7e9487c,Gregory Brown,sbrown@example.org,(515)340-3306,2003-09-11,Male,"546 Angel Garden, Tylerland, LA 07896",fba2ca4e-a6cc-46e9-b946-202cf13058ee
f48cba60-a3c9-4531-883d-f28684c2f698,Christine Franco,doughertyrobert@example.org,+1-324-569-7688,2003-01-20,Female,"74914 Richards Mall Suite 656, Lindamouth, CT 86518",fba2ca4e-a6cc-46e9-b946-202cf13058ee
3cf1729d-88f1-453b-a6ab-dbd0f6ad69f2,Jack Marks,bishoprobert@example.com,397.567.2428,2002-05-12,Male,"867 Harrison Knolls, North Amanda, MN 39028",fba2ca4e-a6cc-46e9-b946-202cf13058ee
60d651e2-2705-4933-aca5-f6c07bbbc98a,Jose Perkins,dlee@example.org,+1-518-708-1998x90203,2004-03-05,Female,"USS Rogers, FPO AE 91966",fba2ca4e-a6cc-46e9-b946-202cf13058ee
aa417ffa-ba7b-4721-9980-cc9f5628cf34,Joshua Fox,shawn39@example.com,(561)370-4177,2003-02-10,Female,"034 Ellis Summit, Michaelmouth, SC 32211",fba2ca4e-a6cc-46e9-b946-202cf13058ee
abc59420-b3bf-4ef2-9283-62de849b8b28,Jennifer Berry,elizabethjones@example.com,(430)674-5194x6149,2003-03-25,Male,"PSC 7787, Box 4605, APO AE 80396",fba2ca4e-a6cc-46e9-b946-202cf13058ee
d92662d3-56ed-43d0-b5e9-673ee75e4578,Anthony Alvarado,brianpeck@example.org,662.445.6566,2004-02-23,Female,"2317 Thomas Forges Suite 462, Lake Gabrielburgh, AK 55119",fba2ca4e-a6cc-46e9-b946-202cf13058ee
d23cbda0-478b-42f8-b8c1-2a34fa624b0a,Amy Morgan,victor52@example.net,(336)663-8715x24814,2004-03-20,Male,"63958 Brittany Stravenue Apt. 843, New Michaelton, HI 84213",fba2ca4e-a6cc-46e9-b946-202cf13058ee
35348d74-6454-45ae-ae27-ea04eda5e464,Tracey Knight,francisnathan@example.com,769-756-1604x00353,2002-05-14,Female,"3121 Cynthia Parks Suite 851, Stephaniehaven, WY 64310",fba2ca4e-a6cc-46e9-b946-202cf13058ee
da0c56bf-f5ca-4cf5-8114-c73084c1a507,Shane Williams,mercadoshawn@example.org,551.900.5636x3141,2003-09-02,Female,"57848 Ramirez Key, Lake Rebeccafort, AK 57820",fba2ca4e-a6cc-46e9-b946-202cf13058ee
497b6941-546a-43d1-aebb-a2344d3fdce9,Thomas Jordan,ericwatson@example.com,298-884-8254,2003-12-19,Female,"740 Robert Estate, Nguyenshire, HI 51405",fba2ca4e-a6cc-46e9-b946-202cf13058ee
c59a3c2a-5b71-4b04-a482-d79c40c802e2,Kaitlyn Benson,kimberly74@example.com,001-991-532-1846x6118,2006-08-21,Male,"155 Ashley Turnpike, Youngton, WY 28460",fba2ca4e-a6cc-46e9-b946-202cf13058ee
378db48c-5b38-4fc1-ad00-d20be445debd,Xavier Gonzalez,jonesalan@example.com,328.669.7642,2005-01-25,Male,"39137 Patrick Dale, West Jennaville, CT 10471",fba2ca4e-a6cc-46e9-b946-202cf13058ee
e81c1566-91e0-49a3-b932-6409adb6d75c,Ashley Goodman,rebecca81@example.net,389-655-5764x0914,2006-07-05,Female,"112 Henry Pass Apt. 761, Hurleyborough, PA 51422",fba2ca4e-a6cc-46e9-b946-202cf13058ee
4fddf8e6-d8fd-4650-8ed4-a7b0897c0422,Kara Shelton,lisa46@example.net,(619)322-4540,2002-06-28,Female,"7933 Frey Crescent, Josephhaven, PW 21901",fba2ca4e-a6cc-46e9-b946-202cf13058ee
67ce79bf-79ee-45b5-963d-2ae7c4ad4963,Charles Miller,andersonkimberly@example.net,465.630.5907x84463,2002-10-04,Male,"79920 Sanchez Dale, Port Brandonfort, PR 87489",fba2ca4e-a6cc-46e9-b946-202cf13058ee
17b1f9ac-4286-4b0e-9922-badcc30d550d,Ricardo Reid,jennifersanders@example.org,652-816-1847x6636,2003-04-01,Female,"675 Daniels Trafficway Suite 299, Clarketon, KS 83010",fba2ca4e-a6cc-46e9-b946-202cf13058ee
0e489e4c-c62e-4b03-8b6f-5a0fda0749d3,Matthew White,philip96@example.com,(687)741-5007,2005-06-10,Male,"63704 Susan Island Apt. 447, Brownbury, OK 85806",fba2ca4e-a6cc-46e9-b946-202cf13058ee
b351a55d-8431-48c5-a4bd-bc9c71a9c037,Pamela Golden,harrisjesse@example.com,705.929.9515x4092,2007-03-24,Male,"Unit 3312 Box 8563, DPO AA 63393",fba2ca4e-a6cc-46e9-b946-202cf13058ee
c7d966f9-1349-4412-ac47-1fa5f3dc262c,Michael Ramirez,dustin02@example.net,+1-883-401-0754x7764,2007-02-26,Female,"USNV Rowland, FPO AA 97465",fba2ca4e-a6cc-46e9-b946-202cf13058ee
348f0be6-8e95-4b15-a7e7-85d26132db10,Brian Duffy,gsimpson@example.com,001-716-600-4772x8642,2005-05-31,Male,"73309 Cantrell Locks, Rodriguezberg, NH 08692",fba2ca4e-a6cc-46e9-b946-202cf13058ee
d78eb5e0-fab9-41f2-ba40-9e8b2a20c8cc,Jason Harrison,pmcknight@example.org,686-413-1256x1408,2003-12-23,Female,"188 Villegas Well, New Bryan, IA 86649",fba2ca4e-a6cc-46e9-b946-202cf13058ee
3ad278d6-3f2b-49f2-b03f-ac28962cf353,Anthony Barnes,courtneycoleman@example.net,4863363696,2007-11-06,Female,"744 Angelica Corner Apt. 581, Marcustown, NH 85830",fba2ca4e-a6cc-46e9-b946-202cf13058ee
ba9acd2c-0b31-426b-8d77-36497f842e51,Audrey Martin,brownchristine@example.net,466.401.3903x0238,2003-06-15,Male,"6561 Wang Summit, New Jacqueline, VA 46215",fba2ca4e-a6cc-46e9-b946-202cf13058ee
c1675799-4067-4779-b548-b8458a03a754,Susan Goodwin MD,mackenzie63@example.net,001-312-563-6427x535,2004-12-18,Female,"867 Randy Wall, North Hollybury, OH 58419",fba2ca4e-a6cc-46e9-b946-202cf13058ee
9eea7266-5f7e-4593-b105-728bee569230,Anthony Stewart,moyerkaren@example.net,546-459-1160x34422,2007-06-15,Male,"6748 Beard Fort Suite 514, Dayfort, CA 74871",fba2ca4e-a6cc-46e9-b946-202cf13058ee
5b61949a-32d9-417c-88f2-8a7e6b484573,Robert Garcia,ibrown@example.org,9354755732,2004-04-26,Male,"6990 Ross Fords Apt. 637, West Ryanhaven, NC 93739",fba2ca4e-a6cc-46e9-b946-202cf13058ee
93d6ccaa-fb54-4bce-bba1-373a31fd98eb,Karen Young,bcunningham@example.com,9219543988,2007-05-15,Female,"04254 Massey Oval, Port Robinstad, NE 13190",fba2ca4e-a6cc-46e9-b946-202cf13058ee
0a8a2f3b-e546-40a4-a880-cb89aaccc3ca,Craig Mueller,ianmills@example.net,362.405.6943,2006-03-12,Female,"4304 Gregory View, New Brett, OH 42561",fba2ca4e-a6cc-46e9-b946-202cf13058ee
1102c5f9-fdfe-4be8-8010-5196a372f0ad,Tina Travis,nathan08@example.net,001-740-862-9945x7216,2007-01-26,Female,"1046 Nunez Pines Suite 966, East Stephen, PR 46720",fba2ca4e-a6cc-46e9-b946-202cf13058ee
8ff80219-45a8-4813-a0ee-faf0a70472f7,Shelley Alvarez,james47@example.org,488.632.6108x04002,2005-09-25,Female,"9476 Harding Fields Apt. 720, Port Josephside, WV 88643",fba2ca4e-a6cc-46e9-b946-202cf13058ee
1e83abaf-ffbc-40de-8caa-2e4c3672d200,Dana Gomez,william15@example.com,(361)535-3252x6016,2005-02-25,Female,"2490 Ashley Stravenue Suite 121, Henryside, TN 32884",fba2ca4e-a6cc-46e9-b946-202cf13058ee
3d682d74-2437-4748-8dd4-f92e1344d4d0,Krista Alvarez,nsimpson@example.net,001-255-364-9604x9035,2007-10-20,Male,"733 Davis Plaza Suite 739, Millerbury, NH 45030",fba2ca4e-a6cc-46e9-b946-202cf13058ee
9d9374bf-948e-4a10-bd74-83a22975d1cc,Adam Parker,fglass@example.org,(866)915-2134x0426,2005-11-18,Male,"PSC 3254, Box 0265, APO AE 74979",fba2ca4e-a6cc-46e9-b946-202cf13058ee
83f8ca96-fe91-469d-9f7b-a3359e371358,Donald Johnson,kelly19@example.net,(418)285-9586x214,2002-05-23,Female,"96424 Hines Turnpike, New Johnmouth, OH 76621",fba2ca4e-a6cc-46e9-b946-202cf13058ee
1a712bc3-44b4-4ced-8a57-afa9afed812c,Kayla Dalton,perryburke@example.com,219.790.2370x893,2006-06-12,Male,"214 Katelyn Valley, New Nicholasstad, MO 44626",fba2ca4e-a6cc-46e9-b946-202cf13058ee
9cfee2b3-7a20-4773-895e-137361e3afdf,Billy Miranda,anthonybrown@example.com,(583)869-4462x7519,2004-06-05,Male,"5243 Sims Creek, West Amy, AR 18313",fba2ca4e-a6cc-46e9-b946-202cf13058ee
a79429d2-94d5-468f-ad84-ad82748356a1,James Mckay,qpugh@example.org,(322)326-4178,2006-10-01,Female,"PSC 2694, Box 6077, APO AA 50384",fba2ca4e-a6cc-46e9-b946-202cf13058ee
32b4efb7-51ce-45ff-bc14-7cadedb93e92,Kyle Kelly,psmith@example.org,652.524.0043,2002-09-22,Female,"592 Jason Ports Suite 015, Port Lawrence, AL 10991",fba2ca4e-a6cc-46e9-b946-202cf13058ee
959c7497-88a0-4ca4-9766-41f322fcca17,Erik Bell,brenda22@example.org,3459699581,2004-05-20,Female,"2534 William Junction, North Sarahmouth, MT 13649",fba2ca4e-a6cc-46e9-b946-202cf13058ee
69b7c627-3027-40e1-9ece-cdcb7a3b056d,William Ochoa,megan67@example.org,+1-730-336-7008x50502,2006-06-15,Male,"8712 Ian Village Apt. 490, Thompsonland, NH 01647",fba2ca4e-a6cc-46e9-b946-202cf13058ee
a0ec5113-285c-4839-9a78-9dc2b66aa88b,Caitlin Hanson,arnoldronald@example.org,+1-471-360-1509,2002-07-17,Female,"427 Petty Stream, New Noah, GU 85650",fba2ca4e-a6cc-46e9-b946-202cf13058ee
6ff9f11b-3be7-42cc-8329-d9837a7861a8,Amber Duffy,cjohnson@example.com,001-708-530-7894x742,2006-04-27,Female,"50822 Vickie Station, North Amandashire, WV 82589",fba2ca4e-a6cc-46e9-b946-202cf13058ee
8e3f2671-0307-4ec0-b691-cf5ea09f31ac,Heather Wagner,james78@example.org,(436)576-4390,2002-06-23,Male,"678 Taylor Estate, Lake Neil, IA 77513",fba2ca4e-a6cc-46e9-b946-202cf13058ee
b941dfa5-2339-407b-b360-ea45d42f86d1,Jeff Collins,patrick00@example.com,+1-903-929-3091,2006-08-23,Male,"4917 Joseph Pine Suite 007, Lake Kelly, RI 44541",fba2ca4e-a6cc-46e9-b946-202cf13058ee
9821db12-c4c3-46a5-a355-fac82a8d43c5,Eric Barnes,charlesferguson@example.net,+1-705-723-3987x028,2007-01-12,Male,"948 Johnson Green Apt. 613, East Dennisstad, VA 58808",fba2ca4e-a6cc-46e9-b946-202cf13058ee
582c4cdc-e1b6-4b54-84c2-2ef09be409bd,Anna Mayer,valerie30@example.org,(720)512-3247,2006-12-20,Male,"4886 Riley Shoals Suite 096, Lunafurt, ID 72783",fba2ca4e-a6cc-46e9-b946-202cf13058ee
d7145688-6838-4275-87a3-37187c212737,Terri Campbell,david53@example.com,471-376-1907,2006-08-14,Male,"PSC 4618, Box 6442, APO AE 93219",fba2ca4e-a6cc-46e9-b946-202cf13058ee
80bcc0f5-ede9-4f30-b948-25c7e8cc91c8,Michael Fernandez,robinsonolivia@example.org,001-479-325-9635x407,2005-06-01,Male,"Unit 4886 Box 1231, DPO AE 66859",fba2ca4e-a6cc-46e9-b946-202cf13058ee
22b837bf-4c3a-4e85-a5d9-1a1b9be64394,Zachary Johnson,dianecurtis@example.net,+1-339-852-9169,2007-05-04,Male,"468 Philip Mountains Apt. 841, Port Javierberg, UT 11577",fba2ca4e-a6cc-46e9-b946-202cf13058ee
cec8696d-6201-4f13-8fd9-812add71aff1,Cynthia Obrien,david29@example.net,845-925-5138,2005-05-23,Male,"5764 Sims Hollow, Ryanland, LA 69700",fba2ca4e-a6cc-46e9-b946-202cf13058ee
d1b95595-5946-4bd4-84b4-9017a8ebd631,Robert Hayes,washingtonkatie@example.net,001-751-921-7926x416,2007-07-29,Male,"07094 Forbes Field, New Jon, MA 12844",fba2ca4e-a6cc-46e9-b946-202cf13058ee
52176f2b-630c-42d4-862c-03abe1ad2f4f,James Liu,edwardsdenise@example.net,001-583-537-0835x053,2007-07-15,Male,"7060 Michelle Mountain Apt. 442, Johnsonside, WV 54133",fba2ca4e-a6cc-46e9-b946-202cf13058ee
75192c94-3090-4fbd-847e-4192ea935bc3,Dr. Robert Short,porterjoel@example.org,282.648.4633x835,2002-06-15,Male,"406 Bethany Mews Suite 925, Lake Josephton, SD 95698",fba2ca4e-a6cc-46e9-b946-202cf13058ee
fa7f3d1f-1b45-4704-a1a1-aa773b2f0a73,Jeffrey Burns,edwardsdonald@example.net,001-696-232-3101,2007-03-24,Male,"58152 Amanda Well Suite 913, North Gabriela, DE 10733",fba2ca4e-a6cc-46e9-b946-202cf13058ee
c00c5868-82df-47a9-8f58-db2660402683,Christina Williams,douglas62@example.com,001-545-698-5520x071,2004-05-10,Male,"91605 Forbes Prairie, Port Thomas, ND 22377",fba2ca4e-a6cc-46e9-b946-202cf13058ee
efa227bf-5620-4f38-a2be-8d7e514c526a,Marissa Perry,staceybrown@example.com,001-290-380-8154x70654,2005-09-07,Female,"79486 Cherry Valleys, Port Christianhaven, HI 02836",fba2ca4e-a6cc-46e9-b946-202cf13058ee
08df9c72-feb0-4ec1-acca-4b600db5ac0f,Teresa Lopez,vsteele@example.net,783.892.5730,2007-05-06,Male,"754 Michael Course Apt. 028, Lake Amberchester, MO 47041",fba2ca4e-a6cc-46e9-b946-202cf13058ee
8a44d8a4-f274-4ccc-ac13-440a40858650,Jordan Wheeler,kenneth82@example.net,+1-212-354-4576,2004-12-16,Female,"280 Wade Wall, Howellmouth, IL 29455",fba2ca4e-a6cc-46e9-b946-202cf13058ee
f8f46d16-b3b2-4706-b380-1ff63a2e927f,Christopher Rodriguez,freeves@example.org,872-569-9656x10928,2003-07-04,Male,"7933 Russell Dam, New Rodneychester, NC 24539",fba2ca4e-a6cc-46e9-b946-202cf13058ee
232b9c03-8117-4f46-8aa8-71eb9248abf5,Jason Castillo,brian48@example.com,+1-728-481-7327,2006-02-26,Male,"011 Brown Pines Suite 785, Port Jonathanside, IL 24683",fba2ca4e-a6cc-46e9-b946-202cf13058ee
522c4436-c3e2-4c12-983c-8db33ff0bde2,Julie Hughes,jasonadkins@example.com,592.508.2377,2004-11-29,Female,"98225 Troy Springs, Reneemouth, KY 61487",fba2ca4e-a6cc-46e9-b946-202cf13058ee
d3ac1568-9b7f-446f-9086-f461f76bbb5d,Michael Choi,palmeramanda@example.com,(204)427-9930x999,2004-06-02,Female,"30076 Gary Prairie, Wallberg, GU 28733",fba2ca4e-a6cc-46e9-b946-202cf13058ee
1fb7bd13-e194-4bab-8efc-957f8f14c235,Brittney Flores,jane79@example.net,460-259-6940x13855,2005-03-10,Female,"205 Snyder Forge Suite 883, Lake Maurice, KS 81022",fba2ca4e-a6cc-46e9-b946-202cf13058ee
28108196-dae5-4fc5-ae57-4a58d12c32b4,Clinton Owens,jacobmartinez@example.net,(721)915-7944x20099,2004-05-24,Male,"22499 Carroll Forest Apt. 614, North Amandatown, MS 66933",fba2ca4e-a6cc-46e9-b946-202cf13058ee
b3b73401-0b3f-4318-ab99-7f2194d65760,James Byrd,colonjohn@example.org,(805)738-2572x6464,2001-12-31,Female,"289 Smith View, Port Charlesport, FM 64493",fba2ca4e-a6cc-46e9-b946-202cf13058ee
2f41cfa7-dd92-43b4-a34f-4c775b84122b,Nicholas Newman,sullivanmichael@example.com,569-202-3890x8589,2003-02-05,Female,"29323 Nguyen Falls, Ryanburgh, MH 77186",fba2ca4e-a6cc-46e9-b946-202cf13058ee
af4ac983-b135-4f26-8921-e851370b575d,Christopher Marsh,davidsonkimberly@example.net,567.252.4264x6360,2006-08-20,Female,"USNV Kaiser, FPO AP 97108",fba2ca4e-a6cc-46e9-b946-202cf13058ee
9c528a9a-2c70-4b80-887f-c2df847db842,Jeffery Mahoney,ymorrison@example.org,+1-218-279-0520x468,2005-02-20,Male,"32388 Thomas Stream Apt. 434, South Austinton, MH 19910",fba2ca4e-a6cc-46e9-b946-202cf13058ee
03609cac-aec7-4842-b60f-9d40359bd4a7,Patricia Pierce,rossrichard@example.com,416-898-1417x246,2005-12-09,Female,"207 Hunter Loop, East Ronaldborough, PR 27228",fba2ca4e-a6cc-46e9-b946-202cf13058ee
82df1d1d-b8ae-4ba3-9baf-395548055153,Kelli Hodge,isaac48@example.org,503-933-1710x95277,2005-02-19,Female,"792 Michelle Village, Taylortown, CA 61337",fba2ca4e-a6cc-46e9-b946-202cf13058ee
2b82b8e7-fb96-425f-9213-3be278546629,William Rodriguez,buckrichard@example.org,407.258.6383x46836,2002-01-24,Male,"2063 Timothy Point, Matthewhaven, KY 53367",fba2ca4e-a6cc-46e9-b946-202cf13058ee
5367ed44-0da2-40ac-a5b2-275b11419b76,Carlos Walters,ngregory@example.com,+1-397-822-1817x80634,2006-02-03,Female,"63366 Sandra Avenue, Port Eric, PW 88792",fba2ca4e-a6cc-46e9-b946-202cf13058ee
a8e1464c-a341-4fb5-accf-3b641fbf5b76,Derrick White,nelsonjose@example.com,(612)228-0116x3417,2005-05-05,Male,"61915 Alexis Locks, Paulview, AL 98292",fba2ca4e-a6cc-46e9-b946-202cf13058ee
48bb5879-7851-4758-b860-b5ee8882e0da,Madison Jackson,cohensandra@example.org,924.718.5772,2003-11-13,Male,"372 Warren Center, Wolfview, WA 40425",fba2ca4e-a6cc-46e9-b946-202cf13058ee
444e68fa-2872-4dbc-b650-67eccd0bde1c,Thomas Armstrong,breweramber@example.com,(806)232-3904x82358,2003-11-30,Male,"9041 Roberts Loaf Suite 950, Port John, MH 59020",fba2ca4e-a6cc-46e9-b946-202cf13058ee
d79e2e8a-09eb-4699-9385-b65a8003f139,Chad Gonzales,rtrevino@example.net,965-866-0165,2006-05-12,Female,"551 Martin Circle Apt. 888, Lindamouth, WI 58079",fba2ca4e-a6cc-46e9-b946-202cf13058ee
f46cc870-32ed-4ef7-b3aa-cad9e6f50aae,Kiara Anderson,laurenrowe@example.org,812-290-9043x98745,2003-03-20,Female,"04195 Baldwin Mills Suite 103, North Christopherbury, OR 27623",fba2ca4e-a6cc-46e9-b946-202cf13058ee
d98e137a-ca01-4cbf-b05d-89f242d73e93,Tanya Little,kpowell@example.net,+1-899-343-4140x10530,2003-10-03,Female,"82495 Olsen Path, Chrisside, MH 13451",fba2ca4e-a6cc-46e9-b946-202cf13058ee
1910f05a-4dec-4c13-9cb7-894bb3a24fce,Kelly Miller,christophersherman@example.net,+1-878-550-8933,2002-08-03,Female,"58486 Sarah Islands, Lake Julia, AK 69170",fba2ca4e-a6cc-46e9-b946-202cf13058ee
4b75c123-ac27-44f4-8ffb-3f7a442027b7,Philip Campbell,amandanielsen@example.net,788.590.3565x30086,2004-04-01,Female,"USCGC Willis, FPO AP 51004",fba2ca4e-a6cc-46e9-b946-202cf13058ee
2dcf22ff-5864-4110-be2a-b66d44435e95,Autumn Jones,igarcia@example.net,(456)812-6924x71903,2004-08-19,Male,"387 Potter Isle, Melindaville, MH 93970",fba2ca4e-a6cc-46e9-b946-202cf13058ee
6953a9a2-be12-4871-8909-1ff9bf7dbf3a,Brady Brown,christinesmith@example.com,428.440.5325x24995,2002-08-24,Male,"7292 Valenzuela Centers, Johnsonside, IL 98373",fba2ca4e-a6cc-46e9-b946-202cf13058ee
22dd2813-2556-456a-81ba-80e0d586f06e,Crystal Mills,morrismelissa@example.org,757.251.3193,2004-08-04,Female,"8237 Dixon Springs, Port Ann, DE 25805",fba2ca4e-a6cc-46e9-b946-202cf13058ee
ef125f22-8298-477b-bb7b-57d85648256c,Mr. Shaun Hayes,lauren68@example.com,4013208570,2003-07-23,Male,"PSC 4746, Box 1680, APO AA 48606",fba2ca4e-a6cc-46e9-b946-202cf13058ee
8753fda5-a180-4ca9-bf58-08119570420a,Barbara Preston,shannon02@example.net,980.860.7806x78055,2007-10-04,Male,"53835 Julia Harbors, Paulland, KY 13532",fba2ca4e-a6cc-46e9-b946-202cf13058ee
dd3a2b38-b78d-4738-bb6c-8a9c6a340b70,Mrs. Michelle Mora,rreeves@example.net,001-602-586-3521,2004-09-05,Male,"3858 Jacob Plains Apt. 128, New Daleville, PR 55103",fba2ca4e-a6cc-46e9-b946-202cf13058ee
8b8328d5-aa77-497a-af4f-e038866e5303,Jonathan Fisher,acevedoangie@example.net,5943677261,2007-04-15,Male,"0831 Anna Fall Apt. 054, Lake John, PA 10113",fba2ca4e-a6cc-46e9-b946-202cf13058ee
faed31b7-4176-4210-b198-bda4e2bda78b,Tina Hanson,kimberly15@example.com,001-249-893-1719x23603,2007-08-29,Male,"2802 John Vista Suite 943, East Davidberg, KY 99603",fba2ca4e-a6cc-46e9-b946-202cf13058ee
7775db12-2a7e-4bf6-97f9-4280ab778039,Julie Moore,rebeccarichard@example.net,+1-544-385-0492x70935,2004-06-06,Female,"957 Susan Burgs Apt. 984, Michaelville, IN 21204",fba2ca4e-a6cc-46e9-b946-202cf13058ee
6e568ab6-751b-4fbe-8914-6eb9586a7df3,Bryan Lopez,ahughes@example.com,281-830-7939x8005,2005-09-21,Male,"13791 Shannon Flat, New Diana, MD 40787",fba2ca4e-a6cc-46e9-b946-202cf13058ee
2edc3161-cb68-4384-a701-be3da5194e6b,Joshua Perez,anita16@example.com,(684)246-9801,2005-10-01,Female,"9016 Aaron Cliffs Apt. 246, Davisfort, RI 53549",fba2ca4e-a6cc-46e9-b946-202cf13058ee
37d9b1ae-2a51-40da-9e2d-6127465e026a,Misty Glover,wilsonmarcus@example.com,001-929-638-4301x736,2007-10-16,Female,"34686 Marie Divide Suite 304, New Kayla, PR 83060",fba2ca4e-a6cc-46e9-b946-202cf13058ee
fbf6c166-54b6-49ec-8fb3-2e91791a9d8d,Calvin Davis,wyattoscar@example.net,+1-764-458-6145x37884,2004-09-10,Female,"8369 Williamson Lodge Suite 083, New Teresa, TN 04283",fba2ca4e-a6cc-46e9-b946-202cf13058ee
21673246-671e-40f8-84ed-54bbaa213477,Kelly Nash,smithrandy@example.org,343.906.1293x285,2003-11-19,Male,"36993 John Rest Suite 693, Garytown, OH 71870",fba2ca4e-a6cc-46e9-b946-202cf13058ee
86289b20-9f98-44c0-bd30-23fcd49b7eba,Paula Santana,anna04@example.com,+1-409-843-3918x543,2003-05-26,Male,"1036 Courtney Valleys Apt. 263, Rodneyhaven, NC 09386",fba2ca4e-a6cc-46e9-b946-202cf13058ee
f1791d0c-b6fa-4e36-802e-e9dae8bff030,Morgan Moore,ethanmcdaniel@example.com,989-561-4596x93815,2004-07-19,Male,"2201 Matthew Manor Suite 493, Lake Williamside, DC 09809",fba2ca4e-a6cc-46e9-b946-202cf13058ee
b2e4bfa0-a569-414b-97e8-2977992cef07,Jason Holt,toddkirk@example.net,+1-902-685-4764x806,2004-05-25,Male,"011 Wolf Trafficway, Williamsfort, NE 40572",fba2ca4e-a6cc-46e9-b946-202cf13058ee
57aa2b47-aa29-471e-9f11-89a8413f1325,Nancy Moss,timothy49@example.com,+1-928-737-8921,2005-01-20,Male,"PSC 5420, Box 9538, APO AA 76264",fba2ca4e-a6cc-46e9-b946-202cf13058ee
5faf2a95-f2ad-4f6a-a6f4-74c2f595304b,Julie Stevens,jaclyn53@example.com,(570)522-8104x019,2007-02-25,Female,"01492 Peterson Plaza, Austinmouth, VT 69451",fba2ca4e-a6cc-46e9-b946-202cf13058ee
0ce0dd35-408c-4af4-b31f-58d94bb11bda,Gregory Williams,kbrennan@example.org,735.389.8980,2004-06-03,Female,"156 Smith Oval, Brianview, TN 36844",fba2ca4e-a6cc-46e9-b946-202cf13058ee
dd3d2a7d-5ec3-4fcc-a6aa-cc840ab27274,Robert Morris,justinfox@example.net,249-542-4636,2006-03-15,Male,"036 Mindy Alley, Millermouth, NM 69547",fba2ca4e-a6cc-46e9-b946-202cf13058ee
ec4c07aa-3012-44ea-89a2-1ca53403da7f,Nicholas Cole,gibbsrichard@example.com,837.551.7432,2005-09-13,Male,"86100 Ford Streets, Michaelberg, NV 11087",fba2ca4e-a6cc-46e9-b946-202cf13058ee
c1ce561b-592d-47a8-a02a-4dc5c8b96b46,Tammy Owens,sharon96@example.net,+1-524-735-7200x6960,2005-01-06,Male,"796 Grant Court, Russellbury, MN 15353",fba2ca4e-a6cc-46e9-b946-202cf13058ee
4c1d6d3d-f405-4372-903c-9361aef8fdef,Jamie Spence,jking@example.com,+1-335-722-5489x9412,2004-08-30,Male,"06588 Nicole Port, South Valerie, IN 88721",fba2ca4e-a6cc-46e9-b946-202cf13058ee
14326f07-45ab-48d8-ad56-3bfb8ed25e0f,Dorothy Johnson PhD,mcdonaldcharles@example.net,+1-998-977-5823x513,2002-10-31,Male,"93822 Jones Branch Suite 046, South Jeffreymouth, LA 62883",fba2ca4e-a6cc-46e9-b946-202cf13058ee
a7da1f88-5f30-48f9-bba1-8f024a4d4653,Megan Velazquez,christinegibson@example.com,+1-207-920-3462x156,2006-01-29,Female,"Unit 1178 Box 6104, DPO AA 43135",fba2ca4e-a6cc-46e9-b946-202cf13058ee
1a6f6886-39ec-4739-86c3-e2fa1735849f,Jessica Williams,lewiscrystal@example.org,+1-842-692-6852x0137,2006-07-09,Male,"USNV Contreras, FPO AP 01150",fba2ca4e-a6cc-46e9-b946-202cf13058ee
24fa1aed-4b64-4140-9bcd-3e9ba701d22c,Anthony Sexton,william05@example.net,+1-269-606-1413x54409,2007-01-17,Male,"04353 Meghan Path, Pennyshire, VT 88740",fba2ca4e-a6cc-46e9-b946-202cf13058ee
23101779-dfb1-4b16-91c5-b8a7118b7c25,Emily Moran,boyddavid@example.org,826-379-0150x6817,2003-04-17,Female,"679 Nichols Fork, Atkinsside, CT 90753",fba2ca4e-a6cc-46e9-b946-202cf13058ee
32c9cfe1-c60f-4bc8-b4b4-cb180f1b9242,Brittany Campos,twebb@example.com,(315)638-5438x657,2004-11-15,Male,"USNV Long, FPO AE 84018",fba2ca4e-a6cc-46e9-b946-202cf13058ee
a8ce932d-992f-4a92-9755-e7eb20374d2f,Mary Rodriguez,stephanie04@example.com,+1-207-378-4562x6753,2007-05-07,Male,"8498 Jesse Isle, Zunigaville, IL 36070",fba2ca4e-a6cc-46e9-b946-202cf13058ee
3e76c81f-618c-429d-bfc6-6e9c8cb271d8,Paul Rodriguez,reesejason@example.com,(246)731-6265x22407,2004-10-05,Male,"Unit 6730 Box 1846, DPO AA 99643",fba2ca4e-a6cc-46e9-b946-202cf13058ee
90075d7a-0051-4623-a0f8-548875476cad,Cory Simmons,bethperez@example.net,650-468-3889,2004-02-03,Male,"182 Norris Ford Suite 433, East Christopher, CO 91895",fba2ca4e-a6cc-46e9-b946-202cf13058ee
f7603bb1-7e9c-4dc5-8266-f05f72715b62,Ann Jordan,joshuabonilla@example.com,(301)595-6459x44194,2006-02-04,Male,"744 Jeremy Parkway Suite 931, Douglaston, LA 40292",fba2ca4e-a6cc-46e9-b946-202cf13058ee
0b238d18-91b0-4f0e-89e3-f15d160cc629,Tonya Vincent,darlene23@example.net,001-645-221-6586x4099,2005-08-13,Female,"83434 Danielle Coves Apt. 214, Tracishire, CO 85583",fba2ca4e-a6cc-46e9-b946-202cf13058ee
16412f99-afdb-4b94-a96f-835e889421c9,Zachary Edwards,mcmahonrose@example.net,736-628-3466x136,2002-02-09,Male,"74091 Susan Freeway, Beanhaven, CA 51384",fba2ca4e-a6cc-46e9-b946-202cf13058ee
6ea1d3f0-e436-4382-a733-f40214bf09a1,Carmen Smith,bergamber@example.com,294-808-5031x03605,2007-10-12,Male,"4773 Michael Cliffs Apt. 301, Nicolemouth, ID 02329",fba2ca4e-a6cc-46e9-b946-202cf13058ee
8a650e54-f9a3-4eba-ba4f-5c24b578bbc1,Mr. Anthony Ramos,amberbrown@example.com,+1-446-401-8532x46125,2004-06-10,Male,"USCGC Parker, FPO AP 63646",fba2ca4e-a6cc-46e9-b946-202cf13058ee
eee41676-8b6c-4766-8231-c6fbc86119ea,Stephanie Obrien,sampsonteresa@example.net,579-454-6889,2006-03-26,Male,"3174 Allen Pass Apt. 001, Annefort, AL 22510",fba2ca4e-a6cc-46e9-b946-202cf13058ee
b92ab969-cf9e-47eb-9a96-d564089adf92,Sandra Nolan,smithchristopher@example.org,+1-750-269-1061,2005-08-26,Male,"USCGC Weber, FPO AA 09419",fba2ca4e-a6cc-46e9-b946-202cf13058ee
61862f62-649f-464b-b240-d0f66eb608ba,Victoria Jordan,george66@example.com,668-550-3047,2002-01-04,Male,"440 Sims Rest, Rebeccaview, TX 85879",fba2ca4e-a6cc-46e9-b946-202cf13058ee
a526903b-178c-4066-b4b6-b97534618869,Eric Humphrey,thomaswalter@example.net,+1-696-515-6228x3718,2002-04-25,Male,"465 Haynes Parkway, Lake Cynthiaport, FL 72427",fba2ca4e-a6cc-46e9-b946-202cf13058ee
56f6fe42-f90b-4ca8-b264-98e6a7ba25f8,Harry Roth,rmiller@example.org,(328)228-3337,2003-11-18,Male,"905 Linda Creek Suite 527, East Michael, GU 24127",fba2ca4e-a6cc-46e9-b946-202cf13058ee
1cb3dd75-8678-437d-bbbb-1ee4644e7817,Veronica Patrick,ashley21@example.net,(864)255-3393x13819,2003-11-07,Male,"300 Ian Flat Suite 191, East Carla, NM 77255",fba2ca4e-a6cc-46e9-b946-202cf13058ee
67634b4e-a129-4fc4-8bc1-f4a47ef9d6f2,John Russell,samantha19@example.net,(412)613-3544,2005-07-23,Male,"763 Jason Court, Sethview, VA 15606",fba2ca4e-a6cc-46e9-b946-202cf13058ee
f1fa9ec5-1fc6-4288-a02c-c15125990d7b,Sarah Holmes,lucasadrian@example.net,(662)681-3053x0724,2002-07-29,Female,"00329 Jimenez Common, West Miatown, WV 11040",fba2ca4e-a6cc-46e9-b946-202cf13058ee
4c0b92cc-e2dd-4a32-9d14-9383264e6ece,Karen Snyder,mary34@example.net,+1-892-581-5895,2006-11-24,Male,"058 Mark Drives, West Rachael, MO 04388",fba2ca4e-a6cc-46e9-b946-202cf13058ee
93824d5f-5413-4456-8e83-fa5fb081bf0b,Tonya Smith,benjaminvaughn@example.net,(432)775-7484,2007-01-27,Female,"1997 Hannah Path Suite 214, East Victoria, TN 68563",fba2ca4e-a6cc-46e9-b946-202cf13058ee
b5c32612-b0c1-4ae2-9040-d0f18821018c,Debra Adams DVM,johncurtis@example.org,+1-422-922-5678x85592,2005-11-14,Male,"691 Andrew Gardens, East Jenniferfort, PA 13617",fba2ca4e-a6cc-46e9-b946-202cf13058ee
87578fdf-d7c1-4b6e-8e21-41efa143369c,Monica Obrien,victoria42@example.com,+1-398-959-0747x28792,2003-06-04,Female,"483 Contreras Dam, Crystalchester, OR 60274",fba2ca4e-a6cc-46e9-b946-202cf13058ee
a9fb4bd6-dfb5-4466-82d5-7a3a533c7aa1,Timothy Caldwell,campbellmelvin@example.com,001-370-760-5613x031,2004-07-05,Male,"9713 Maureen Isle Suite 136, Martinezside, AR 19735",fba2ca4e-a6cc-46e9-b946-202cf13058ee
2dd68460-20f4-41da-98d6-e03cde916da4,Sabrina Hess,elizabethwright@example.com,(983)430-4517x1459,2004-06-08,Female,"549 Fernandez Station Suite 433, Johnsonside, TN 64172",fba2ca4e-a6cc-46e9-b946-202cf13058ee
b11ccc49-683c-472e-b727-66ff1207eb06,Charles Lee,lfrey@example.net,419.973.3078x022,2007-02-25,Female,"USS Kim, FPO AE 29066",fba2ca4e-a6cc-46e9-b946-202cf13058ee
9bfeffb9-d159-48f6-91a6-ab8dc6342bde,Michael Velazquez,kmorgan@example.com,(564)423-0417,2002-05-23,Male,"8501 Palmer Forest Suite 698, Shaneside, IN 30865",fba2ca4e-a6cc-46e9-b946-202cf13058ee
